ecm_run: GROUP_MOTION (4 slave, 65572 byte IOmap), GROUP_IO (4 slave, 131108 byte IOmap)
ecm_run: expected WKC -- motion=12 io=12
ecm_run: all slaves in OPERATIONAL. Starting cyclic loop (base tick = 1000 us, IO every 8 ticks).
ecm_run: no further stderr output until the loop ends -- see file header for why.

=== Per-second progress (3600 snapshot(s), printed after loop exit) ===
-- tick=1000 -- motion: cycles=1000 mismatch=0 overrun=0 | io: cycles=125 mismatch=0 overrun=0
-- tick=2000 -- motion: cycles=2000 mismatch=0 overrun=0 | io: cycles=250 mismatch=0 overrun=0
-- tick=3000 -- motion: cycles=3000 mismatch=0 overrun=0 | io: cycles=375 mismatch=0 overrun=0
-- tick=4000 -- motion: cycles=4000 mismatch=0 overrun=0 | io: cycles=500 mismatch=0 overrun=0
-- tick=5000 -- motion: cycles=5000 mismatch=0 overrun=0 | io: cycles=625 mismatch=0 overrun=0
-- tick=6000 -- motion: cycles=6000 mismatch=0 overrun=0 | io: cycles=750 mismatch=0 overrun=0
-- tick=7000 -- motion: cycles=7000 mismatch=0 overrun=0 | io: cycles=875 mismatch=0 overrun=0
-- tick=8000 -- motion: cycles=8000 mismatch=0 overrun=0 | io: cycles=1000 mismatch=0 overrun=0
-- tick=9000 -- motion: cycles=9000 mismatch=0 overrun=0 | io: cycles=1125 mismatch=0 overrun=0
-- tick=10000 -- motion: cycles=10000 mismatch=0 overrun=0 | io: cycles=1250 mismatch=0 overrun=0
-- tick=11000 -- motion: cycles=11000 mismatch=0 overrun=0 | io: cycles=1375 mismatch=0 overrun=0
-- tick=12000 -- motion: cycles=12000 mismatch=0 overrun=0 | io: cycles=1500 mismatch=0 overrun=0
-- tick=13000 -- motion: cycles=13000 mismatch=0 overrun=0 | io: cycles=1625 mismatch=0 overrun=0
-- tick=14000 -- motion: cycles=14000 mismatch=0 overrun=0 | io: cycles=1750 mismatch=0 overrun=0
-- tick=15000 -- motion: cycles=15000 mismatch=0 overrun=0 | io: cycles=1875 mismatch=0 overrun=0
-- tick=16000 -- motion: cycles=16000 mismatch=0 overrun=0 | io: cycles=2000 mismatch=0 overrun=0
-- tick=17000 -- motion: cycles=17000 mismatch=0 overrun=0 | io: cycles=2125 mismatch=0 overrun=0
-- tick=18000 -- motion: cycles=18000 mismatch=0 overrun=0 | io: cycles=2250 mismatch=0 overrun=0
-- tick=19000 -- motion: cycles=19000 mismatch=0 overrun=0 | io: cycles=2375 mismatch=0 overrun=0
-- tick=20000 -- motion: cycles=20000 mismatch=0 overrun=0 | io: cycles=2500 mismatch=0 overrun=0
-- tick=21000 -- motion: cycles=21000 mismatch=0 overrun=0 | io: cycles=2625 mismatch=0 overrun=0
-- tick=22000 -- motion: cycles=22000 mismatch=0 overrun=0 | io: cycles=2750 mismatch=0 overrun=0
-- tick=23000 -- motion: cycles=23000 mismatch=0 overrun=0 | io: cycles=2875 mismatch=0 overrun=0
-- tick=24000 -- motion: cycles=24000 mismatch=0 overrun=0 | io: cycles=3000 mismatch=0 overrun=0
-- tick=25000 -- motion: cycles=25000 mismatch=0 overrun=0 | io: cycles=3125 mismatch=0 overrun=0
-- tick=26000 -- motion: cycles=26000 mismatch=0 overrun=0 | io: cycles=3250 mismatch=0 overrun=0
-- tick=27000 -- motion: cycles=27000 mismatch=0 overrun=0 | io: cycles=3375 mismatch=0 overrun=0
-- tick=28000 -- motion: cycles=28000 mismatch=0 overrun=0 | io: cycles=3500 mismatch=0 overrun=0
-- tick=29000 -- motion: cycles=29000 mismatch=0 overrun=0 | io: cycles=3625 mismatch=0 overrun=0
-- tick=30000 -- motion: cycles=30000 mismatch=0 overrun=0 | io: cycles=3750 mismatch=0 overrun=0
-- tick=31000 -- motion: cycles=31000 mismatch=0 overrun=0 | io: cycles=3875 mismatch=0 overrun=0
-- tick=32000 -- motion: cycles=32000 mismatch=0 overrun=0 | io: cycles=4000 mismatch=0 overrun=0
-- tick=33000 -- motion: cycles=33000 mismatch=0 overrun=0 | io: cycles=4125 mismatch=0 overrun=0
-- tick=34000 -- motion: cycles=34000 mismatch=0 overrun=0 | io: cycles=4250 mismatch=0 overrun=0
-- tick=35000 -- motion: cycles=35000 mismatch=0 overrun=0 | io: cycles=4375 mismatch=0 overrun=0
-- tick=36000 -- motion: cycles=36000 mismatch=0 overrun=0 | io: cycles=4500 mismatch=0 overrun=0
-- tick=37000 -- motion: cycles=37000 mismatch=0 overrun=0 | io: cycles=4625 mismatch=0 overrun=0
-- tick=38000 -- motion: cycles=38000 mismatch=0 overrun=0 | io: cycles=4750 mismatch=0 overrun=0
-- tick=39000 -- motion: cycles=39000 mismatch=0 overrun=0 | io: cycles=4875 mismatch=0 overrun=0
-- tick=40000 -- motion: cycles=40000 mismatch=0 overrun=0 | io: cycles=5000 mismatch=0 overrun=0
-- tick=41000 -- motion: cycles=41000 mismatch=0 overrun=0 | io: cycles=5125 mismatch=0 overrun=0
-- tick=42000 -- motion: cycles=42000 mismatch=0 overrun=0 | io: cycles=5250 mismatch=0 overrun=0
-- tick=43000 -- motion: cycles=43000 mismatch=0 overrun=0 | io: cycles=5375 mismatch=0 overrun=0
-- tick=44000 -- motion: cycles=44000 mismatch=0 overrun=0 | io: cycles=5500 mismatch=0 overrun=0
-- tick=45000 -- motion: cycles=45000 mismatch=0 overrun=0 | io: cycles=5625 mismatch=0 overrun=0
-- tick=46000 -- motion: cycles=46000 mismatch=0 overrun=0 | io: cycles=5750 mismatch=0 overrun=0
-- tick=47000 -- motion: cycles=47000 mismatch=0 overrun=0 | io: cycles=5875 mismatch=0 overrun=0
-- tick=48000 -- motion: cycles=48000 mismatch=0 overrun=0 | io: cycles=6000 mismatch=0 overrun=0
-- tick=49000 -- motion: cycles=49000 mismatch=0 overrun=0 | io: cycles=6125 mismatch=0 overrun=0
-- tick=50000 -- motion: cycles=50000 mismatch=0 overrun=0 | io: cycles=6250 mismatch=0 overrun=0
-- tick=51000 -- motion: cycles=51000 mismatch=0 overrun=0 | io: cycles=6375 mismatch=0 overrun=0
-- tick=52000 -- motion: cycles=52000 mismatch=0 overrun=0 | io: cycles=6500 mismatch=0 overrun=0
-- tick=53000 -- motion: cycles=53000 mismatch=0 overrun=0 | io: cycles=6625 mismatch=0 overrun=0
-- tick=54000 -- motion: cycles=54000 mismatch=0 overrun=0 | io: cycles=6750 mismatch=0 overrun=0
-- tick=55000 -- motion: cycles=55000 mismatch=0 overrun=0 | io: cycles=6875 mismatch=0 overrun=0
-- tick=56000 -- motion: cycles=56000 mismatch=0 overrun=0 | io: cycles=7000 mismatch=0 overrun=0
-- tick=57000 -- motion: cycles=57000 mismatch=0 overrun=0 | io: cycles=7125 mismatch=0 overrun=0
-- tick=58000 -- motion: cycles=58000 mismatch=0 overrun=0 | io: cycles=7250 mismatch=0 overrun=0
-- tick=59000 -- motion: cycles=59000 mismatch=0 overrun=0 | io: cycles=7375 mismatch=0 overrun=0
-- tick=60000 -- motion: cycles=60000 mismatch=0 overrun=0 | io: cycles=7500 mismatch=0 overrun=0
-- tick=61000 -- motion: cycles=61000 mismatch=0 overrun=0 | io: cycles=7625 mismatch=0 overrun=0
-- tick=62000 -- motion: cycles=62000 mismatch=0 overrun=0 | io: cycles=7750 mismatch=0 overrun=0
-- tick=63000 -- motion: cycles=63000 mismatch=0 overrun=0 | io: cycles=7875 mismatch=0 overrun=0
-- tick=64000 -- motion: cycles=64000 mismatch=0 overrun=0 | io: cycles=8000 mismatch=0 overrun=0
-- tick=65000 -- motion: cycles=65000 mismatch=0 overrun=0 | io: cycles=8125 mismatch=0 overrun=0
-- tick=66000 -- motion: cycles=66000 mismatch=0 overrun=0 | io: cycles=8250 mismatch=0 overrun=0
-- tick=67000 -- motion: cycles=67000 mismatch=0 overrun=0 | io: cycles=8375 mismatch=0 overrun=0
-- tick=68000 -- motion: cycles=68000 mismatch=0 overrun=0 | io: cycles=8500 mismatch=0 overrun=0
-- tick=69000 -- motion: cycles=69000 mismatch=0 overrun=0 | io: cycles=8625 mismatch=0 overrun=0
-- tick=70000 -- motion: cycles=70000 mismatch=0 overrun=0 | io: cycles=8750 mismatch=0 overrun=0
-- tick=71000 -- motion: cycles=71000 mismatch=0 overrun=0 | io: cycles=8875 mismatch=0 overrun=0
-- tick=72000 -- motion: cycles=72000 mismatch=0 overrun=0 | io: cycles=9000 mismatch=0 overrun=0
-- tick=73000 -- motion: cycles=73000 mismatch=0 overrun=0 | io: cycles=9125 mismatch=0 overrun=0
-- tick=74000 -- motion: cycles=74000 mismatch=0 overrun=0 | io: cycles=9250 mismatch=0 overrun=0
-- tick=75000 -- motion: cycles=75000 mismatch=0 overrun=0 | io: cycles=9375 mismatch=0 overrun=0
-- tick=76000 -- motion: cycles=76000 mismatch=0 overrun=0 | io: cycles=9500 mismatch=0 overrun=0
-- tick=77000 -- motion: cycles=77000 mismatch=0 overrun=0 | io: cycles=9625 mismatch=0 overrun=0
-- tick=78000 -- motion: cycles=78000 mismatch=0 overrun=0 | io: cycles=9750 mismatch=0 overrun=0
-- tick=79000 -- motion: cycles=79000 mismatch=0 overrun=0 | io: cycles=9875 mismatch=0 overrun=0
-- tick=80000 -- motion: cycles=80000 mismatch=0 overrun=0 | io: cycles=10000 mismatch=0 overrun=0
-- tick=81000 -- motion: cycles=81000 mismatch=0 overrun=0 | io: cycles=10125 mismatch=0 overrun=0
-- tick=82000 -- motion: cycles=82000 mismatch=0 overrun=0 | io: cycles=10250 mismatch=0 overrun=0
-- tick=83000 -- motion: cycles=83000 mismatch=0 overrun=0 | io: cycles=10375 mismatch=0 overrun=0
-- tick=84000 -- motion: cycles=84000 mismatch=0 overrun=0 | io: cycles=10500 mismatch=0 overrun=0
-- tick=85000 -- motion: cycles=85000 mismatch=0 overrun=0 | io: cycles=10625 mismatch=0 overrun=0
-- tick=86000 -- motion: cycles=86000 mismatch=0 overrun=0 | io: cycles=10750 mismatch=0 overrun=0
-- tick=87000 -- motion: cycles=87000 mismatch=0 overrun=0 | io: cycles=10875 mismatch=0 overrun=0
-- tick=88000 -- motion: cycles=88000 mismatch=0 overrun=0 | io: cycles=11000 mismatch=0 overrun=0
-- tick=89000 -- motion: cycles=89000 mismatch=0 overrun=0 | io: cycles=11125 mismatch=0 overrun=0
-- tick=90000 -- motion: cycles=90000 mismatch=0 overrun=0 | io: cycles=11250 mismatch=0 overrun=0
-- tick=91000 -- motion: cycles=91000 mismatch=0 overrun=0 | io: cycles=11375 mismatch=0 overrun=0
-- tick=92000 -- motion: cycles=92000 mismatch=0 overrun=0 | io: cycles=11500 mismatch=0 overrun=0
-- tick=93000 -- motion: cycles=93000 mismatch=0 overrun=0 | io: cycles=11625 mismatch=0 overrun=0
-- tick=94000 -- motion: cycles=94000 mismatch=0 overrun=0 | io: cycles=11750 mismatch=0 overrun=0
-- tick=95000 -- motion: cycles=95000 mismatch=0 overrun=0 | io: cycles=11875 mismatch=0 overrun=0
-- tick=96000 -- motion: cycles=96000 mismatch=0 overrun=0 | io: cycles=12000 mismatch=0 overrun=0
-- tick=97000 -- motion: cycles=97000 mismatch=0 overrun=0 | io: cycles=12125 mismatch=0 overrun=0
-- tick=98000 -- motion: cycles=98000 mismatch=0 overrun=0 | io: cycles=12250 mismatch=0 overrun=0
-- tick=99000 -- motion: cycles=99000 mismatch=0 overrun=0 | io: cycles=12375 mismatch=0 overrun=0
-- tick=100000 -- motion: cycles=100000 mismatch=0 overrun=0 | io: cycles=12500 mismatch=0 overrun=0
-- tick=101000 -- motion: cycles=101000 mismatch=0 overrun=0 | io: cycles=12625 mismatch=0 overrun=0
-- tick=102000 -- motion: cycles=102000 mismatch=0 overrun=0 | io: cycles=12750 mismatch=0 overrun=0
-- tick=103000 -- motion: cycles=103000 mismatch=0 overrun=0 | io: cycles=12875 mismatch=0 overrun=0
-- tick=104000 -- motion: cycles=104000 mismatch=0 overrun=0 | io: cycles=13000 mismatch=0 overrun=0
-- tick=105000 -- motion: cycles=105000 mismatch=0 overrun=0 | io: cycles=13125 mismatch=0 overrun=0
-- tick=106000 -- motion: cycles=106000 mismatch=0 overrun=0 | io: cycles=13250 mismatch=0 overrun=0
-- tick=107000 -- motion: cycles=107000 mismatch=0 overrun=0 | io: cycles=13375 mismatch=0 overrun=0
-- tick=108000 -- motion: cycles=108000 mismatch=0 overrun=0 | io: cycles=13500 mismatch=0 overrun=0
-- tick=109000 -- motion: cycles=109000 mismatch=0 overrun=0 | io: cycles=13625 mismatch=0 overrun=0
-- tick=110000 -- motion: cycles=110000 mismatch=0 overrun=0 | io: cycles=13750 mismatch=0 overrun=0
-- tick=111000 -- motion: cycles=111000 mismatch=0 overrun=0 | io: cycles=13875 mismatch=0 overrun=0
-- tick=112000 -- motion: cycles=112000 mismatch=0 overrun=0 | io: cycles=14000 mismatch=0 overrun=0
-- tick=113000 -- motion: cycles=113000 mismatch=0 overrun=0 | io: cycles=14125 mismatch=0 overrun=0
-- tick=114000 -- motion: cycles=114000 mismatch=0 overrun=0 | io: cycles=14250 mismatch=0 overrun=0
-- tick=115000 -- motion: cycles=115000 mismatch=0 overrun=0 | io: cycles=14375 mismatch=0 overrun=0
-- tick=116000 -- motion: cycles=116000 mismatch=0 overrun=0 | io: cycles=14500 mismatch=0 overrun=0
-- tick=117000 -- motion: cycles=117000 mismatch=0 overrun=0 | io: cycles=14625 mismatch=0 overrun=0
-- tick=118000 -- motion: cycles=118000 mismatch=0 overrun=0 | io: cycles=14750 mismatch=0 overrun=0
-- tick=119000 -- motion: cycles=119000 mismatch=0 overrun=0 | io: cycles=14875 mismatch=0 overrun=0
-- tick=120000 -- motion: cycles=120000 mismatch=0 overrun=0 | io: cycles=15000 mismatch=0 overrun=0
-- tick=121000 -- motion: cycles=121000 mismatch=0 overrun=0 | io: cycles=15125 mismatch=0 overrun=0
-- tick=122000 -- motion: cycles=122000 mismatch=0 overrun=0 | io: cycles=15250 mismatch=0 overrun=0
-- tick=123000 -- motion: cycles=123000 mismatch=0 overrun=0 | io: cycles=15375 mismatch=0 overrun=0
-- tick=124000 -- motion: cycles=124000 mismatch=0 overrun=0 | io: cycles=15500 mismatch=0 overrun=0
-- tick=125000 -- motion: cycles=125000 mismatch=0 overrun=0 | io: cycles=15625 mismatch=0 overrun=0
-- tick=126000 -- motion: cycles=126000 mismatch=0 overrun=0 | io: cycles=15750 mismatch=0 overrun=0
-- tick=127000 -- motion: cycles=127000 mismatch=0 overrun=0 | io: cycles=15875 mismatch=0 overrun=0
-- tick=128000 -- motion: cycles=128000 mismatch=0 overrun=0 | io: cycles=16000 mismatch=0 overrun=0
-- tick=129000 -- motion: cycles=129000 mismatch=0 overrun=0 | io: cycles=16125 mismatch=0 overrun=0
-- tick=130000 -- motion: cycles=130000 mismatch=0 overrun=0 | io: cycles=16250 mismatch=0 overrun=0
-- tick=131000 -- motion: cycles=131000 mismatch=0 overrun=0 | io: cycles=16375 mismatch=0 overrun=0
-- tick=132000 -- motion: cycles=132000 mismatch=0 overrun=0 | io: cycles=16500 mismatch=0 overrun=0
-- tick=133000 -- motion: cycles=133000 mismatch=0 overrun=0 | io: cycles=16625 mismatch=0 overrun=0
-- tick=134000 -- motion: cycles=134000 mismatch=0 overrun=0 | io: cycles=16750 mismatch=0 overrun=0
-- tick=135000 -- motion: cycles=135000 mismatch=0 overrun=0 | io: cycles=16875 mismatch=0 overrun=0
-- tick=136000 -- motion: cycles=136000 mismatch=0 overrun=0 | io: cycles=17000 mismatch=0 overrun=0
-- tick=137000 -- motion: cycles=137000 mismatch=0 overrun=0 | io: cycles=17125 mismatch=0 overrun=0
-- tick=138000 -- motion: cycles=138000 mismatch=0 overrun=0 | io: cycles=17250 mismatch=0 overrun=0
-- tick=139000 -- motion: cycles=139000 mismatch=0 overrun=0 | io: cycles=17375 mismatch=0 overrun=0
-- tick=140000 -- motion: cycles=140000 mismatch=0 overrun=0 | io: cycles=17500 mismatch=0 overrun=0
-- tick=141000 -- motion: cycles=141000 mismatch=0 overrun=0 | io: cycles=17625 mismatch=0 overrun=0
-- tick=142000 -- motion: cycles=142000 mismatch=0 overrun=0 | io: cycles=17750 mismatch=0 overrun=0
-- tick=143000 -- motion: cycles=143000 mismatch=0 overrun=0 | io: cycles=17875 mismatch=0 overrun=0
-- tick=144000 -- motion: cycles=144000 mismatch=0 overrun=0 | io: cycles=18000 mismatch=0 overrun=0
-- tick=145000 -- motion: cycles=145000 mismatch=0 overrun=0 | io: cycles=18125 mismatch=0 overrun=0
-- tick=146000 -- motion: cycles=146000 mismatch=0 overrun=0 | io: cycles=18250 mismatch=0 overrun=0
-- tick=147000 -- motion: cycles=147000 mismatch=0 overrun=0 | io: cycles=18375 mismatch=0 overrun=0
-- tick=148000 -- motion: cycles=148000 mismatch=0 overrun=0 | io: cycles=18500 mismatch=0 overrun=0
-- tick=149000 -- motion: cycles=149000 mismatch=0 overrun=0 | io: cycles=18625 mismatch=0 overrun=0
-- tick=150000 -- motion: cycles=150000 mismatch=0 overrun=0 | io: cycles=18750 mismatch=0 overrun=0
-- tick=151000 -- motion: cycles=151000 mismatch=0 overrun=0 | io: cycles=18875 mismatch=0 overrun=0
-- tick=152000 -- motion: cycles=152000 mismatch=0 overrun=0 | io: cycles=19000 mismatch=0 overrun=0
-- tick=153000 -- motion: cycles=153000 mismatch=0 overrun=0 | io: cycles=19125 mismatch=0 overrun=0
-- tick=154000 -- motion: cycles=154000 mismatch=0 overrun=0 | io: cycles=19250 mismatch=0 overrun=0
-- tick=155000 -- motion: cycles=155000 mismatch=0 overrun=0 | io: cycles=19375 mismatch=0 overrun=0
-- tick=156000 -- motion: cycles=156000 mismatch=0 overrun=0 | io: cycles=19500 mismatch=0 overrun=0
-- tick=157000 -- motion: cycles=157000 mismatch=0 overrun=0 | io: cycles=19625 mismatch=0 overrun=0
-- tick=158000 -- motion: cycles=158000 mismatch=0 overrun=0 | io: cycles=19750 mismatch=0 overrun=0
-- tick=159000 -- motion: cycles=159000 mismatch=0 overrun=0 | io: cycles=19875 mismatch=0 overrun=0
-- tick=160000 -- motion: cycles=160000 mismatch=0 overrun=0 | io: cycles=20000 mismatch=0 overrun=0
-- tick=161000 -- motion: cycles=161000 mismatch=0 overrun=0 | io: cycles=20125 mismatch=0 overrun=0
-- tick=162000 -- motion: cycles=162000 mismatch=0 overrun=0 | io: cycles=20250 mismatch=0 overrun=0
-- tick=163000 -- motion: cycles=163000 mismatch=0 overrun=0 | io: cycles=20375 mismatch=0 overrun=0
-- tick=164000 -- motion: cycles=164000 mismatch=0 overrun=0 | io: cycles=20500 mismatch=0 overrun=0
-- tick=165000 -- motion: cycles=165000 mismatch=0 overrun=0 | io: cycles=20625 mismatch=0 overrun=0
-- tick=166000 -- motion: cycles=166000 mismatch=0 overrun=0 | io: cycles=20750 mismatch=0 overrun=0
-- tick=167000 -- motion: cycles=167000 mismatch=0 overrun=0 | io: cycles=20875 mismatch=0 overrun=0
-- tick=168000 -- motion: cycles=168000 mismatch=0 overrun=0 | io: cycles=21000 mismatch=0 overrun=0
-- tick=169000 -- motion: cycles=169000 mismatch=0 overrun=0 | io: cycles=21125 mismatch=0 overrun=0
-- tick=170000 -- motion: cycles=170000 mismatch=0 overrun=0 | io: cycles=21250 mismatch=0 overrun=0
-- tick=171000 -- motion: cycles=171000 mismatch=0 overrun=0 | io: cycles=21375 mismatch=0 overrun=0
-- tick=172000 -- motion: cycles=172000 mismatch=0 overrun=0 | io: cycles=21500 mismatch=0 overrun=0
-- tick=173000 -- motion: cycles=173000 mismatch=0 overrun=0 | io: cycles=21625 mismatch=0 overrun=0
-- tick=174000 -- motion: cycles=174000 mismatch=0 overrun=0 | io: cycles=21750 mismatch=0 overrun=0
-- tick=175000 -- motion: cycles=175000 mismatch=0 overrun=0 | io: cycles=21875 mismatch=0 overrun=0
-- tick=176000 -- motion: cycles=176000 mismatch=0 overrun=0 | io: cycles=22000 mismatch=0 overrun=0
-- tick=177000 -- motion: cycles=177000 mismatch=0 overrun=0 | io: cycles=22125 mismatch=0 overrun=0
-- tick=178000 -- motion: cycles=178000 mismatch=0 overrun=0 | io: cycles=22250 mismatch=0 overrun=0
-- tick=179000 -- motion: cycles=179000 mismatch=0 overrun=0 | io: cycles=22375 mismatch=0 overrun=0
-- tick=180000 -- motion: cycles=180000 mismatch=0 overrun=0 | io: cycles=22500 mismatch=0 overrun=0
-- tick=181000 -- motion: cycles=181000 mismatch=0 overrun=0 | io: cycles=22625 mismatch=0 overrun=0
-- tick=182000 -- motion: cycles=182000 mismatch=0 overrun=0 | io: cycles=22750 mismatch=0 overrun=0
-- tick=183000 -- motion: cycles=183000 mismatch=0 overrun=0 | io: cycles=22875 mismatch=0 overrun=0
-- tick=184000 -- motion: cycles=184000 mismatch=0 overrun=0 | io: cycles=23000 mismatch=0 overrun=0
-- tick=185000 -- motion: cycles=185000 mismatch=0 overrun=0 | io: cycles=23125 mismatch=0 overrun=0
-- tick=186000 -- motion: cycles=186000 mismatch=0 overrun=0 | io: cycles=23250 mismatch=0 overrun=0
-- tick=187000 -- motion: cycles=187000 mismatch=0 overrun=0 | io: cycles=23375 mismatch=0 overrun=0
-- tick=188000 -- motion: cycles=188000 mismatch=0 overrun=0 | io: cycles=23500 mismatch=0 overrun=0
-- tick=189000 -- motion: cycles=189000 mismatch=0 overrun=0 | io: cycles=23625 mismatch=0 overrun=0
-- tick=190000 -- motion: cycles=190000 mismatch=0 overrun=0 | io: cycles=23750 mismatch=0 overrun=0
-- tick=191000 -- motion: cycles=191000 mismatch=0 overrun=0 | io: cycles=23875 mismatch=0 overrun=0
-- tick=192000 -- motion: cycles=192000 mismatch=0 overrun=0 | io: cycles=24000 mismatch=0 overrun=0
-- tick=193000 -- motion: cycles=193000 mismatch=0 overrun=0 | io: cycles=24125 mismatch=0 overrun=0
-- tick=194000 -- motion: cycles=194000 mismatch=0 overrun=0 | io: cycles=24250 mismatch=0 overrun=0
-- tick=195000 -- motion: cycles=195000 mismatch=0 overrun=0 | io: cycles=24375 mismatch=0 overrun=0
-- tick=196000 -- motion: cycles=196000 mismatch=0 overrun=0 | io: cycles=24500 mismatch=0 overrun=0
-- tick=197000 -- motion: cycles=197000 mismatch=0 overrun=0 | io: cycles=24625 mismatch=0 overrun=0
-- tick=198000 -- motion: cycles=198000 mismatch=0 overrun=0 | io: cycles=24750 mismatch=0 overrun=0
-- tick=199000 -- motion: cycles=199000 mismatch=0 overrun=0 | io: cycles=24875 mismatch=0 overrun=0
-- tick=200000 -- motion: cycles=200000 mismatch=0 overrun=0 | io: cycles=25000 mismatch=0 overrun=0
-- tick=201000 -- motion: cycles=201000 mismatch=0 overrun=0 | io: cycles=25125 mismatch=0 overrun=0
-- tick=202000 -- motion: cycles=202000 mismatch=0 overrun=0 | io: cycles=25250 mismatch=0 overrun=0
-- tick=203000 -- motion: cycles=203000 mismatch=0 overrun=0 | io: cycles=25375 mismatch=0 overrun=0
-- tick=204000 -- motion: cycles=204000 mismatch=0 overrun=0 | io: cycles=25500 mismatch=0 overrun=0
-- tick=205000 -- motion: cycles=205000 mismatch=0 overrun=0 | io: cycles=25625 mismatch=0 overrun=0
-- tick=206000 -- motion: cycles=206000 mismatch=0 overrun=0 | io: cycles=25750 mismatch=0 overrun=0
-- tick=207000 -- motion: cycles=207000 mismatch=0 overrun=0 | io: cycles=25875 mismatch=0 overrun=0
-- tick=208000 -- motion: cycles=208000 mismatch=0 overrun=0 | io: cycles=26000 mismatch=0 overrun=0
-- tick=209000 -- motion: cycles=209000 mismatch=0 overrun=0 | io: cycles=26125 mismatch=0 overrun=0
-- tick=210000 -- motion: cycles=210000 mismatch=0 overrun=0 | io: cycles=26250 mismatch=0 overrun=0
-- tick=211000 -- motion: cycles=211000 mismatch=0 overrun=0 | io: cycles=26375 mismatch=0 overrun=0
-- tick=212000 -- motion: cycles=212000 mismatch=0 overrun=0 | io: cycles=26500 mismatch=0 overrun=0
-- tick=213000 -- motion: cycles=213000 mismatch=0 overrun=0 | io: cycles=26625 mismatch=0 overrun=0
-- tick=214000 -- motion: cycles=214000 mismatch=0 overrun=0 | io: cycles=26750 mismatch=0 overrun=0
-- tick=215000 -- motion: cycles=215000 mismatch=0 overrun=0 | io: cycles=26875 mismatch=0 overrun=0
-- tick=216000 -- motion: cycles=216000 mismatch=0 overrun=0 | io: cycles=27000 mismatch=0 overrun=0
-- tick=217000 -- motion: cycles=217000 mismatch=0 overrun=0 | io: cycles=27125 mismatch=0 overrun=0
-- tick=218000 -- motion: cycles=218000 mismatch=0 overrun=0 | io: cycles=27250 mismatch=0 overrun=0
-- tick=219000 -- motion: cycles=219000 mismatch=0 overrun=0 | io: cycles=27375 mismatch=0 overrun=0
-- tick=220000 -- motion: cycles=220000 mismatch=0 overrun=0 | io: cycles=27500 mismatch=0 overrun=0
-- tick=221000 -- motion: cycles=221000 mismatch=0 overrun=0 | io: cycles=27625 mismatch=0 overrun=0
-- tick=222000 -- motion: cycles=222000 mismatch=0 overrun=0 | io: cycles=27750 mismatch=0 overrun=0
-- tick=223000 -- motion: cycles=223000 mismatch=0 overrun=0 | io: cycles=27875 mismatch=0 overrun=0
-- tick=224000 -- motion: cycles=224000 mismatch=0 overrun=0 | io: cycles=28000 mismatch=0 overrun=0
-- tick=225000 -- motion: cycles=225000 mismatch=0 overrun=0 | io: cycles=28125 mismatch=0 overrun=0
-- tick=226000 -- motion: cycles=226000 mismatch=0 overrun=0 | io: cycles=28250 mismatch=0 overrun=0
-- tick=227000 -- motion: cycles=227000 mismatch=0 overrun=0 | io: cycles=28375 mismatch=0 overrun=0
-- tick=228000 -- motion: cycles=228000 mismatch=0 overrun=0 | io: cycles=28500 mismatch=0 overrun=0
-- tick=229000 -- motion: cycles=229000 mismatch=0 overrun=0 | io: cycles=28625 mismatch=0 overrun=0
-- tick=230000 -- motion: cycles=230000 mismatch=0 overrun=0 | io: cycles=28750 mismatch=0 overrun=0
-- tick=231000 -- motion: cycles=231000 mismatch=0 overrun=0 | io: cycles=28875 mismatch=0 overrun=0
-- tick=232000 -- motion: cycles=232000 mismatch=0 overrun=0 | io: cycles=29000 mismatch=0 overrun=0
-- tick=233000 -- motion: cycles=233000 mismatch=0 overrun=0 | io: cycles=29125 mismatch=0 overrun=0
-- tick=234000 -- motion: cycles=234000 mismatch=0 overrun=0 | io: cycles=29250 mismatch=0 overrun=0
-- tick=235000 -- motion: cycles=235000 mismatch=0 overrun=0 | io: cycles=29375 mismatch=0 overrun=0
-- tick=236000 -- motion: cycles=236000 mismatch=0 overrun=0 | io: cycles=29500 mismatch=0 overrun=0
-- tick=237000 -- motion: cycles=237000 mismatch=0 overrun=0 | io: cycles=29625 mismatch=0 overrun=0
-- tick=238000 -- motion: cycles=238000 mismatch=0 overrun=0 | io: cycles=29750 mismatch=0 overrun=0
-- tick=239000 -- motion: cycles=239000 mismatch=0 overrun=0 | io: cycles=29875 mismatch=0 overrun=0
-- tick=240000 -- motion: cycles=240000 mismatch=0 overrun=0 | io: cycles=30000 mismatch=0 overrun=0
-- tick=241000 -- motion: cycles=241000 mismatch=0 overrun=0 | io: cycles=30125 mismatch=0 overrun=0
-- tick=242000 -- motion: cycles=242000 mismatch=0 overrun=0 | io: cycles=30250 mismatch=0 overrun=0
-- tick=243000 -- motion: cycles=243000 mismatch=0 overrun=0 | io: cycles=30375 mismatch=0 overrun=0
-- tick=244000 -- motion: cycles=244000 mismatch=0 overrun=0 | io: cycles=30500 mismatch=0 overrun=0
-- tick=245000 -- motion: cycles=245000 mismatch=0 overrun=0 | io: cycles=30625 mismatch=0 overrun=0
-- tick=246000 -- motion: cycles=246000 mismatch=0 overrun=0 | io: cycles=30750 mismatch=0 overrun=0
-- tick=247000 -- motion: cycles=247000 mismatch=0 overrun=0 | io: cycles=30875 mismatch=0 overrun=0
-- tick=248000 -- motion: cycles=248000 mismatch=0 overrun=0 | io: cycles=31000 mismatch=0 overrun=0
-- tick=249000 -- motion: cycles=249000 mismatch=0 overrun=0 | io: cycles=31125 mismatch=0 overrun=0
-- tick=250000 -- motion: cycles=250000 mismatch=0 overrun=0 | io: cycles=31250 mismatch=0 overrun=0
-- tick=251000 -- motion: cycles=251000 mismatch=0 overrun=0 | io: cycles=31375 mismatch=0 overrun=0
-- tick=252000 -- motion: cycles=252000 mismatch=0 overrun=0 | io: cycles=31500 mismatch=0 overrun=0
-- tick=253000 -- motion: cycles=253000 mismatch=0 overrun=0 | io: cycles=31625 mismatch=0 overrun=0
-- tick=254000 -- motion: cycles=254000 mismatch=0 overrun=0 | io: cycles=31750 mismatch=0 overrun=0
-- tick=255000 -- motion: cycles=255000 mismatch=0 overrun=0 | io: cycles=31875 mismatch=0 overrun=0
-- tick=256000 -- motion: cycles=256000 mismatch=0 overrun=0 | io: cycles=32000 mismatch=0 overrun=0
-- tick=257000 -- motion: cycles=257000 mismatch=0 overrun=0 | io: cycles=32125 mismatch=0 overrun=0
-- tick=258000 -- motion: cycles=258000 mismatch=0 overrun=0 | io: cycles=32250 mismatch=0 overrun=0
-- tick=259000 -- motion: cycles=259000 mismatch=0 overrun=0 | io: cycles=32375 mismatch=0 overrun=0
-- tick=260000 -- motion: cycles=260000 mismatch=0 overrun=0 | io: cycles=32500 mismatch=0 overrun=0
-- tick=261000 -- motion: cycles=261000 mismatch=0 overrun=0 | io: cycles=32625 mismatch=0 overrun=0
-- tick=262000 -- motion: cycles=262000 mismatch=0 overrun=0 | io: cycles=32750 mismatch=0 overrun=0
-- tick=263000 -- motion: cycles=263000 mismatch=0 overrun=0 | io: cycles=32875 mismatch=0 overrun=0
-- tick=264000 -- motion: cycles=264000 mismatch=0 overrun=0 | io: cycles=33000 mismatch=0 overrun=0
-- tick=265000 -- motion: cycles=265000 mismatch=0 overrun=0 | io: cycles=33125 mismatch=0 overrun=0
-- tick=266000 -- motion: cycles=266000 mismatch=0 overrun=0 | io: cycles=33250 mismatch=0 overrun=0
-- tick=267000 -- motion: cycles=267000 mismatch=0 overrun=0 | io: cycles=33375 mismatch=0 overrun=0
-- tick=268000 -- motion: cycles=268000 mismatch=0 overrun=0 | io: cycles=33500 mismatch=0 overrun=0
-- tick=269000 -- motion: cycles=269000 mismatch=0 overrun=0 | io: cycles=33625 mismatch=0 overrun=0
-- tick=270000 -- motion: cycles=270000 mismatch=0 overrun=0 | io: cycles=33750 mismatch=0 overrun=0
-- tick=271000 -- motion: cycles=271000 mismatch=0 overrun=0 | io: cycles=33875 mismatch=0 overrun=0
-- tick=272000 -- motion: cycles=272000 mismatch=0 overrun=0 | io: cycles=34000 mismatch=0 overrun=0
-- tick=273000 -- motion: cycles=273000 mismatch=0 overrun=0 | io: cycles=34125 mismatch=0 overrun=0
-- tick=274000 -- motion: cycles=274000 mismatch=0 overrun=0 | io: cycles=34250 mismatch=0 overrun=0
-- tick=275000 -- motion: cycles=275000 mismatch=0 overrun=0 | io: cycles=34375 mismatch=0 overrun=0
-- tick=276000 -- motion: cycles=276000 mismatch=0 overrun=0 | io: cycles=34500 mismatch=0 overrun=0
-- tick=277000 -- motion: cycles=277000 mismatch=0 overrun=0 | io: cycles=34625 mismatch=0 overrun=0
-- tick=278000 -- motion: cycles=278000 mismatch=0 overrun=0 | io: cycles=34750 mismatch=0 overrun=0
-- tick=279000 -- motion: cycles=279000 mismatch=0 overrun=0 | io: cycles=34875 mismatch=0 overrun=0
-- tick=280000 -- motion: cycles=280000 mismatch=0 overrun=0 | io: cycles=35000 mismatch=0 overrun=0
-- tick=281000 -- motion: cycles=281000 mismatch=0 overrun=0 | io: cycles=35125 mismatch=0 overrun=0
-- tick=282000 -- motion: cycles=282000 mismatch=0 overrun=0 | io: cycles=35250 mismatch=0 overrun=0
-- tick=283000 -- motion: cycles=283000 mismatch=0 overrun=0 | io: cycles=35375 mismatch=0 overrun=0
-- tick=284000 -- motion: cycles=284000 mismatch=0 overrun=0 | io: cycles=35500 mismatch=0 overrun=0
-- tick=285000 -- motion: cycles=285000 mismatch=0 overrun=0 | io: cycles=35625 mismatch=0 overrun=0
-- tick=286000 -- motion: cycles=286000 mismatch=0 overrun=0 | io: cycles=35750 mismatch=0 overrun=0
-- tick=287000 -- motion: cycles=287000 mismatch=0 overrun=0 | io: cycles=35875 mismatch=0 overrun=0
-- tick=288000 -- motion: cycles=288000 mismatch=0 overrun=0 | io: cycles=36000 mismatch=0 overrun=0
-- tick=289000 -- motion: cycles=289000 mismatch=0 overrun=0 | io: cycles=36125 mismatch=0 overrun=0
-- tick=290000 -- motion: cycles=290000 mismatch=0 overrun=0 | io: cycles=36250 mismatch=0 overrun=0
-- tick=291000 -- motion: cycles=291000 mismatch=0 overrun=0 | io: cycles=36375 mismatch=0 overrun=0
-- tick=292000 -- motion: cycles=292000 mismatch=0 overrun=0 | io: cycles=36500 mismatch=0 overrun=0
-- tick=293000 -- motion: cycles=293000 mismatch=0 overrun=0 | io: cycles=36625 mismatch=0 overrun=0
-- tick=294000 -- motion: cycles=294000 mismatch=0 overrun=0 | io: cycles=36750 mismatch=0 overrun=0
-- tick=295000 -- motion: cycles=295000 mismatch=0 overrun=0 | io: cycles=36875 mismatch=0 overrun=0
-- tick=296000 -- motion: cycles=296000 mismatch=0 overrun=0 | io: cycles=37000 mismatch=0 overrun=0
-- tick=297000 -- motion: cycles=297000 mismatch=0 overrun=0 | io: cycles=37125 mismatch=0 overrun=0
-- tick=298000 -- motion: cycles=298000 mismatch=0 overrun=0 | io: cycles=37250 mismatch=0 overrun=0
-- tick=299000 -- motion: cycles=299000 mismatch=0 overrun=0 | io: cycles=37375 mismatch=0 overrun=0
-- tick=300000 -- motion: cycles=300000 mismatch=0 overrun=0 | io: cycles=37500 mismatch=0 overrun=0
-- tick=301000 -- motion: cycles=301000 mismatch=0 overrun=0 | io: cycles=37625 mismatch=0 overrun=0
-- tick=302000 -- motion: cycles=302000 mismatch=0 overrun=0 | io: cycles=37750 mismatch=0 overrun=0
-- tick=303000 -- motion: cycles=303000 mismatch=0 overrun=0 | io: cycles=37875 mismatch=0 overrun=0
-- tick=304000 -- motion: cycles=304000 mismatch=0 overrun=0 | io: cycles=38000 mismatch=0 overrun=0
-- tick=305000 -- motion: cycles=305000 mismatch=0 overrun=0 | io: cycles=38125 mismatch=0 overrun=0
-- tick=306000 -- motion: cycles=306000 mismatch=0 overrun=0 | io: cycles=38250 mismatch=0 overrun=0
-- tick=307000 -- motion: cycles=307000 mismatch=0 overrun=0 | io: cycles=38375 mismatch=0 overrun=0
-- tick=308000 -- motion: cycles=308000 mismatch=0 overrun=0 | io: cycles=38500 mismatch=0 overrun=0
-- tick=309000 -- motion: cycles=309000 mismatch=0 overrun=0 | io: cycles=38625 mismatch=0 overrun=0
-- tick=310000 -- motion: cycles=310000 mismatch=0 overrun=0 | io: cycles=38750 mismatch=0 overrun=0
-- tick=311000 -- motion: cycles=311000 mismatch=0 overrun=0 | io: cycles=38875 mismatch=0 overrun=0
-- tick=312000 -- motion: cycles=312000 mismatch=0 overrun=0 | io: cycles=39000 mismatch=0 overrun=0
-- tick=313000 -- motion: cycles=313000 mismatch=0 overrun=0 | io: cycles=39125 mismatch=0 overrun=0
-- tick=314000 -- motion: cycles=314000 mismatch=0 overrun=0 | io: cycles=39250 mismatch=0 overrun=0
-- tick=315000 -- motion: cycles=315000 mismatch=0 overrun=0 | io: cycles=39375 mismatch=0 overrun=0
-- tick=316000 -- motion: cycles=316000 mismatch=0 overrun=0 | io: cycles=39500 mismatch=0 overrun=0
-- tick=317000 -- motion: cycles=317000 mismatch=0 overrun=0 | io: cycles=39625 mismatch=0 overrun=0
-- tick=318000 -- motion: cycles=318000 mismatch=0 overrun=0 | io: cycles=39750 mismatch=0 overrun=0
-- tick=319000 -- motion: cycles=319000 mismatch=0 overrun=0 | io: cycles=39875 mismatch=0 overrun=0
-- tick=320000 -- motion: cycles=320000 mismatch=0 overrun=0 | io: cycles=40000 mismatch=0 overrun=0
-- tick=321000 -- motion: cycles=321000 mismatch=0 overrun=0 | io: cycles=40125 mismatch=0 overrun=0
-- tick=322000 -- motion: cycles=322000 mismatch=0 overrun=0 | io: cycles=40250 mismatch=0 overrun=0
-- tick=323000 -- motion: cycles=323000 mismatch=0 overrun=0 | io: cycles=40375 mismatch=0 overrun=0
-- tick=324000 -- motion: cycles=324000 mismatch=0 overrun=0 | io: cycles=40500 mismatch=0 overrun=0
-- tick=325000 -- motion: cycles=325000 mismatch=0 overrun=0 | io: cycles=40625 mismatch=0 overrun=0
-- tick=326000 -- motion: cycles=326000 mismatch=0 overrun=0 | io: cycles=40750 mismatch=0 overrun=0
-- tick=327000 -- motion: cycles=327000 mismatch=0 overrun=0 | io: cycles=40875 mismatch=0 overrun=0
-- tick=328000 -- motion: cycles=328000 mismatch=0 overrun=0 | io: cycles=41000 mismatch=0 overrun=0
-- tick=329000 -- motion: cycles=329000 mismatch=0 overrun=0 | io: cycles=41125 mismatch=0 overrun=0
-- tick=330000 -- motion: cycles=330000 mismatch=0 overrun=0 | io: cycles=41250 mismatch=0 overrun=0
-- tick=331000 -- motion: cycles=331000 mismatch=0 overrun=0 | io: cycles=41375 mismatch=0 overrun=0
-- tick=332000 -- motion: cycles=332000 mismatch=0 overrun=0 | io: cycles=41500 mismatch=0 overrun=0
-- tick=333000 -- motion: cycles=333000 mismatch=0 overrun=0 | io: cycles=41625 mismatch=0 overrun=0
-- tick=334000 -- motion: cycles=334000 mismatch=0 overrun=0 | io: cycles=41750 mismatch=0 overrun=0
-- tick=335000 -- motion: cycles=335000 mismatch=0 overrun=0 | io: cycles=41875 mismatch=0 overrun=0
-- tick=336000 -- motion: cycles=336000 mismatch=0 overrun=0 | io: cycles=42000 mismatch=0 overrun=0
-- tick=337000 -- motion: cycles=337000 mismatch=0 overrun=0 | io: cycles=42125 mismatch=0 overrun=0
-- tick=338000 -- motion: cycles=338000 mismatch=0 overrun=0 | io: cycles=42250 mismatch=0 overrun=0
-- tick=339000 -- motion: cycles=339000 mismatch=0 overrun=0 | io: cycles=42375 mismatch=0 overrun=0
-- tick=340000 -- motion: cycles=340000 mismatch=0 overrun=0 | io: cycles=42500 mismatch=0 overrun=0
-- tick=341000 -- motion: cycles=341000 mismatch=0 overrun=0 | io: cycles=42625 mismatch=0 overrun=0
-- tick=342000 -- motion: cycles=342000 mismatch=0 overrun=0 | io: cycles=42750 mismatch=0 overrun=0
-- tick=343000 -- motion: cycles=343000 mismatch=0 overrun=0 | io: cycles=42875 mismatch=0 overrun=0
-- tick=344000 -- motion: cycles=344000 mismatch=0 overrun=0 | io: cycles=43000 mismatch=0 overrun=0
-- tick=345000 -- motion: cycles=345000 mismatch=0 overrun=0 | io: cycles=43125 mismatch=0 overrun=0
-- tick=346000 -- motion: cycles=346000 mismatch=0 overrun=0 | io: cycles=43250 mismatch=0 overrun=0
-- tick=347000 -- motion: cycles=347000 mismatch=0 overrun=0 | io: cycles=43375 mismatch=0 overrun=0
-- tick=348000 -- motion: cycles=348000 mismatch=0 overrun=0 | io: cycles=43500 mismatch=0 overrun=0
-- tick=349000 -- motion: cycles=349000 mismatch=0 overrun=0 | io: cycles=43625 mismatch=0 overrun=0
-- tick=350000 -- motion: cycles=350000 mismatch=0 overrun=0 | io: cycles=43750 mismatch=0 overrun=0
-- tick=351000 -- motion: cycles=351000 mismatch=0 overrun=0 | io: cycles=43875 mismatch=0 overrun=0
-- tick=352000 -- motion: cycles=352000 mismatch=0 overrun=0 | io: cycles=44000 mismatch=0 overrun=0
-- tick=353000 -- motion: cycles=353000 mismatch=0 overrun=0 | io: cycles=44125 mismatch=0 overrun=0
-- tick=354000 -- motion: cycles=354000 mismatch=0 overrun=0 | io: cycles=44250 mismatch=0 overrun=0
-- tick=355000 -- motion: cycles=355000 mismatch=0 overrun=0 | io: cycles=44375 mismatch=0 overrun=0
-- tick=356000 -- motion: cycles=356000 mismatch=0 overrun=0 | io: cycles=44500 mismatch=0 overrun=0
-- tick=357000 -- motion: cycles=357000 mismatch=0 overrun=0 | io: cycles=44625 mismatch=0 overrun=0
-- tick=358000 -- motion: cycles=358000 mismatch=0 overrun=0 | io: cycles=44750 mismatch=0 overrun=0
-- tick=359000 -- motion: cycles=359000 mismatch=0 overrun=0 | io: cycles=44875 mismatch=0 overrun=0
-- tick=360000 -- motion: cycles=360000 mismatch=0 overrun=0 | io: cycles=45000 mismatch=0 overrun=0
-- tick=361000 -- motion: cycles=361000 mismatch=0 overrun=0 | io: cycles=45125 mismatch=0 overrun=0
-- tick=362000 -- motion: cycles=362000 mismatch=0 overrun=0 | io: cycles=45250 mismatch=0 overrun=0
-- tick=363000 -- motion: cycles=363000 mismatch=0 overrun=0 | io: cycles=45375 mismatch=0 overrun=0
-- tick=364000 -- motion: cycles=364000 mismatch=0 overrun=0 | io: cycles=45500 mismatch=0 overrun=0
-- tick=365000 -- motion: cycles=365000 mismatch=0 overrun=0 | io: cycles=45625 mismatch=0 overrun=0
-- tick=366000 -- motion: cycles=366000 mismatch=0 overrun=0 | io: cycles=45750 mismatch=0 overrun=0
-- tick=367000 -- motion: cycles=367000 mismatch=0 overrun=0 | io: cycles=45875 mismatch=0 overrun=0
-- tick=368000 -- motion: cycles=368000 mismatch=0 overrun=0 | io: cycles=46000 mismatch=0 overrun=0
-- tick=369000 -- motion: cycles=369000 mismatch=0 overrun=0 | io: cycles=46125 mismatch=0 overrun=0
-- tick=370000 -- motion: cycles=370000 mismatch=0 overrun=0 | io: cycles=46250 mismatch=0 overrun=0
-- tick=371000 -- motion: cycles=371000 mismatch=0 overrun=0 | io: cycles=46375 mismatch=0 overrun=0
-- tick=372000 -- motion: cycles=372000 mismatch=0 overrun=0 | io: cycles=46500 mismatch=0 overrun=0
-- tick=373000 -- motion: cycles=373000 mismatch=0 overrun=0 | io: cycles=46625 mismatch=0 overrun=0
-- tick=374000 -- motion: cycles=374000 mismatch=0 overrun=0 | io: cycles=46750 mismatch=0 overrun=0
-- tick=375000 -- motion: cycles=375000 mismatch=0 overrun=0 | io: cycles=46875 mismatch=0 overrun=0
-- tick=376000 -- motion: cycles=376000 mismatch=0 overrun=0 | io: cycles=47000 mismatch=0 overrun=0
-- tick=377000 -- motion: cycles=377000 mismatch=0 overrun=0 | io: cycles=47125 mismatch=0 overrun=0
-- tick=378000 -- motion: cycles=378000 mismatch=0 overrun=0 | io: cycles=47250 mismatch=0 overrun=0
-- tick=379000 -- motion: cycles=379000 mismatch=0 overrun=0 | io: cycles=47375 mismatch=0 overrun=0
-- tick=380000 -- motion: cycles=380000 mismatch=0 overrun=0 | io: cycles=47500 mismatch=0 overrun=0
-- tick=381000 -- motion: cycles=381000 mismatch=0 overrun=0 | io: cycles=47625 mismatch=0 overrun=0
-- tick=382000 -- motion: cycles=382000 mismatch=0 overrun=0 | io: cycles=47750 mismatch=0 overrun=0
-- tick=383000 -- motion: cycles=383000 mismatch=0 overrun=0 | io: cycles=47875 mismatch=0 overrun=0
-- tick=384000 -- motion: cycles=384000 mismatch=0 overrun=0 | io: cycles=48000 mismatch=0 overrun=0
-- tick=385000 -- motion: cycles=385000 mismatch=0 overrun=0 | io: cycles=48125 mismatch=0 overrun=0
-- tick=386000 -- motion: cycles=386000 mismatch=0 overrun=0 | io: cycles=48250 mismatch=0 overrun=0
-- tick=387000 -- motion: cycles=387000 mismatch=0 overrun=0 | io: cycles=48375 mismatch=0 overrun=0
-- tick=388000 -- motion: cycles=388000 mismatch=0 overrun=0 | io: cycles=48500 mismatch=0 overrun=0
-- tick=389000 -- motion: cycles=389000 mismatch=0 overrun=0 | io: cycles=48625 mismatch=0 overrun=0
-- tick=390000 -- motion: cycles=390000 mismatch=0 overrun=0 | io: cycles=48750 mismatch=0 overrun=0
-- tick=391000 -- motion: cycles=391000 mismatch=0 overrun=0 | io: cycles=48875 mismatch=0 overrun=0
-- tick=392000 -- motion: cycles=392000 mismatch=0 overrun=0 | io: cycles=49000 mismatch=0 overrun=0
-- tick=393000 -- motion: cycles=393000 mismatch=0 overrun=0 | io: cycles=49125 mismatch=0 overrun=0
-- tick=394000 -- motion: cycles=394000 mismatch=0 overrun=0 | io: cycles=49250 mismatch=0 overrun=0
-- tick=395000 -- motion: cycles=395000 mismatch=0 overrun=0 | io: cycles=49375 mismatch=0 overrun=0
-- tick=396000 -- motion: cycles=396000 mismatch=0 overrun=0 | io: cycles=49500 mismatch=0 overrun=0
-- tick=397000 -- motion: cycles=397000 mismatch=0 overrun=0 | io: cycles=49625 mismatch=0 overrun=0
-- tick=398000 -- motion: cycles=398000 mismatch=0 overrun=0 | io: cycles=49750 mismatch=0 overrun=0
-- tick=399000 -- motion: cycles=399000 mismatch=0 overrun=0 | io: cycles=49875 mismatch=0 overrun=0
-- tick=400000 -- motion: cycles=400000 mismatch=0 overrun=0 | io: cycles=50000 mismatch=0 overrun=0
-- tick=401000 -- motion: cycles=401000 mismatch=0 overrun=0 | io: cycles=50125 mismatch=0 overrun=0
-- tick=402000 -- motion: cycles=402000 mismatch=0 overrun=0 | io: cycles=50250 mismatch=0 overrun=0
-- tick=403000 -- motion: cycles=403000 mismatch=0 overrun=0 | io: cycles=50375 mismatch=0 overrun=0
-- tick=404000 -- motion: cycles=404000 mismatch=0 overrun=0 | io: cycles=50500 mismatch=0 overrun=0
-- tick=405000 -- motion: cycles=405000 mismatch=0 overrun=0 | io: cycles=50625 mismatch=0 overrun=0
-- tick=406000 -- motion: cycles=406000 mismatch=0 overrun=0 | io: cycles=50750 mismatch=0 overrun=0
-- tick=407000 -- motion: cycles=407000 mismatch=0 overrun=0 | io: cycles=50875 mismatch=0 overrun=0
-- tick=408000 -- motion: cycles=408000 mismatch=0 overrun=0 | io: cycles=51000 mismatch=0 overrun=0
-- tick=409000 -- motion: cycles=409000 mismatch=0 overrun=0 | io: cycles=51125 mismatch=0 overrun=0
-- tick=410000 -- motion: cycles=410000 mismatch=0 overrun=0 | io: cycles=51250 mismatch=0 overrun=0
-- tick=411000 -- motion: cycles=411000 mismatch=0 overrun=0 | io: cycles=51375 mismatch=0 overrun=0
-- tick=412000 -- motion: cycles=412000 mismatch=0 overrun=0 | io: cycles=51500 mismatch=0 overrun=0
-- tick=413000 -- motion: cycles=413000 mismatch=0 overrun=0 | io: cycles=51625 mismatch=0 overrun=0
-- tick=414000 -- motion: cycles=414000 mismatch=0 overrun=0 | io: cycles=51750 mismatch=0 overrun=0
-- tick=415000 -- motion: cycles=415000 mismatch=0 overrun=0 | io: cycles=51875 mismatch=0 overrun=0
-- tick=416000 -- motion: cycles=416000 mismatch=0 overrun=0 | io: cycles=52000 mismatch=0 overrun=0
-- tick=417000 -- motion: cycles=417000 mismatch=0 overrun=0 | io: cycles=52125 mismatch=0 overrun=0
-- tick=418000 -- motion: cycles=418000 mismatch=0 overrun=0 | io: cycles=52250 mismatch=0 overrun=0
-- tick=419000 -- motion: cycles=419000 mismatch=0 overrun=0 | io: cycles=52375 mismatch=0 overrun=0
-- tick=420000 -- motion: cycles=420000 mismatch=0 overrun=0 | io: cycles=52500 mismatch=0 overrun=0
-- tick=421000 -- motion: cycles=421000 mismatch=0 overrun=0 | io: cycles=52625 mismatch=0 overrun=0
-- tick=422000 -- motion: cycles=422000 mismatch=0 overrun=0 | io: cycles=52750 mismatch=0 overrun=0
-- tick=423000 -- motion: cycles=423000 mismatch=0 overrun=0 | io: cycles=52875 mismatch=0 overrun=0
-- tick=424000 -- motion: cycles=424000 mismatch=0 overrun=0 | io: cycles=53000 mismatch=0 overrun=0
-- tick=425000 -- motion: cycles=425000 mismatch=0 overrun=0 | io: cycles=53125 mismatch=0 overrun=0
-- tick=426000 -- motion: cycles=426000 mismatch=0 overrun=0 | io: cycles=53250 mismatch=0 overrun=0
-- tick=427000 -- motion: cycles=427000 mismatch=0 overrun=0 | io: cycles=53375 mismatch=0 overrun=0
-- tick=428000 -- motion: cycles=428000 mismatch=0 overrun=0 | io: cycles=53500 mismatch=0 overrun=0
-- tick=429000 -- motion: cycles=429000 mismatch=0 overrun=0 | io: cycles=53625 mismatch=0 overrun=0
-- tick=430000 -- motion: cycles=430000 mismatch=0 overrun=0 | io: cycles=53750 mismatch=0 overrun=0
-- tick=431000 -- motion: cycles=431000 mismatch=0 overrun=0 | io: cycles=53875 mismatch=0 overrun=0
-- tick=432000 -- motion: cycles=432000 mismatch=0 overrun=0 | io: cycles=54000 mismatch=0 overrun=0
-- tick=433000 -- motion: cycles=433000 mismatch=0 overrun=0 | io: cycles=54125 mismatch=0 overrun=0
-- tick=434000 -- motion: cycles=434000 mismatch=0 overrun=0 | io: cycles=54250 mismatch=0 overrun=0
-- tick=435000 -- motion: cycles=435000 mismatch=0 overrun=0 | io: cycles=54375 mismatch=0 overrun=0
-- tick=436000 -- motion: cycles=436000 mismatch=0 overrun=0 | io: cycles=54500 mismatch=0 overrun=0
-- tick=437000 -- motion: cycles=437000 mismatch=0 overrun=0 | io: cycles=54625 mismatch=0 overrun=0
-- tick=438000 -- motion: cycles=438000 mismatch=0 overrun=0 | io: cycles=54750 mismatch=0 overrun=0
-- tick=439000 -- motion: cycles=439000 mismatch=0 overrun=0 | io: cycles=54875 mismatch=0 overrun=0
-- tick=440000 -- motion: cycles=440000 mismatch=0 overrun=0 | io: cycles=55000 mismatch=0 overrun=0
-- tick=441000 -- motion: cycles=441000 mismatch=0 overrun=0 | io: cycles=55125 mismatch=0 overrun=0
-- tick=442000 -- motion: cycles=442000 mismatch=0 overrun=0 | io: cycles=55250 mismatch=0 overrun=0
-- tick=443000 -- motion: cycles=443000 mismatch=0 overrun=0 | io: cycles=55375 mismatch=0 overrun=0
-- tick=444000 -- motion: cycles=444000 mismatch=0 overrun=0 | io: cycles=55500 mismatch=0 overrun=0
-- tick=445000 -- motion: cycles=445000 mismatch=0 overrun=0 | io: cycles=55625 mismatch=0 overrun=0
-- tick=446000 -- motion: cycles=446000 mismatch=0 overrun=0 | io: cycles=55750 mismatch=0 overrun=0
-- tick=447000 -- motion: cycles=447000 mismatch=0 overrun=0 | io: cycles=55875 mismatch=0 overrun=0
-- tick=448000 -- motion: cycles=448000 mismatch=0 overrun=0 | io: cycles=56000 mismatch=0 overrun=0
-- tick=449000 -- motion: cycles=449000 mismatch=0 overrun=0 | io: cycles=56125 mismatch=0 overrun=0
-- tick=450000 -- motion: cycles=450000 mismatch=0 overrun=0 | io: cycles=56250 mismatch=0 overrun=0
-- tick=451000 -- motion: cycles=451000 mismatch=0 overrun=0 | io: cycles=56375 mismatch=0 overrun=0
-- tick=452000 -- motion: cycles=452000 mismatch=0 overrun=0 | io: cycles=56500 mismatch=0 overrun=0
-- tick=453000 -- motion: cycles=453000 mismatch=0 overrun=0 | io: cycles=56625 mismatch=0 overrun=0
-- tick=454000 -- motion: cycles=454000 mismatch=0 overrun=0 | io: cycles=56750 mismatch=0 overrun=0
-- tick=455000 -- motion: cycles=455000 mismatch=0 overrun=0 | io: cycles=56875 mismatch=0 overrun=0
-- tick=456000 -- motion: cycles=456000 mismatch=0 overrun=0 | io: cycles=57000 mismatch=0 overrun=0
-- tick=457000 -- motion: cycles=457000 mismatch=0 overrun=0 | io: cycles=57125 mismatch=0 overrun=0
-- tick=458000 -- motion: cycles=458000 mismatch=0 overrun=0 | io: cycles=57250 mismatch=0 overrun=0
-- tick=459000 -- motion: cycles=459000 mismatch=0 overrun=0 | io: cycles=57375 mismatch=0 overrun=0
-- tick=460000 -- motion: cycles=460000 mismatch=0 overrun=0 | io: cycles=57500 mismatch=0 overrun=0
-- tick=461000 -- motion: cycles=461000 mismatch=0 overrun=0 | io: cycles=57625 mismatch=0 overrun=0
-- tick=462000 -- motion: cycles=462000 mismatch=0 overrun=0 | io: cycles=57750 mismatch=0 overrun=0
-- tick=463000 -- motion: cycles=463000 mismatch=0 overrun=0 | io: cycles=57875 mismatch=0 overrun=0
-- tick=464000 -- motion: cycles=464000 mismatch=0 overrun=0 | io: cycles=58000 mismatch=0 overrun=0
-- tick=465000 -- motion: cycles=465000 mismatch=0 overrun=0 | io: cycles=58125 mismatch=0 overrun=0
-- tick=466000 -- motion: cycles=466000 mismatch=0 overrun=0 | io: cycles=58250 mismatch=0 overrun=0
-- tick=467000 -- motion: cycles=467000 mismatch=0 overrun=0 | io: cycles=58375 mismatch=0 overrun=0
-- tick=468000 -- motion: cycles=468000 mismatch=0 overrun=0 | io: cycles=58500 mismatch=0 overrun=0
-- tick=469000 -- motion: cycles=469000 mismatch=0 overrun=0 | io: cycles=58625 mismatch=0 overrun=0
-- tick=470000 -- motion: cycles=470000 mismatch=0 overrun=0 | io: cycles=58750 mismatch=0 overrun=0
-- tick=471000 -- motion: cycles=471000 mismatch=0 overrun=0 | io: cycles=58875 mismatch=0 overrun=0
-- tick=472000 -- motion: cycles=472000 mismatch=0 overrun=0 | io: cycles=59000 mismatch=0 overrun=0
-- tick=473000 -- motion: cycles=473000 mismatch=0 overrun=0 | io: cycles=59125 mismatch=0 overrun=0
-- tick=474000 -- motion: cycles=474000 mismatch=0 overrun=0 | io: cycles=59250 mismatch=0 overrun=0
-- tick=475000 -- motion: cycles=475000 mismatch=0 overrun=0 | io: cycles=59375 mismatch=0 overrun=0
-- tick=476000 -- motion: cycles=476000 mismatch=0 overrun=0 | io: cycles=59500 mismatch=0 overrun=0
-- tick=477000 -- motion: cycles=477000 mismatch=0 overrun=0 | io: cycles=59625 mismatch=0 overrun=0
-- tick=478000 -- motion: cycles=478000 mismatch=0 overrun=0 | io: cycles=59750 mismatch=0 overrun=0
-- tick=479000 -- motion: cycles=479000 mismatch=0 overrun=0 | io: cycles=59875 mismatch=0 overrun=0
-- tick=480000 -- motion: cycles=480000 mismatch=0 overrun=0 | io: cycles=60000 mismatch=0 overrun=0
-- tick=481000 -- motion: cycles=481000 mismatch=0 overrun=0 | io: cycles=60125 mismatch=0 overrun=0
-- tick=482000 -- motion: cycles=482000 mismatch=0 overrun=0 | io: cycles=60250 mismatch=0 overrun=0
-- tick=483000 -- motion: cycles=483000 mismatch=0 overrun=0 | io: cycles=60375 mismatch=0 overrun=0
-- tick=484000 -- motion: cycles=484000 mismatch=0 overrun=0 | io: cycles=60500 mismatch=0 overrun=0
-- tick=485000 -- motion: cycles=485000 mismatch=0 overrun=0 | io: cycles=60625 mismatch=0 overrun=0
-- tick=486000 -- motion: cycles=486000 mismatch=0 overrun=0 | io: cycles=60750 mismatch=0 overrun=0
-- tick=487000 -- motion: cycles=487000 mismatch=0 overrun=0 | io: cycles=60875 mismatch=0 overrun=0
-- tick=488000 -- motion: cycles=488000 mismatch=0 overrun=0 | io: cycles=61000 mismatch=0 overrun=0
-- tick=489000 -- motion: cycles=489000 mismatch=0 overrun=0 | io: cycles=61125 mismatch=0 overrun=0
-- tick=490000 -- motion: cycles=490000 mismatch=0 overrun=0 | io: cycles=61250 mismatch=0 overrun=0
-- tick=491000 -- motion: cycles=491000 mismatch=0 overrun=0 | io: cycles=61375 mismatch=0 overrun=0
-- tick=492000 -- motion: cycles=492000 mismatch=0 overrun=0 | io: cycles=61500 mismatch=0 overrun=0
-- tick=493000 -- motion: cycles=493000 mismatch=0 overrun=0 | io: cycles=61625 mismatch=0 overrun=0
-- tick=494000 -- motion: cycles=494000 mismatch=0 overrun=0 | io: cycles=61750 mismatch=0 overrun=0
-- tick=495000 -- motion: cycles=495000 mismatch=0 overrun=0 | io: cycles=61875 mismatch=0 overrun=0
-- tick=496000 -- motion: cycles=496000 mismatch=0 overrun=0 | io: cycles=62000 mismatch=0 overrun=0
-- tick=497000 -- motion: cycles=497000 mismatch=0 overrun=0 | io: cycles=62125 mismatch=0 overrun=0
-- tick=498000 -- motion: cycles=498000 mismatch=0 overrun=0 | io: cycles=62250 mismatch=0 overrun=0
-- tick=499000 -- motion: cycles=499000 mismatch=0 overrun=0 | io: cycles=62375 mismatch=0 overrun=0
-- tick=500000 -- motion: cycles=500000 mismatch=0 overrun=0 | io: cycles=62500 mismatch=0 overrun=0
-- tick=501000 -- motion: cycles=501000 mismatch=0 overrun=0 | io: cycles=62625 mismatch=0 overrun=0
-- tick=502000 -- motion: cycles=502000 mismatch=0 overrun=0 | io: cycles=62750 mismatch=0 overrun=0
-- tick=503000 -- motion: cycles=503000 mismatch=0 overrun=0 | io: cycles=62875 mismatch=0 overrun=0
-- tick=504000 -- motion: cycles=504000 mismatch=0 overrun=0 | io: cycles=63000 mismatch=0 overrun=0
-- tick=505000 -- motion: cycles=505000 mismatch=0 overrun=0 | io: cycles=63125 mismatch=0 overrun=0
-- tick=506000 -- motion: cycles=506000 mismatch=0 overrun=0 | io: cycles=63250 mismatch=0 overrun=0
-- tick=507000 -- motion: cycles=507000 mismatch=0 overrun=0 | io: cycles=63375 mismatch=0 overrun=0
-- tick=508000 -- motion: cycles=508000 mismatch=0 overrun=0 | io: cycles=63500 mismatch=0 overrun=0
-- tick=509000 -- motion: cycles=509000 mismatch=0 overrun=0 | io: cycles=63625 mismatch=0 overrun=0
-- tick=510000 -- motion: cycles=510000 mismatch=0 overrun=0 | io: cycles=63750 mismatch=0 overrun=0
-- tick=511000 -- motion: cycles=511000 mismatch=0 overrun=0 | io: cycles=63875 mismatch=0 overrun=0
-- tick=512000 -- motion: cycles=512000 mismatch=0 overrun=0 | io: cycles=64000 mismatch=0 overrun=0
-- tick=513000 -- motion: cycles=513000 mismatch=0 overrun=0 | io: cycles=64125 mismatch=0 overrun=0
-- tick=514000 -- motion: cycles=514000 mismatch=0 overrun=0 | io: cycles=64250 mismatch=0 overrun=0
-- tick=515000 -- motion: cycles=515000 mismatch=0 overrun=0 | io: cycles=64375 mismatch=0 overrun=0
-- tick=516000 -- motion: cycles=516000 mismatch=0 overrun=0 | io: cycles=64500 mismatch=0 overrun=0
-- tick=517000 -- motion: cycles=517000 mismatch=0 overrun=0 | io: cycles=64625 mismatch=0 overrun=0
-- tick=518000 -- motion: cycles=518000 mismatch=0 overrun=0 | io: cycles=64750 mismatch=0 overrun=0
-- tick=519000 -- motion: cycles=519000 mismatch=0 overrun=0 | io: cycles=64875 mismatch=0 overrun=0
-- tick=520000 -- motion: cycles=520000 mismatch=0 overrun=0 | io: cycles=65000 mismatch=0 overrun=0
-- tick=521000 -- motion: cycles=521000 mismatch=0 overrun=0 | io: cycles=65125 mismatch=0 overrun=0
-- tick=522000 -- motion: cycles=522000 mismatch=0 overrun=0 | io: cycles=65250 mismatch=0 overrun=0
-- tick=523000 -- motion: cycles=523000 mismatch=0 overrun=0 | io: cycles=65375 mismatch=0 overrun=0
-- tick=524000 -- motion: cycles=524000 mismatch=0 overrun=0 | io: cycles=65500 mismatch=0 overrun=0
-- tick=525000 -- motion: cycles=525000 mismatch=0 overrun=0 | io: cycles=65625 mismatch=0 overrun=0
-- tick=526000 -- motion: cycles=526000 mismatch=0 overrun=0 | io: cycles=65750 mismatch=0 overrun=0
-- tick=527000 -- motion: cycles=527000 mismatch=0 overrun=0 | io: cycles=65875 mismatch=0 overrun=0
-- tick=528000 -- motion: cycles=528000 mismatch=0 overrun=0 | io: cycles=66000 mismatch=0 overrun=0
-- tick=529000 -- motion: cycles=529000 mismatch=0 overrun=0 | io: cycles=66125 mismatch=0 overrun=0
-- tick=530000 -- motion: cycles=530000 mismatch=0 overrun=0 | io: cycles=66250 mismatch=0 overrun=0
-- tick=531000 -- motion: cycles=531000 mismatch=0 overrun=0 | io: cycles=66375 mismatch=0 overrun=0
-- tick=532000 -- motion: cycles=532000 mismatch=0 overrun=0 | io: cycles=66500 mismatch=0 overrun=0
-- tick=533000 -- motion: cycles=533000 mismatch=0 overrun=0 | io: cycles=66625 mismatch=0 overrun=0
-- tick=534000 -- motion: cycles=534000 mismatch=0 overrun=0 | io: cycles=66750 mismatch=0 overrun=0
-- tick=535000 -- motion: cycles=535000 mismatch=0 overrun=0 | io: cycles=66875 mismatch=0 overrun=0
-- tick=536000 -- motion: cycles=536000 mismatch=0 overrun=0 | io: cycles=67000 mismatch=0 overrun=0
-- tick=537000 -- motion: cycles=537000 mismatch=0 overrun=0 | io: cycles=67125 mismatch=0 overrun=0
-- tick=538000 -- motion: cycles=538000 mismatch=0 overrun=0 | io: cycles=67250 mismatch=0 overrun=0
-- tick=539000 -- motion: cycles=539000 mismatch=0 overrun=0 | io: cycles=67375 mismatch=0 overrun=0
-- tick=540000 -- motion: cycles=540000 mismatch=0 overrun=0 | io: cycles=67500 mismatch=0 overrun=0
-- tick=541000 -- motion: cycles=541000 mismatch=0 overrun=0 | io: cycles=67625 mismatch=0 overrun=0
-- tick=542000 -- motion: cycles=542000 mismatch=0 overrun=0 | io: cycles=67750 mismatch=0 overrun=0
-- tick=543000 -- motion: cycles=543000 mismatch=0 overrun=0 | io: cycles=67875 mismatch=0 overrun=0
-- tick=544000 -- motion: cycles=544000 mismatch=0 overrun=0 | io: cycles=68000 mismatch=0 overrun=0
-- tick=545000 -- motion: cycles=545000 mismatch=0 overrun=0 | io: cycles=68125 mismatch=0 overrun=0
-- tick=546000 -- motion: cycles=546000 mismatch=0 overrun=0 | io: cycles=68250 mismatch=0 overrun=0
-- tick=547000 -- motion: cycles=547000 mismatch=0 overrun=0 | io: cycles=68375 mismatch=0 overrun=0
-- tick=548000 -- motion: cycles=548000 mismatch=0 overrun=0 | io: cycles=68500 mismatch=0 overrun=0
-- tick=549000 -- motion: cycles=549000 mismatch=0 overrun=0 | io: cycles=68625 mismatch=0 overrun=0
-- tick=550000 -- motion: cycles=550000 mismatch=0 overrun=0 | io: cycles=68750 mismatch=0 overrun=0
-- tick=551000 -- motion: cycles=551000 mismatch=0 overrun=0 | io: cycles=68875 mismatch=0 overrun=0
-- tick=552000 -- motion: cycles=552000 mismatch=0 overrun=0 | io: cycles=69000 mismatch=0 overrun=0
-- tick=553000 -- motion: cycles=553000 mismatch=0 overrun=0 | io: cycles=69125 mismatch=0 overrun=0
-- tick=554000 -- motion: cycles=554000 mismatch=0 overrun=0 | io: cycles=69250 mismatch=0 overrun=0
-- tick=555000 -- motion: cycles=555000 mismatch=0 overrun=0 | io: cycles=69375 mismatch=0 overrun=0
-- tick=556000 -- motion: cycles=556000 mismatch=0 overrun=0 | io: cycles=69500 mismatch=0 overrun=0
-- tick=557000 -- motion: cycles=557000 mismatch=0 overrun=0 | io: cycles=69625 mismatch=0 overrun=0
-- tick=558000 -- motion: cycles=558000 mismatch=0 overrun=0 | io: cycles=69750 mismatch=0 overrun=0
-- tick=559000 -- motion: cycles=559000 mismatch=0 overrun=0 | io: cycles=69875 mismatch=0 overrun=0
-- tick=560000 -- motion: cycles=560000 mismatch=0 overrun=0 | io: cycles=70000 mismatch=0 overrun=0
-- tick=561000 -- motion: cycles=561000 mismatch=0 overrun=0 | io: cycles=70125 mismatch=0 overrun=0
-- tick=562000 -- motion: cycles=562000 mismatch=0 overrun=0 | io: cycles=70250 mismatch=0 overrun=0
-- tick=563000 -- motion: cycles=563000 mismatch=0 overrun=0 | io: cycles=70375 mismatch=0 overrun=0
-- tick=564000 -- motion: cycles=564000 mismatch=0 overrun=0 | io: cycles=70500 mismatch=0 overrun=0
-- tick=565000 -- motion: cycles=565000 mismatch=0 overrun=0 | io: cycles=70625 mismatch=0 overrun=0
-- tick=566000 -- motion: cycles=566000 mismatch=0 overrun=0 | io: cycles=70750 mismatch=0 overrun=0
-- tick=567000 -- motion: cycles=567000 mismatch=0 overrun=0 | io: cycles=70875 mismatch=0 overrun=0
-- tick=568000 -- motion: cycles=568000 mismatch=0 overrun=0 | io: cycles=71000 mismatch=0 overrun=0
-- tick=569000 -- motion: cycles=569000 mismatch=0 overrun=0 | io: cycles=71125 mismatch=0 overrun=0
-- tick=570000 -- motion: cycles=570000 mismatch=0 overrun=0 | io: cycles=71250 mismatch=0 overrun=0
-- tick=571000 -- motion: cycles=571000 mismatch=0 overrun=0 | io: cycles=71375 mismatch=0 overrun=0
-- tick=572000 -- motion: cycles=572000 mismatch=0 overrun=0 | io: cycles=71500 mismatch=0 overrun=0
-- tick=573000 -- motion: cycles=573000 mismatch=0 overrun=0 | io: cycles=71625 mismatch=0 overrun=0
-- tick=574000 -- motion: cycles=574000 mismatch=0 overrun=0 | io: cycles=71750 mismatch=0 overrun=0
-- tick=575000 -- motion: cycles=575000 mismatch=0 overrun=0 | io: cycles=71875 mismatch=0 overrun=0
-- tick=576000 -- motion: cycles=576000 mismatch=0 overrun=0 | io: cycles=72000 mismatch=0 overrun=0
-- tick=577000 -- motion: cycles=577000 mismatch=0 overrun=0 | io: cycles=72125 mismatch=0 overrun=0
-- tick=578000 -- motion: cycles=578000 mismatch=0 overrun=0 | io: cycles=72250 mismatch=0 overrun=0
-- tick=579000 -- motion: cycles=579000 mismatch=0 overrun=0 | io: cycles=72375 mismatch=0 overrun=0
-- tick=580000 -- motion: cycles=580000 mismatch=0 overrun=0 | io: cycles=72500 mismatch=0 overrun=0
-- tick=581000 -- motion: cycles=581000 mismatch=0 overrun=0 | io: cycles=72625 mismatch=0 overrun=0
-- tick=582000 -- motion: cycles=582000 mismatch=0 overrun=0 | io: cycles=72750 mismatch=0 overrun=0
-- tick=583000 -- motion: cycles=583000 mismatch=0 overrun=0 | io: cycles=72875 mismatch=0 overrun=0
-- tick=584000 -- motion: cycles=584000 mismatch=0 overrun=0 | io: cycles=73000 mismatch=0 overrun=0
-- tick=585000 -- motion: cycles=585000 mismatch=0 overrun=0 | io: cycles=73125 mismatch=0 overrun=0
-- tick=586000 -- motion: cycles=586000 mismatch=0 overrun=0 | io: cycles=73250 mismatch=0 overrun=0
-- tick=587000 -- motion: cycles=587000 mismatch=0 overrun=0 | io: cycles=73375 mismatch=0 overrun=0
-- tick=588000 -- motion: cycles=588000 mismatch=0 overrun=0 | io: cycles=73500 mismatch=0 overrun=0
-- tick=589000 -- motion: cycles=589000 mismatch=0 overrun=0 | io: cycles=73625 mismatch=0 overrun=0
-- tick=590000 -- motion: cycles=590000 mismatch=0 overrun=0 | io: cycles=73750 mismatch=0 overrun=0
-- tick=591000 -- motion: cycles=591000 mismatch=0 overrun=0 | io: cycles=73875 mismatch=0 overrun=0
-- tick=592000 -- motion: cycles=592000 mismatch=0 overrun=0 | io: cycles=74000 mismatch=0 overrun=0
-- tick=593000 -- motion: cycles=593000 mismatch=0 overrun=0 | io: cycles=74125 mismatch=0 overrun=0
-- tick=594000 -- motion: cycles=594000 mismatch=0 overrun=0 | io: cycles=74250 mismatch=0 overrun=0
-- tick=595000 -- motion: cycles=595000 mismatch=0 overrun=0 | io: cycles=74375 mismatch=0 overrun=0
-- tick=596000 -- motion: cycles=596000 mismatch=0 overrun=0 | io: cycles=74500 mismatch=0 overrun=0
-- tick=597000 -- motion: cycles=597000 mismatch=0 overrun=0 | io: cycles=74625 mismatch=0 overrun=0
-- tick=598000 -- motion: cycles=598000 mismatch=0 overrun=0 | io: cycles=74750 mismatch=0 overrun=0
-- tick=599000 -- motion: cycles=599000 mismatch=0 overrun=0 | io: cycles=74875 mismatch=0 overrun=0
-- tick=600000 -- motion: cycles=600000 mismatch=0 overrun=0 | io: cycles=75000 mismatch=0 overrun=0
-- tick=601000 -- motion: cycles=601000 mismatch=0 overrun=0 | io: cycles=75125 mismatch=0 overrun=0
-- tick=602000 -- motion: cycles=602000 mismatch=0 overrun=0 | io: cycles=75250 mismatch=0 overrun=0
-- tick=603000 -- motion: cycles=603000 mismatch=0 overrun=0 | io: cycles=75375 mismatch=0 overrun=0
-- tick=604000 -- motion: cycles=604000 mismatch=0 overrun=0 | io: cycles=75500 mismatch=0 overrun=0
-- tick=605000 -- motion: cycles=605000 mismatch=0 overrun=0 | io: cycles=75625 mismatch=0 overrun=0
-- tick=606000 -- motion: cycles=606000 mismatch=0 overrun=0 | io: cycles=75750 mismatch=0 overrun=0
-- tick=607000 -- motion: cycles=607000 mismatch=0 overrun=0 | io: cycles=75875 mismatch=0 overrun=0
-- tick=608000 -- motion: cycles=608000 mismatch=0 overrun=0 | io: cycles=76000 mismatch=0 overrun=0
-- tick=609000 -- motion: cycles=609000 mismatch=0 overrun=0 | io: cycles=76125 mismatch=0 overrun=0
-- tick=610000 -- motion: cycles=610000 mismatch=0 overrun=0 | io: cycles=76250 mismatch=0 overrun=0
-- tick=611000 -- motion: cycles=611000 mismatch=0 overrun=0 | io: cycles=76375 mismatch=0 overrun=0
-- tick=612000 -- motion: cycles=612000 mismatch=0 overrun=0 | io: cycles=76500 mismatch=0 overrun=0
-- tick=613000 -- motion: cycles=613000 mismatch=0 overrun=0 | io: cycles=76625 mismatch=0 overrun=0
-- tick=614000 -- motion: cycles=614000 mismatch=0 overrun=0 | io: cycles=76750 mismatch=0 overrun=0
-- tick=615000 -- motion: cycles=615000 mismatch=0 overrun=0 | io: cycles=76875 mismatch=0 overrun=0
-- tick=616000 -- motion: cycles=616000 mismatch=0 overrun=0 | io: cycles=77000 mismatch=0 overrun=0
-- tick=617000 -- motion: cycles=617000 mismatch=0 overrun=0 | io: cycles=77125 mismatch=0 overrun=0
-- tick=618000 -- motion: cycles=618000 mismatch=0 overrun=0 | io: cycles=77250 mismatch=0 overrun=0
-- tick=619000 -- motion: cycles=619000 mismatch=0 overrun=0 | io: cycles=77375 mismatch=0 overrun=0
-- tick=620000 -- motion: cycles=620000 mismatch=0 overrun=0 | io: cycles=77500 mismatch=0 overrun=0
-- tick=621000 -- motion: cycles=621000 mismatch=0 overrun=0 | io: cycles=77625 mismatch=0 overrun=0
-- tick=622000 -- motion: cycles=622000 mismatch=0 overrun=0 | io: cycles=77750 mismatch=0 overrun=0
-- tick=623000 -- motion: cycles=623000 mismatch=0 overrun=0 | io: cycles=77875 mismatch=0 overrun=0
-- tick=624000 -- motion: cycles=624000 mismatch=0 overrun=0 | io: cycles=78000 mismatch=0 overrun=0
-- tick=625000 -- motion: cycles=625000 mismatch=0 overrun=0 | io: cycles=78125 mismatch=0 overrun=0
-- tick=626000 -- motion: cycles=626000 mismatch=0 overrun=0 | io: cycles=78250 mismatch=0 overrun=0
-- tick=627000 -- motion: cycles=627000 mismatch=0 overrun=0 | io: cycles=78375 mismatch=0 overrun=0
-- tick=628000 -- motion: cycles=628000 mismatch=0 overrun=0 | io: cycles=78500 mismatch=0 overrun=0
-- tick=629000 -- motion: cycles=629000 mismatch=0 overrun=0 | io: cycles=78625 mismatch=0 overrun=0
-- tick=630000 -- motion: cycles=630000 mismatch=0 overrun=0 | io: cycles=78750 mismatch=0 overrun=0
-- tick=631000 -- motion: cycles=631000 mismatch=0 overrun=0 | io: cycles=78875 mismatch=0 overrun=0
-- tick=632000 -- motion: cycles=632000 mismatch=0 overrun=0 | io: cycles=79000 mismatch=0 overrun=0
-- tick=633000 -- motion: cycles=633000 mismatch=0 overrun=0 | io: cycles=79125 mismatch=0 overrun=0
-- tick=634000 -- motion: cycles=634000 mismatch=0 overrun=0 | io: cycles=79250 mismatch=0 overrun=0
-- tick=635000 -- motion: cycles=635000 mismatch=0 overrun=0 | io: cycles=79375 mismatch=0 overrun=0
-- tick=636000 -- motion: cycles=636000 mismatch=0 overrun=0 | io: cycles=79500 mismatch=0 overrun=0
-- tick=637000 -- motion: cycles=637000 mismatch=0 overrun=0 | io: cycles=79625 mismatch=0 overrun=0
-- tick=638000 -- motion: cycles=638000 mismatch=0 overrun=0 | io: cycles=79750 mismatch=0 overrun=0
-- tick=639000 -- motion: cycles=639000 mismatch=0 overrun=0 | io: cycles=79875 mismatch=0 overrun=0
-- tick=640000 -- motion: cycles=640000 mismatch=0 overrun=0 | io: cycles=80000 mismatch=0 overrun=0
-- tick=641000 -- motion: cycles=641000 mismatch=0 overrun=0 | io: cycles=80125 mismatch=0 overrun=0
-- tick=642000 -- motion: cycles=642000 mismatch=0 overrun=0 | io: cycles=80250 mismatch=0 overrun=0
-- tick=643000 -- motion: cycles=643000 mismatch=0 overrun=0 | io: cycles=80375 mismatch=0 overrun=0
-- tick=644000 -- motion: cycles=644000 mismatch=0 overrun=0 | io: cycles=80500 mismatch=0 overrun=0
-- tick=645000 -- motion: cycles=645000 mismatch=0 overrun=0 | io: cycles=80625 mismatch=0 overrun=0
-- tick=646000 -- motion: cycles=646000 mismatch=0 overrun=0 | io: cycles=80750 mismatch=0 overrun=0
-- tick=647000 -- motion: cycles=647000 mismatch=0 overrun=0 | io: cycles=80875 mismatch=0 overrun=0
-- tick=648000 -- motion: cycles=648000 mismatch=0 overrun=0 | io: cycles=81000 mismatch=0 overrun=0
-- tick=649000 -- motion: cycles=649000 mismatch=0 overrun=0 | io: cycles=81125 mismatch=0 overrun=0
-- tick=650000 -- motion: cycles=650000 mismatch=0 overrun=0 | io: cycles=81250 mismatch=0 overrun=0
-- tick=651000 -- motion: cycles=651000 mismatch=0 overrun=0 | io: cycles=81375 mismatch=0 overrun=0
-- tick=652000 -- motion: cycles=652000 mismatch=0 overrun=0 | io: cycles=81500 mismatch=0 overrun=0
-- tick=653000 -- motion: cycles=653000 mismatch=0 overrun=0 | io: cycles=81625 mismatch=0 overrun=0
-- tick=654000 -- motion: cycles=654000 mismatch=0 overrun=0 | io: cycles=81750 mismatch=0 overrun=0
-- tick=655000 -- motion: cycles=655000 mismatch=0 overrun=0 | io: cycles=81875 mismatch=0 overrun=0
-- tick=656000 -- motion: cycles=656000 mismatch=0 overrun=0 | io: cycles=82000 mismatch=0 overrun=0
-- tick=657000 -- motion: cycles=657000 mismatch=0 overrun=0 | io: cycles=82125 mismatch=0 overrun=0
-- tick=658000 -- motion: cycles=658000 mismatch=0 overrun=0 | io: cycles=82250 mismatch=0 overrun=0
-- tick=659000 -- motion: cycles=659000 mismatch=0 overrun=0 | io: cycles=82375 mismatch=0 overrun=0
-- tick=660000 -- motion: cycles=660000 mismatch=0 overrun=0 | io: cycles=82500 mismatch=0 overrun=0
-- tick=661000 -- motion: cycles=661000 mismatch=0 overrun=0 | io: cycles=82625 mismatch=0 overrun=0
-- tick=662000 -- motion: cycles=662000 mismatch=0 overrun=0 | io: cycles=82750 mismatch=0 overrun=0
-- tick=663000 -- motion: cycles=663000 mismatch=0 overrun=0 | io: cycles=82875 mismatch=0 overrun=0
-- tick=664000 -- motion: cycles=664000 mismatch=0 overrun=0 | io: cycles=83000 mismatch=0 overrun=0
-- tick=665000 -- motion: cycles=665000 mismatch=0 overrun=0 | io: cycles=83125 mismatch=0 overrun=0
-- tick=666000 -- motion: cycles=666000 mismatch=0 overrun=0 | io: cycles=83250 mismatch=0 overrun=0
-- tick=667000 -- motion: cycles=667000 mismatch=0 overrun=0 | io: cycles=83375 mismatch=0 overrun=0
-- tick=668000 -- motion: cycles=668000 mismatch=0 overrun=0 | io: cycles=83500 mismatch=0 overrun=0
-- tick=669000 -- motion: cycles=669000 mismatch=0 overrun=0 | io: cycles=83625 mismatch=0 overrun=0
-- tick=670000 -- motion: cycles=670000 mismatch=0 overrun=0 | io: cycles=83750 mismatch=0 overrun=0
-- tick=671000 -- motion: cycles=671000 mismatch=0 overrun=0 | io: cycles=83875 mismatch=0 overrun=0
-- tick=672000 -- motion: cycles=672000 mismatch=0 overrun=0 | io: cycles=84000 mismatch=0 overrun=0
-- tick=673000 -- motion: cycles=673000 mismatch=0 overrun=0 | io: cycles=84125 mismatch=0 overrun=0
-- tick=674000 -- motion: cycles=674000 mismatch=0 overrun=0 | io: cycles=84250 mismatch=0 overrun=0
-- tick=675000 -- motion: cycles=675000 mismatch=0 overrun=0 | io: cycles=84375 mismatch=0 overrun=0
-- tick=676000 -- motion: cycles=676000 mismatch=0 overrun=0 | io: cycles=84500 mismatch=0 overrun=0
-- tick=677000 -- motion: cycles=677000 mismatch=0 overrun=0 | io: cycles=84625 mismatch=0 overrun=0
-- tick=678000 -- motion: cycles=678000 mismatch=0 overrun=0 | io: cycles=84750 mismatch=0 overrun=0
-- tick=679000 -- motion: cycles=679000 mismatch=0 overrun=0 | io: cycles=84875 mismatch=0 overrun=0
-- tick=680000 -- motion: cycles=680000 mismatch=0 overrun=0 | io: cycles=85000 mismatch=0 overrun=0
-- tick=681000 -- motion: cycles=681000 mismatch=0 overrun=0 | io: cycles=85125 mismatch=0 overrun=0
-- tick=682000 -- motion: cycles=682000 mismatch=0 overrun=0 | io: cycles=85250 mismatch=0 overrun=0
-- tick=683000 -- motion: cycles=683000 mismatch=0 overrun=0 | io: cycles=85375 mismatch=0 overrun=0
-- tick=684000 -- motion: cycles=684000 mismatch=0 overrun=0 | io: cycles=85500 mismatch=0 overrun=0
-- tick=685000 -- motion: cycles=685000 mismatch=0 overrun=0 | io: cycles=85625 mismatch=0 overrun=0
-- tick=686000 -- motion: cycles=686000 mismatch=0 overrun=0 | io: cycles=85750 mismatch=0 overrun=0
-- tick=687000 -- motion: cycles=687000 mismatch=0 overrun=0 | io: cycles=85875 mismatch=0 overrun=0
-- tick=688000 -- motion: cycles=688000 mismatch=0 overrun=0 | io: cycles=86000 mismatch=0 overrun=0
-- tick=689000 -- motion: cycles=689000 mismatch=0 overrun=0 | io: cycles=86125 mismatch=0 overrun=0
-- tick=690000 -- motion: cycles=690000 mismatch=0 overrun=0 | io: cycles=86250 mismatch=0 overrun=0
-- tick=691000 -- motion: cycles=691000 mismatch=0 overrun=0 | io: cycles=86375 mismatch=0 overrun=0
-- tick=692000 -- motion: cycles=692000 mismatch=0 overrun=0 | io: cycles=86500 mismatch=0 overrun=0
-- tick=693000 -- motion: cycles=693000 mismatch=0 overrun=0 | io: cycles=86625 mismatch=0 overrun=0
-- tick=694000 -- motion: cycles=694000 mismatch=0 overrun=0 | io: cycles=86750 mismatch=0 overrun=0
-- tick=695000 -- motion: cycles=695000 mismatch=0 overrun=0 | io: cycles=86875 mismatch=0 overrun=0
-- tick=696000 -- motion: cycles=696000 mismatch=0 overrun=0 | io: cycles=87000 mismatch=0 overrun=0
-- tick=697000 -- motion: cycles=697000 mismatch=0 overrun=0 | io: cycles=87125 mismatch=0 overrun=0
-- tick=698000 -- motion: cycles=698000 mismatch=0 overrun=0 | io: cycles=87250 mismatch=0 overrun=0
-- tick=699000 -- motion: cycles=699000 mismatch=0 overrun=0 | io: cycles=87375 mismatch=0 overrun=0
-- tick=700000 -- motion: cycles=700000 mismatch=0 overrun=0 | io: cycles=87500 mismatch=0 overrun=0
-- tick=701000 -- motion: cycles=701000 mismatch=0 overrun=0 | io: cycles=87625 mismatch=0 overrun=0
-- tick=702000 -- motion: cycles=702000 mismatch=0 overrun=0 | io: cycles=87750 mismatch=0 overrun=0
-- tick=703000 -- motion: cycles=703000 mismatch=0 overrun=0 | io: cycles=87875 mismatch=0 overrun=0
-- tick=704000 -- motion: cycles=704000 mismatch=0 overrun=0 | io: cycles=88000 mismatch=0 overrun=0
-- tick=705000 -- motion: cycles=705000 mismatch=0 overrun=0 | io: cycles=88125 mismatch=0 overrun=0
-- tick=706000 -- motion: cycles=706000 mismatch=0 overrun=0 | io: cycles=88250 mismatch=0 overrun=0
-- tick=707000 -- motion: cycles=707000 mismatch=0 overrun=0 | io: cycles=88375 mismatch=0 overrun=0
-- tick=708000 -- motion: cycles=708000 mismatch=0 overrun=0 | io: cycles=88500 mismatch=0 overrun=0
-- tick=709000 -- motion: cycles=709000 mismatch=0 overrun=0 | io: cycles=88625 mismatch=0 overrun=0
-- tick=710000 -- motion: cycles=710000 mismatch=0 overrun=0 | io: cycles=88750 mismatch=0 overrun=0
-- tick=711000 -- motion: cycles=711000 mismatch=0 overrun=0 | io: cycles=88875 mismatch=0 overrun=0
-- tick=712000 -- motion: cycles=712000 mismatch=0 overrun=0 | io: cycles=89000 mismatch=0 overrun=0
-- tick=713000 -- motion: cycles=713000 mismatch=0 overrun=0 | io: cycles=89125 mismatch=0 overrun=0
-- tick=714000 -- motion: cycles=714000 mismatch=0 overrun=0 | io: cycles=89250 mismatch=0 overrun=0
-- tick=715000 -- motion: cycles=715000 mismatch=0 overrun=0 | io: cycles=89375 mismatch=0 overrun=0
-- tick=716000 -- motion: cycles=716000 mismatch=0 overrun=0 | io: cycles=89500 mismatch=0 overrun=0
-- tick=717000 -- motion: cycles=717000 mismatch=0 overrun=0 | io: cycles=89625 mismatch=0 overrun=0
-- tick=718000 -- motion: cycles=718000 mismatch=0 overrun=0 | io: cycles=89750 mismatch=0 overrun=0
-- tick=719000 -- motion: cycles=719000 mismatch=0 overrun=0 | io: cycles=89875 mismatch=0 overrun=0
-- tick=720000 -- motion: cycles=720000 mismatch=0 overrun=0 | io: cycles=90000 mismatch=0 overrun=0
-- tick=721000 -- motion: cycles=721000 mismatch=0 overrun=0 | io: cycles=90125 mismatch=0 overrun=0
-- tick=722000 -- motion: cycles=722000 mismatch=0 overrun=0 | io: cycles=90250 mismatch=0 overrun=0
-- tick=723000 -- motion: cycles=723000 mismatch=0 overrun=0 | io: cycles=90375 mismatch=0 overrun=0
-- tick=724000 -- motion: cycles=724000 mismatch=0 overrun=0 | io: cycles=90500 mismatch=0 overrun=0
-- tick=725000 -- motion: cycles=725000 mismatch=0 overrun=0 | io: cycles=90625 mismatch=0 overrun=0
-- tick=726000 -- motion: cycles=726000 mismatch=0 overrun=0 | io: cycles=90750 mismatch=0 overrun=0
-- tick=727000 -- motion: cycles=727000 mismatch=0 overrun=0 | io: cycles=90875 mismatch=0 overrun=0
-- tick=728000 -- motion: cycles=728000 mismatch=0 overrun=0 | io: cycles=91000 mismatch=0 overrun=0
-- tick=729000 -- motion: cycles=729000 mismatch=0 overrun=0 | io: cycles=91125 mismatch=0 overrun=0
-- tick=730000 -- motion: cycles=730000 mismatch=0 overrun=0 | io: cycles=91250 mismatch=0 overrun=0
-- tick=731000 -- motion: cycles=731000 mismatch=0 overrun=0 | io: cycles=91375 mismatch=0 overrun=0
-- tick=732000 -- motion: cycles=732000 mismatch=0 overrun=0 | io: cycles=91500 mismatch=0 overrun=0
-- tick=733000 -- motion: cycles=733000 mismatch=0 overrun=0 | io: cycles=91625 mismatch=0 overrun=0
-- tick=734000 -- motion: cycles=734000 mismatch=0 overrun=0 | io: cycles=91750 mismatch=0 overrun=0
-- tick=735000 -- motion: cycles=735000 mismatch=0 overrun=0 | io: cycles=91875 mismatch=0 overrun=0
-- tick=736000 -- motion: cycles=736000 mismatch=0 overrun=0 | io: cycles=92000 mismatch=0 overrun=0
-- tick=737000 -- motion: cycles=737000 mismatch=0 overrun=0 | io: cycles=92125 mismatch=0 overrun=0
-- tick=738000 -- motion: cycles=738000 mismatch=0 overrun=0 | io: cycles=92250 mismatch=0 overrun=0
-- tick=739000 -- motion: cycles=739000 mismatch=0 overrun=0 | io: cycles=92375 mismatch=0 overrun=0
-- tick=740000 -- motion: cycles=740000 mismatch=0 overrun=0 | io: cycles=92500 mismatch=0 overrun=0
-- tick=741000 -- motion: cycles=741000 mismatch=0 overrun=0 | io: cycles=92625 mismatch=0 overrun=0
-- tick=742000 -- motion: cycles=742000 mismatch=0 overrun=0 | io: cycles=92750 mismatch=0 overrun=0
-- tick=743000 -- motion: cycles=743000 mismatch=0 overrun=0 | io: cycles=92875 mismatch=0 overrun=0
-- tick=744000 -- motion: cycles=744000 mismatch=0 overrun=0 | io: cycles=93000 mismatch=0 overrun=0
-- tick=745000 -- motion: cycles=745000 mismatch=0 overrun=0 | io: cycles=93125 mismatch=0 overrun=0
-- tick=746000 -- motion: cycles=746000 mismatch=0 overrun=0 | io: cycles=93250 mismatch=0 overrun=0
-- tick=747000 -- motion: cycles=747000 mismatch=0 overrun=0 | io: cycles=93375 mismatch=0 overrun=0
-- tick=748000 -- motion: cycles=748000 mismatch=0 overrun=0 | io: cycles=93500 mismatch=0 overrun=0
-- tick=749000 -- motion: cycles=749000 mismatch=0 overrun=0 | io: cycles=93625 mismatch=0 overrun=0
-- tick=750000 -- motion: cycles=750000 mismatch=0 overrun=0 | io: cycles=93750 mismatch=0 overrun=0
-- tick=751000 -- motion: cycles=751000 mismatch=0 overrun=0 | io: cycles=93875 mismatch=0 overrun=0
-- tick=752000 -- motion: cycles=752000 mismatch=0 overrun=0 | io: cycles=94000 mismatch=0 overrun=0
-- tick=753000 -- motion: cycles=753000 mismatch=0 overrun=0 | io: cycles=94125 mismatch=0 overrun=0
-- tick=754000 -- motion: cycles=754000 mismatch=0 overrun=0 | io: cycles=94250 mismatch=0 overrun=0
-- tick=755000 -- motion: cycles=755000 mismatch=0 overrun=0 | io: cycles=94375 mismatch=0 overrun=0
-- tick=756000 -- motion: cycles=756000 mismatch=0 overrun=0 | io: cycles=94500 mismatch=0 overrun=0
-- tick=757000 -- motion: cycles=757000 mismatch=0 overrun=0 | io: cycles=94625 mismatch=0 overrun=0
-- tick=758000 -- motion: cycles=758000 mismatch=0 overrun=0 | io: cycles=94750 mismatch=0 overrun=0
-- tick=759000 -- motion: cycles=759000 mismatch=0 overrun=0 | io: cycles=94875 mismatch=0 overrun=0
-- tick=760000 -- motion: cycles=760000 mismatch=0 overrun=0 | io: cycles=95000 mismatch=0 overrun=0
-- tick=761000 -- motion: cycles=761000 mismatch=0 overrun=0 | io: cycles=95125 mismatch=0 overrun=0
-- tick=762000 -- motion: cycles=762000 mismatch=0 overrun=0 | io: cycles=95250 mismatch=0 overrun=0
-- tick=763000 -- motion: cycles=763000 mismatch=0 overrun=0 | io: cycles=95375 mismatch=0 overrun=0
-- tick=764000 -- motion: cycles=764000 mismatch=0 overrun=0 | io: cycles=95500 mismatch=0 overrun=0
-- tick=765000 -- motion: cycles=765000 mismatch=0 overrun=0 | io: cycles=95625 mismatch=0 overrun=0
-- tick=766000 -- motion: cycles=766000 mismatch=0 overrun=0 | io: cycles=95750 mismatch=0 overrun=0
-- tick=767000 -- motion: cycles=767000 mismatch=0 overrun=0 | io: cycles=95875 mismatch=0 overrun=0
-- tick=768000 -- motion: cycles=768000 mismatch=0 overrun=0 | io: cycles=96000 mismatch=0 overrun=0
-- tick=769000 -- motion: cycles=769000 mismatch=0 overrun=0 | io: cycles=96125 mismatch=0 overrun=0
-- tick=770000 -- motion: cycles=770000 mismatch=0 overrun=0 | io: cycles=96250 mismatch=0 overrun=0
-- tick=771000 -- motion: cycles=771000 mismatch=0 overrun=0 | io: cycles=96375 mismatch=0 overrun=0
-- tick=772000 -- motion: cycles=772000 mismatch=0 overrun=0 | io: cycles=96500 mismatch=0 overrun=0
-- tick=773000 -- motion: cycles=773000 mismatch=0 overrun=0 | io: cycles=96625 mismatch=0 overrun=0
-- tick=774000 -- motion: cycles=774000 mismatch=0 overrun=0 | io: cycles=96750 mismatch=0 overrun=0
-- tick=775000 -- motion: cycles=775000 mismatch=0 overrun=0 | io: cycles=96875 mismatch=0 overrun=0
-- tick=776000 -- motion: cycles=776000 mismatch=0 overrun=0 | io: cycles=97000 mismatch=0 overrun=0
-- tick=777000 -- motion: cycles=777000 mismatch=0 overrun=0 | io: cycles=97125 mismatch=0 overrun=0
-- tick=778000 -- motion: cycles=778000 mismatch=0 overrun=0 | io: cycles=97250 mismatch=0 overrun=0
-- tick=779000 -- motion: cycles=779000 mismatch=0 overrun=0 | io: cycles=97375 mismatch=0 overrun=0
-- tick=780000 -- motion: cycles=780000 mismatch=0 overrun=0 | io: cycles=97500 mismatch=0 overrun=0
-- tick=781000 -- motion: cycles=781000 mismatch=0 overrun=0 | io: cycles=97625 mismatch=0 overrun=0
-- tick=782000 -- motion: cycles=782000 mismatch=0 overrun=0 | io: cycles=97750 mismatch=0 overrun=0
-- tick=783000 -- motion: cycles=783000 mismatch=0 overrun=0 | io: cycles=97875 mismatch=0 overrun=0
-- tick=784000 -- motion: cycles=784000 mismatch=0 overrun=0 | io: cycles=98000 mismatch=0 overrun=0
-- tick=785000 -- motion: cycles=785000 mismatch=0 overrun=0 | io: cycles=98125 mismatch=0 overrun=0
-- tick=786000 -- motion: cycles=786000 mismatch=0 overrun=0 | io: cycles=98250 mismatch=0 overrun=0
-- tick=787000 -- motion: cycles=787000 mismatch=0 overrun=0 | io: cycles=98375 mismatch=0 overrun=0
-- tick=788000 -- motion: cycles=788000 mismatch=0 overrun=0 | io: cycles=98500 mismatch=0 overrun=0
-- tick=789000 -- motion: cycles=789000 mismatch=0 overrun=0 | io: cycles=98625 mismatch=0 overrun=0
-- tick=790000 -- motion: cycles=790000 mismatch=0 overrun=0 | io: cycles=98750 mismatch=0 overrun=0
-- tick=791000 -- motion: cycles=791000 mismatch=0 overrun=0 | io: cycles=98875 mismatch=0 overrun=0
-- tick=792000 -- motion: cycles=792000 mismatch=0 overrun=0 | io: cycles=99000 mismatch=0 overrun=0
-- tick=793000 -- motion: cycles=793000 mismatch=0 overrun=0 | io: cycles=99125 mismatch=0 overrun=0
-- tick=794000 -- motion: cycles=794000 mismatch=0 overrun=0 | io: cycles=99250 mismatch=0 overrun=0
-- tick=795000 -- motion: cycles=795000 mismatch=0 overrun=0 | io: cycles=99375 mismatch=0 overrun=0
-- tick=796000 -- motion: cycles=796000 mismatch=0 overrun=0 | io: cycles=99500 mismatch=0 overrun=0
-- tick=797000 -- motion: cycles=797000 mismatch=0 overrun=0 | io: cycles=99625 mismatch=0 overrun=0
-- tick=798000 -- motion: cycles=798000 mismatch=0 overrun=0 | io: cycles=99750 mismatch=0 overrun=0
-- tick=799000 -- motion: cycles=799000 mismatch=0 overrun=0 | io: cycles=99875 mismatch=0 overrun=0
-- tick=800000 -- motion: cycles=800000 mismatch=0 overrun=0 | io: cycles=100000 mismatch=0 overrun=0
-- tick=801000 -- motion: cycles=801000 mismatch=0 overrun=0 | io: cycles=100125 mismatch=0 overrun=0
-- tick=802000 -- motion: cycles=802000 mismatch=0 overrun=0 | io: cycles=100250 mismatch=0 overrun=0
-- tick=803000 -- motion: cycles=803000 mismatch=0 overrun=0 | io: cycles=100375 mismatch=0 overrun=0
-- tick=804000 -- motion: cycles=804000 mismatch=0 overrun=0 | io: cycles=100500 mismatch=0 overrun=0
-- tick=805000 -- motion: cycles=805000 mismatch=0 overrun=0 | io: cycles=100625 mismatch=0 overrun=0
-- tick=806000 -- motion: cycles=806000 mismatch=0 overrun=0 | io: cycles=100750 mismatch=0 overrun=0
-- tick=807000 -- motion: cycles=807000 mismatch=0 overrun=0 | io: cycles=100875 mismatch=0 overrun=0
-- tick=808000 -- motion: cycles=808000 mismatch=0 overrun=0 | io: cycles=101000 mismatch=0 overrun=0
-- tick=809000 -- motion: cycles=809000 mismatch=0 overrun=0 | io: cycles=101125 mismatch=0 overrun=0
-- tick=810000 -- motion: cycles=810000 mismatch=0 overrun=0 | io: cycles=101250 mismatch=0 overrun=0
-- tick=811000 -- motion: cycles=811000 mismatch=0 overrun=0 | io: cycles=101375 mismatch=0 overrun=0
-- tick=812000 -- motion: cycles=812000 mismatch=0 overrun=0 | io: cycles=101500 mismatch=0 overrun=0
-- tick=813000 -- motion: cycles=813000 mismatch=0 overrun=0 | io: cycles=101625 mismatch=0 overrun=0
-- tick=814000 -- motion: cycles=814000 mismatch=0 overrun=0 | io: cycles=101750 mismatch=0 overrun=0
-- tick=815000 -- motion: cycles=815000 mismatch=0 overrun=0 | io: cycles=101875 mismatch=0 overrun=0
-- tick=816000 -- motion: cycles=816000 mismatch=0 overrun=0 | io: cycles=102000 mismatch=0 overrun=0
-- tick=817000 -- motion: cycles=817000 mismatch=0 overrun=0 | io: cycles=102125 mismatch=0 overrun=0
-- tick=818000 -- motion: cycles=818000 mismatch=0 overrun=0 | io: cycles=102250 mismatch=0 overrun=0
-- tick=819000 -- motion: cycles=819000 mismatch=0 overrun=0 | io: cycles=102375 mismatch=0 overrun=0
-- tick=820000 -- motion: cycles=820000 mismatch=0 overrun=0 | io: cycles=102500 mismatch=0 overrun=0
-- tick=821000 -- motion: cycles=821000 mismatch=0 overrun=0 | io: cycles=102625 mismatch=0 overrun=0
-- tick=822000 -- motion: cycles=822000 mismatch=0 overrun=0 | io: cycles=102750 mismatch=0 overrun=0
-- tick=823000 -- motion: cycles=823000 mismatch=0 overrun=0 | io: cycles=102875 mismatch=0 overrun=0
-- tick=824000 -- motion: cycles=824000 mismatch=0 overrun=0 | io: cycles=103000 mismatch=0 overrun=0
-- tick=825000 -- motion: cycles=825000 mismatch=0 overrun=0 | io: cycles=103125 mismatch=0 overrun=0
-- tick=826000 -- motion: cycles=826000 mismatch=0 overrun=0 | io: cycles=103250 mismatch=0 overrun=0
-- tick=827000 -- motion: cycles=827000 mismatch=0 overrun=0 | io: cycles=103375 mismatch=0 overrun=0
-- tick=828000 -- motion: cycles=828000 mismatch=0 overrun=0 | io: cycles=103500 mismatch=0 overrun=0
-- tick=829000 -- motion: cycles=829000 mismatch=0 overrun=0 | io: cycles=103625 mismatch=0 overrun=0
-- tick=830000 -- motion: cycles=830000 mismatch=0 overrun=0 | io: cycles=103750 mismatch=0 overrun=0
-- tick=831000 -- motion: cycles=831000 mismatch=0 overrun=0 | io: cycles=103875 mismatch=0 overrun=0
-- tick=832000 -- motion: cycles=832000 mismatch=0 overrun=0 | io: cycles=104000 mismatch=0 overrun=0
-- tick=833000 -- motion: cycles=833000 mismatch=0 overrun=0 | io: cycles=104125 mismatch=0 overrun=0
-- tick=834000 -- motion: cycles=834000 mismatch=0 overrun=0 | io: cycles=104250 mismatch=0 overrun=0
-- tick=835000 -- motion: cycles=835000 mismatch=0 overrun=0 | io: cycles=104375 mismatch=0 overrun=0
-- tick=836000 -- motion: cycles=836000 mismatch=0 overrun=0 | io: cycles=104500 mismatch=0 overrun=0
-- tick=837000 -- motion: cycles=837000 mismatch=0 overrun=0 | io: cycles=104625 mismatch=0 overrun=0
-- tick=838000 -- motion: cycles=838000 mismatch=0 overrun=0 | io: cycles=104750 mismatch=0 overrun=0
-- tick=839000 -- motion: cycles=839000 mismatch=0 overrun=0 | io: cycles=104875 mismatch=0 overrun=0
-- tick=840000 -- motion: cycles=840000 mismatch=0 overrun=0 | io: cycles=105000 mismatch=0 overrun=0
-- tick=841000 -- motion: cycles=841000 mismatch=0 overrun=0 | io: cycles=105125 mismatch=0 overrun=0
-- tick=842000 -- motion: cycles=842000 mismatch=0 overrun=0 | io: cycles=105250 mismatch=0 overrun=0
-- tick=843000 -- motion: cycles=843000 mismatch=0 overrun=0 | io: cycles=105375 mismatch=0 overrun=0
-- tick=844000 -- motion: cycles=844000 mismatch=0 overrun=0 | io: cycles=105500 mismatch=0 overrun=0
-- tick=845000 -- motion: cycles=845000 mismatch=0 overrun=0 | io: cycles=105625 mismatch=0 overrun=0
-- tick=846000 -- motion: cycles=846000 mismatch=0 overrun=0 | io: cycles=105750 mismatch=0 overrun=0
-- tick=847000 -- motion: cycles=847000 mismatch=0 overrun=0 | io: cycles=105875 mismatch=0 overrun=0
-- tick=848000 -- motion: cycles=848000 mismatch=0 overrun=0 | io: cycles=106000 mismatch=0 overrun=0
-- tick=849000 -- motion: cycles=849000 mismatch=0 overrun=0 | io: cycles=106125 mismatch=0 overrun=0
-- tick=850000 -- motion: cycles=850000 mismatch=0 overrun=0 | io: cycles=106250 mismatch=0 overrun=0
-- tick=851000 -- motion: cycles=851000 mismatch=0 overrun=0 | io: cycles=106375 mismatch=0 overrun=0
-- tick=852000 -- motion: cycles=852000 mismatch=0 overrun=0 | io: cycles=106500 mismatch=0 overrun=0
-- tick=853000 -- motion: cycles=853000 mismatch=0 overrun=0 | io: cycles=106625 mismatch=0 overrun=0
-- tick=854000 -- motion: cycles=854000 mismatch=0 overrun=0 | io: cycles=106750 mismatch=0 overrun=0
-- tick=855000 -- motion: cycles=855000 mismatch=0 overrun=0 | io: cycles=106875 mismatch=0 overrun=0
-- tick=856000 -- motion: cycles=856000 mismatch=0 overrun=0 | io: cycles=107000 mismatch=0 overrun=0
-- tick=857000 -- motion: cycles=857000 mismatch=0 overrun=0 | io: cycles=107125 mismatch=0 overrun=0
-- tick=858000 -- motion: cycles=858000 mismatch=0 overrun=0 | io: cycles=107250 mismatch=0 overrun=0
-- tick=859000 -- motion: cycles=859000 mismatch=0 overrun=0 | io: cycles=107375 mismatch=0 overrun=0
-- tick=860000 -- motion: cycles=860000 mismatch=0 overrun=0 | io: cycles=107500 mismatch=0 overrun=0
-- tick=861000 -- motion: cycles=861000 mismatch=0 overrun=0 | io: cycles=107625 mismatch=0 overrun=0
-- tick=862000 -- motion: cycles=862000 mismatch=0 overrun=0 | io: cycles=107750 mismatch=0 overrun=0
-- tick=863000 -- motion: cycles=863000 mismatch=0 overrun=0 | io: cycles=107875 mismatch=0 overrun=0
-- tick=864000 -- motion: cycles=864000 mismatch=0 overrun=0 | io: cycles=108000 mismatch=0 overrun=0
-- tick=865000 -- motion: cycles=865000 mismatch=0 overrun=0 | io: cycles=108125 mismatch=0 overrun=0
-- tick=866000 -- motion: cycles=866000 mismatch=0 overrun=0 | io: cycles=108250 mismatch=0 overrun=0
-- tick=867000 -- motion: cycles=867000 mismatch=0 overrun=0 | io: cycles=108375 mismatch=0 overrun=0
-- tick=868000 -- motion: cycles=868000 mismatch=0 overrun=0 | io: cycles=108500 mismatch=0 overrun=0
-- tick=869000 -- motion: cycles=869000 mismatch=0 overrun=0 | io: cycles=108625 mismatch=0 overrun=0
-- tick=870000 -- motion: cycles=870000 mismatch=0 overrun=0 | io: cycles=108750 mismatch=0 overrun=0
-- tick=871000 -- motion: cycles=871000 mismatch=0 overrun=0 | io: cycles=108875 mismatch=0 overrun=0
-- tick=872000 -- motion: cycles=872000 mismatch=0 overrun=0 | io: cycles=109000 mismatch=0 overrun=0
-- tick=873000 -- motion: cycles=873000 mismatch=0 overrun=0 | io: cycles=109125 mismatch=0 overrun=0
-- tick=874000 -- motion: cycles=874000 mismatch=0 overrun=0 | io: cycles=109250 mismatch=0 overrun=0
-- tick=875000 -- motion: cycles=875000 mismatch=0 overrun=0 | io: cycles=109375 mismatch=0 overrun=0
-- tick=876000 -- motion: cycles=876000 mismatch=0 overrun=0 | io: cycles=109500 mismatch=0 overrun=0
-- tick=877000 -- motion: cycles=877000 mismatch=0 overrun=0 | io: cycles=109625 mismatch=0 overrun=0
-- tick=878000 -- motion: cycles=878000 mismatch=0 overrun=0 | io: cycles=109750 mismatch=0 overrun=0
-- tick=879000 -- motion: cycles=879000 mismatch=0 overrun=0 | io: cycles=109875 mismatch=0 overrun=0
-- tick=880000 -- motion: cycles=880000 mismatch=0 overrun=0 | io: cycles=110000 mismatch=0 overrun=0
-- tick=881000 -- motion: cycles=881000 mismatch=0 overrun=0 | io: cycles=110125 mismatch=0 overrun=0
-- tick=882000 -- motion: cycles=882000 mismatch=0 overrun=0 | io: cycles=110250 mismatch=0 overrun=0
-- tick=883000 -- motion: cycles=883000 mismatch=0 overrun=0 | io: cycles=110375 mismatch=0 overrun=0
-- tick=884000 -- motion: cycles=884000 mismatch=0 overrun=0 | io: cycles=110500 mismatch=0 overrun=0
-- tick=885000 -- motion: cycles=885000 mismatch=0 overrun=0 | io: cycles=110625 mismatch=0 overrun=0
-- tick=886000 -- motion: cycles=886000 mismatch=0 overrun=0 | io: cycles=110750 mismatch=0 overrun=0
-- tick=887000 -- motion: cycles=887000 mismatch=0 overrun=0 | io: cycles=110875 mismatch=0 overrun=0
-- tick=888000 -- motion: cycles=888000 mismatch=0 overrun=0 | io: cycles=111000 mismatch=0 overrun=0
-- tick=889000 -- motion: cycles=889000 mismatch=0 overrun=0 | io: cycles=111125 mismatch=0 overrun=0
-- tick=890000 -- motion: cycles=890000 mismatch=0 overrun=0 | io: cycles=111250 mismatch=0 overrun=0
-- tick=891000 -- motion: cycles=891000 mismatch=0 overrun=0 | io: cycles=111375 mismatch=0 overrun=0
-- tick=892000 -- motion: cycles=892000 mismatch=0 overrun=0 | io: cycles=111500 mismatch=0 overrun=0
-- tick=893000 -- motion: cycles=893000 mismatch=0 overrun=0 | io: cycles=111625 mismatch=0 overrun=0
-- tick=894000 -- motion: cycles=894000 mismatch=0 overrun=0 | io: cycles=111750 mismatch=0 overrun=0
-- tick=895000 -- motion: cycles=895000 mismatch=0 overrun=0 | io: cycles=111875 mismatch=0 overrun=0
-- tick=896000 -- motion: cycles=896000 mismatch=0 overrun=0 | io: cycles=112000 mismatch=0 overrun=0
-- tick=897000 -- motion: cycles=897000 mismatch=0 overrun=0 | io: cycles=112125 mismatch=0 overrun=0
-- tick=898000 -- motion: cycles=898000 mismatch=0 overrun=0 | io: cycles=112250 mismatch=0 overrun=0
-- tick=899000 -- motion: cycles=899000 mismatch=0 overrun=0 | io: cycles=112375 mismatch=0 overrun=0
-- tick=900000 -- motion: cycles=900000 mismatch=0 overrun=0 | io: cycles=112500 mismatch=0 overrun=0
-- tick=901000 -- motion: cycles=901000 mismatch=0 overrun=0 | io: cycles=112625 mismatch=0 overrun=0
-- tick=902000 -- motion: cycles=902000 mismatch=0 overrun=0 | io: cycles=112750 mismatch=0 overrun=0
-- tick=903000 -- motion: cycles=903000 mismatch=0 overrun=0 | io: cycles=112875 mismatch=0 overrun=0
-- tick=904000 -- motion: cycles=904000 mismatch=0 overrun=0 | io: cycles=113000 mismatch=0 overrun=0
-- tick=905000 -- motion: cycles=905000 mismatch=0 overrun=0 | io: cycles=113125 mismatch=0 overrun=0
-- tick=906000 -- motion: cycles=906000 mismatch=0 overrun=0 | io: cycles=113250 mismatch=0 overrun=0
-- tick=907000 -- motion: cycles=907000 mismatch=0 overrun=0 | io: cycles=113375 mismatch=0 overrun=0
-- tick=908000 -- motion: cycles=908000 mismatch=0 overrun=0 | io: cycles=113500 mismatch=0 overrun=0
-- tick=909000 -- motion: cycles=909000 mismatch=0 overrun=0 | io: cycles=113625 mismatch=0 overrun=0
-- tick=910000 -- motion: cycles=910000 mismatch=0 overrun=0 | io: cycles=113750 mismatch=0 overrun=0
-- tick=911000 -- motion: cycles=911000 mismatch=0 overrun=0 | io: cycles=113875 mismatch=0 overrun=0
-- tick=912000 -- motion: cycles=912000 mismatch=0 overrun=0 | io: cycles=114000 mismatch=0 overrun=0
-- tick=913000 -- motion: cycles=913000 mismatch=0 overrun=0 | io: cycles=114125 mismatch=0 overrun=0
-- tick=914000 -- motion: cycles=914000 mismatch=0 overrun=0 | io: cycles=114250 mismatch=0 overrun=0
-- tick=915000 -- motion: cycles=915000 mismatch=0 overrun=0 | io: cycles=114375 mismatch=0 overrun=0
-- tick=916000 -- motion: cycles=916000 mismatch=0 overrun=0 | io: cycles=114500 mismatch=0 overrun=0
-- tick=917000 -- motion: cycles=917000 mismatch=0 overrun=0 | io: cycles=114625 mismatch=0 overrun=0
-- tick=918000 -- motion: cycles=918000 mismatch=0 overrun=0 | io: cycles=114750 mismatch=0 overrun=0
-- tick=919000 -- motion: cycles=919000 mismatch=0 overrun=0 | io: cycles=114875 mismatch=0 overrun=0
-- tick=920000 -- motion: cycles=920000 mismatch=0 overrun=0 | io: cycles=115000 mismatch=0 overrun=0
-- tick=921000 -- motion: cycles=921000 mismatch=0 overrun=0 | io: cycles=115125 mismatch=0 overrun=0
-- tick=922000 -- motion: cycles=922000 mismatch=0 overrun=0 | io: cycles=115250 mismatch=0 overrun=0
-- tick=923000 -- motion: cycles=923000 mismatch=0 overrun=0 | io: cycles=115375 mismatch=0 overrun=0
-- tick=924000 -- motion: cycles=924000 mismatch=0 overrun=0 | io: cycles=115500 mismatch=0 overrun=0
-- tick=925000 -- motion: cycles=925000 mismatch=0 overrun=0 | io: cycles=115625 mismatch=0 overrun=0
-- tick=926000 -- motion: cycles=926000 mismatch=0 overrun=0 | io: cycles=115750 mismatch=0 overrun=0
-- tick=927000 -- motion: cycles=927000 mismatch=0 overrun=0 | io: cycles=115875 mismatch=0 overrun=0
-- tick=928000 -- motion: cycles=928000 mismatch=0 overrun=0 | io: cycles=116000 mismatch=0 overrun=0
-- tick=929000 -- motion: cycles=929000 mismatch=0 overrun=0 | io: cycles=116125 mismatch=0 overrun=0
-- tick=930000 -- motion: cycles=930000 mismatch=0 overrun=0 | io: cycles=116250 mismatch=0 overrun=0
-- tick=931000 -- motion: cycles=931000 mismatch=0 overrun=0 | io: cycles=116375 mismatch=0 overrun=0
-- tick=932000 -- motion: cycles=932000 mismatch=0 overrun=0 | io: cycles=116500 mismatch=0 overrun=0
-- tick=933000 -- motion: cycles=933000 mismatch=0 overrun=0 | io: cycles=116625 mismatch=0 overrun=0
-- tick=934000 -- motion: cycles=934000 mismatch=0 overrun=0 | io: cycles=116750 mismatch=0 overrun=0
-- tick=935000 -- motion: cycles=935000 mismatch=0 overrun=0 | io: cycles=116875 mismatch=0 overrun=0
-- tick=936000 -- motion: cycles=936000 mismatch=0 overrun=0 | io: cycles=117000 mismatch=0 overrun=0
-- tick=937000 -- motion: cycles=937000 mismatch=0 overrun=0 | io: cycles=117125 mismatch=0 overrun=0
-- tick=938000 -- motion: cycles=938000 mismatch=0 overrun=0 | io: cycles=117250 mismatch=0 overrun=0
-- tick=939000 -- motion: cycles=939000 mismatch=0 overrun=0 | io: cycles=117375 mismatch=0 overrun=0
-- tick=940000 -- motion: cycles=940000 mismatch=0 overrun=0 | io: cycles=117500 mismatch=0 overrun=0
-- tick=941000 -- motion: cycles=941000 mismatch=0 overrun=0 | io: cycles=117625 mismatch=0 overrun=0
-- tick=942000 -- motion: cycles=942000 mismatch=0 overrun=0 | io: cycles=117750 mismatch=0 overrun=0
-- tick=943000 -- motion: cycles=943000 mismatch=0 overrun=0 | io: cycles=117875 mismatch=0 overrun=0
-- tick=944000 -- motion: cycles=944000 mismatch=0 overrun=0 | io: cycles=118000 mismatch=0 overrun=0
-- tick=945000 -- motion: cycles=945000 mismatch=0 overrun=0 | io: cycles=118125 mismatch=0 overrun=0
-- tick=946000 -- motion: cycles=946000 mismatch=0 overrun=0 | io: cycles=118250 mismatch=0 overrun=0
-- tick=947000 -- motion: cycles=947000 mismatch=0 overrun=0 | io: cycles=118375 mismatch=0 overrun=0
-- tick=948000 -- motion: cycles=948000 mismatch=0 overrun=0 | io: cycles=118500 mismatch=0 overrun=0
-- tick=949000 -- motion: cycles=949000 mismatch=0 overrun=0 | io: cycles=118625 mismatch=0 overrun=0
-- tick=950000 -- motion: cycles=950000 mismatch=0 overrun=0 | io: cycles=118750 mismatch=0 overrun=0
-- tick=951000 -- motion: cycles=951000 mismatch=0 overrun=0 | io: cycles=118875 mismatch=0 overrun=0
-- tick=952000 -- motion: cycles=952000 mismatch=0 overrun=0 | io: cycles=119000 mismatch=0 overrun=0
-- tick=953000 -- motion: cycles=953000 mismatch=0 overrun=0 | io: cycles=119125 mismatch=0 overrun=0
-- tick=954000 -- motion: cycles=954000 mismatch=0 overrun=0 | io: cycles=119250 mismatch=0 overrun=0
-- tick=955000 -- motion: cycles=955000 mismatch=0 overrun=0 | io: cycles=119375 mismatch=0 overrun=0
-- tick=956000 -- motion: cycles=956000 mismatch=0 overrun=0 | io: cycles=119500 mismatch=0 overrun=0
-- tick=957000 -- motion: cycles=957000 mismatch=0 overrun=0 | io: cycles=119625 mismatch=0 overrun=0
-- tick=958000 -- motion: cycles=958000 mismatch=0 overrun=0 | io: cycles=119750 mismatch=0 overrun=0
-- tick=959000 -- motion: cycles=959000 mismatch=0 overrun=0 | io: cycles=119875 mismatch=0 overrun=0
-- tick=960000 -- motion: cycles=960000 mismatch=0 overrun=0 | io: cycles=120000 mismatch=0 overrun=0
-- tick=961000 -- motion: cycles=961000 mismatch=0 overrun=0 | io: cycles=120125 mismatch=0 overrun=0
-- tick=962000 -- motion: cycles=962000 mismatch=0 overrun=0 | io: cycles=120250 mismatch=0 overrun=0
-- tick=963000 -- motion: cycles=963000 mismatch=0 overrun=0 | io: cycles=120375 mismatch=0 overrun=0
-- tick=964000 -- motion: cycles=964000 mismatch=0 overrun=0 | io: cycles=120500 mismatch=0 overrun=0
-- tick=965000 -- motion: cycles=965000 mismatch=0 overrun=0 | io: cycles=120625 mismatch=0 overrun=0
-- tick=966000 -- motion: cycles=966000 mismatch=0 overrun=0 | io: cycles=120750 mismatch=0 overrun=0
-- tick=967000 -- motion: cycles=967000 mismatch=0 overrun=0 | io: cycles=120875 mismatch=0 overrun=0
-- tick=968000 -- motion: cycles=968000 mismatch=0 overrun=0 | io: cycles=121000 mismatch=0 overrun=0
-- tick=969000 -- motion: cycles=969000 mismatch=0 overrun=0 | io: cycles=121125 mismatch=0 overrun=0
-- tick=970000 -- motion: cycles=970000 mismatch=0 overrun=0 | io: cycles=121250 mismatch=0 overrun=0
-- tick=971000 -- motion: cycles=971000 mismatch=0 overrun=0 | io: cycles=121375 mismatch=0 overrun=0
-- tick=972000 -- motion: cycles=972000 mismatch=0 overrun=0 | io: cycles=121500 mismatch=0 overrun=0
-- tick=973000 -- motion: cycles=973000 mismatch=0 overrun=0 | io: cycles=121625 mismatch=0 overrun=0
-- tick=974000 -- motion: cycles=974000 mismatch=0 overrun=0 | io: cycles=121750 mismatch=0 overrun=0
-- tick=975000 -- motion: cycles=975000 mismatch=0 overrun=0 | io: cycles=121875 mismatch=0 overrun=0
-- tick=976000 -- motion: cycles=976000 mismatch=0 overrun=0 | io: cycles=122000 mismatch=0 overrun=0
-- tick=977000 -- motion: cycles=977000 mismatch=0 overrun=0 | io: cycles=122125 mismatch=0 overrun=0
-- tick=978000 -- motion: cycles=978000 mismatch=0 overrun=0 | io: cycles=122250 mismatch=0 overrun=0
-- tick=979000 -- motion: cycles=979000 mismatch=0 overrun=0 | io: cycles=122375 mismatch=0 overrun=0
-- tick=980000 -- motion: cycles=980000 mismatch=0 overrun=0 | io: cycles=122500 mismatch=0 overrun=0
-- tick=981000 -- motion: cycles=981000 mismatch=0 overrun=0 | io: cycles=122625 mismatch=0 overrun=0
-- tick=982000 -- motion: cycles=982000 mismatch=0 overrun=0 | io: cycles=122750 mismatch=0 overrun=0
-- tick=983000 -- motion: cycles=983000 mismatch=0 overrun=0 | io: cycles=122875 mismatch=0 overrun=0
-- tick=984000 -- motion: cycles=984000 mismatch=0 overrun=0 | io: cycles=123000 mismatch=0 overrun=0
-- tick=985000 -- motion: cycles=985000 mismatch=0 overrun=0 | io: cycles=123125 mismatch=0 overrun=0
-- tick=986000 -- motion: cycles=986000 mismatch=0 overrun=0 | io: cycles=123250 mismatch=0 overrun=0
-- tick=987000 -- motion: cycles=987000 mismatch=0 overrun=0 | io: cycles=123375 mismatch=0 overrun=0
-- tick=988000 -- motion: cycles=988000 mismatch=0 overrun=0 | io: cycles=123500 mismatch=0 overrun=0
-- tick=989000 -- motion: cycles=989000 mismatch=0 overrun=0 | io: cycles=123625 mismatch=0 overrun=0
-- tick=990000 -- motion: cycles=990000 mismatch=0 overrun=0 | io: cycles=123750 mismatch=0 overrun=0
-- tick=991000 -- motion: cycles=991000 mismatch=0 overrun=0 | io: cycles=123875 mismatch=0 overrun=0
-- tick=992000 -- motion: cycles=992000 mismatch=0 overrun=0 | io: cycles=124000 mismatch=0 overrun=0
-- tick=993000 -- motion: cycles=993000 mismatch=0 overrun=0 | io: cycles=124125 mismatch=0 overrun=0
-- tick=994000 -- motion: cycles=994000 mismatch=0 overrun=0 | io: cycles=124250 mismatch=0 overrun=0
-- tick=995000 -- motion: cycles=995000 mismatch=0 overrun=0 | io: cycles=124375 mismatch=0 overrun=0
-- tick=996000 -- motion: cycles=996000 mismatch=0 overrun=0 | io: cycles=124500 mismatch=0 overrun=0
-- tick=997000 -- motion: cycles=997000 mismatch=0 overrun=0 | io: cycles=124625 mismatch=0 overrun=0
-- tick=998000 -- motion: cycles=998000 mismatch=0 overrun=0 | io: cycles=124750 mismatch=0 overrun=0
-- tick=999000 -- motion: cycles=999000 mismatch=0 overrun=0 | io: cycles=124875 mismatch=0 overrun=0
-- tick=1000000 -- motion: cycles=1000000 mismatch=0 overrun=0 | io: cycles=125000 mismatch=0 overrun=0
-- tick=1001000 -- motion: cycles=1001000 mismatch=0 overrun=0 | io: cycles=125125 mismatch=0 overrun=0
-- tick=1002000 -- motion: cycles=1002000 mismatch=0 overrun=0 | io: cycles=125250 mismatch=0 overrun=0
-- tick=1003000 -- motion: cycles=1003000 mismatch=0 overrun=0 | io: cycles=125375 mismatch=0 overrun=0
-- tick=1004000 -- motion: cycles=1004000 mismatch=0 overrun=0 | io: cycles=125500 mismatch=0 overrun=0
-- tick=1005000 -- motion: cycles=1005000 mismatch=0 overrun=0 | io: cycles=125625 mismatch=0 overrun=0
-- tick=1006000 -- motion: cycles=1006000 mismatch=0 overrun=0 | io: cycles=125750 mismatch=0 overrun=0
-- tick=1007000 -- motion: cycles=1007000 mismatch=0 overrun=0 | io: cycles=125875 mismatch=0 overrun=0
-- tick=1008000 -- motion: cycles=1008000 mismatch=0 overrun=0 | io: cycles=126000 mismatch=0 overrun=0
-- tick=1009000 -- motion: cycles=1009000 mismatch=0 overrun=0 | io: cycles=126125 mismatch=0 overrun=0
-- tick=1010000 -- motion: cycles=1010000 mismatch=0 overrun=0 | io: cycles=126250 mismatch=0 overrun=0
-- tick=1011000 -- motion: cycles=1011000 mismatch=0 overrun=0 | io: cycles=126375 mismatch=0 overrun=0
-- tick=1012000 -- motion: cycles=1012000 mismatch=0 overrun=0 | io: cycles=126500 mismatch=0 overrun=0
-- tick=1013000 -- motion: cycles=1013000 mismatch=0 overrun=0 | io: cycles=126625 mismatch=0 overrun=0
-- tick=1014000 -- motion: cycles=1014000 mismatch=0 overrun=0 | io: cycles=126750 mismatch=0 overrun=0
-- tick=1015000 -- motion: cycles=1015000 mismatch=0 overrun=0 | io: cycles=126875 mismatch=0 overrun=0
-- tick=1016000 -- motion: cycles=1016000 mismatch=0 overrun=0 | io: cycles=127000 mismatch=0 overrun=0
-- tick=1017000 -- motion: cycles=1017000 mismatch=0 overrun=0 | io: cycles=127125 mismatch=0 overrun=0
-- tick=1018000 -- motion: cycles=1018000 mismatch=0 overrun=0 | io: cycles=127250 mismatch=0 overrun=0
-- tick=1019000 -- motion: cycles=1019000 mismatch=0 overrun=0 | io: cycles=127375 mismatch=0 overrun=0
-- tick=1020000 -- motion: cycles=1020000 mismatch=0 overrun=0 | io: cycles=127500 mismatch=0 overrun=0
-- tick=1021000 -- motion: cycles=1021000 mismatch=0 overrun=0 | io: cycles=127625 mismatch=0 overrun=0
-- tick=1022000 -- motion: cycles=1022000 mismatch=0 overrun=0 | io: cycles=127750 mismatch=0 overrun=0
-- tick=1023000 -- motion: cycles=1023000 mismatch=0 overrun=0 | io: cycles=127875 mismatch=0 overrun=0
-- tick=1024000 -- motion: cycles=1024000 mismatch=0 overrun=0 | io: cycles=128000 mismatch=0 overrun=0
-- tick=1025000 -- motion: cycles=1025000 mismatch=0 overrun=0 | io: cycles=128125 mismatch=0 overrun=0
-- tick=1026000 -- motion: cycles=1026000 mismatch=0 overrun=0 | io: cycles=128250 mismatch=0 overrun=0
-- tick=1027000 -- motion: cycles=1027000 mismatch=0 overrun=0 | io: cycles=128375 mismatch=0 overrun=0
-- tick=1028000 -- motion: cycles=1028000 mismatch=0 overrun=0 | io: cycles=128500 mismatch=0 overrun=0
-- tick=1029000 -- motion: cycles=1029000 mismatch=0 overrun=0 | io: cycles=128625 mismatch=0 overrun=0
-- tick=1030000 -- motion: cycles=1030000 mismatch=0 overrun=0 | io: cycles=128750 mismatch=0 overrun=0
-- tick=1031000 -- motion: cycles=1031000 mismatch=0 overrun=0 | io: cycles=128875 mismatch=0 overrun=0
-- tick=1032000 -- motion: cycles=1032000 mismatch=0 overrun=0 | io: cycles=129000 mismatch=0 overrun=0
-- tick=1033000 -- motion: cycles=1033000 mismatch=0 overrun=0 | io: cycles=129125 mismatch=0 overrun=0
-- tick=1034000 -- motion: cycles=1034000 mismatch=0 overrun=0 | io: cycles=129250 mismatch=0 overrun=0
-- tick=1035000 -- motion: cycles=1035000 mismatch=0 overrun=0 | io: cycles=129375 mismatch=0 overrun=0
-- tick=1036000 -- motion: cycles=1036000 mismatch=0 overrun=0 | io: cycles=129500 mismatch=0 overrun=0
-- tick=1037000 -- motion: cycles=1037000 mismatch=0 overrun=0 | io: cycles=129625 mismatch=0 overrun=0
-- tick=1038000 -- motion: cycles=1038000 mismatch=0 overrun=0 | io: cycles=129750 mismatch=0 overrun=0
-- tick=1039000 -- motion: cycles=1039000 mismatch=0 overrun=0 | io: cycles=129875 mismatch=0 overrun=0
-- tick=1040000 -- motion: cycles=1040000 mismatch=0 overrun=0 | io: cycles=130000 mismatch=0 overrun=0
-- tick=1041000 -- motion: cycles=1041000 mismatch=0 overrun=0 | io: cycles=130125 mismatch=0 overrun=0
-- tick=1042000 -- motion: cycles=1042000 mismatch=0 overrun=0 | io: cycles=130250 mismatch=0 overrun=0
-- tick=1043000 -- motion: cycles=1043000 mismatch=0 overrun=0 | io: cycles=130375 mismatch=0 overrun=0
-- tick=1044000 -- motion: cycles=1044000 mismatch=0 overrun=0 | io: cycles=130500 mismatch=0 overrun=0
-- tick=1045000 -- motion: cycles=1045000 mismatch=0 overrun=0 | io: cycles=130625 mismatch=0 overrun=0
-- tick=1046000 -- motion: cycles=1046000 mismatch=0 overrun=0 | io: cycles=130750 mismatch=0 overrun=0
-- tick=1047000 -- motion: cycles=1047000 mismatch=0 overrun=0 | io: cycles=130875 mismatch=0 overrun=0
-- tick=1048000 -- motion: cycles=1048000 mismatch=0 overrun=0 | io: cycles=131000 mismatch=0 overrun=0
-- tick=1049000 -- motion: cycles=1049000 mismatch=0 overrun=0 | io: cycles=131125 mismatch=0 overrun=0
-- tick=1050000 -- motion: cycles=1050000 mismatch=0 overrun=0 | io: cycles=131250 mismatch=0 overrun=0
-- tick=1051000 -- motion: cycles=1051000 mismatch=0 overrun=0 | io: cycles=131375 mismatch=0 overrun=0
-- tick=1052000 -- motion: cycles=1052000 mismatch=0 overrun=0 | io: cycles=131500 mismatch=0 overrun=0
-- tick=1053000 -- motion: cycles=1053000 mismatch=0 overrun=0 | io: cycles=131625 mismatch=0 overrun=0
-- tick=1054000 -- motion: cycles=1054000 mismatch=0 overrun=0 | io: cycles=131750 mismatch=0 overrun=0
-- tick=1055000 -- motion: cycles=1055000 mismatch=0 overrun=0 | io: cycles=131875 mismatch=0 overrun=0
-- tick=1056000 -- motion: cycles=1056000 mismatch=0 overrun=0 | io: cycles=132000 mismatch=0 overrun=0
-- tick=1057000 -- motion: cycles=1057000 mismatch=0 overrun=0 | io: cycles=132125 mismatch=0 overrun=0
-- tick=1058000 -- motion: cycles=1058000 mismatch=0 overrun=0 | io: cycles=132250 mismatch=0 overrun=0
-- tick=1059000 -- motion: cycles=1059000 mismatch=0 overrun=0 | io: cycles=132375 mismatch=0 overrun=0
-- tick=1060000 -- motion: cycles=1060000 mismatch=0 overrun=0 | io: cycles=132500 mismatch=0 overrun=0
-- tick=1061000 -- motion: cycles=1061000 mismatch=0 overrun=0 | io: cycles=132625 mismatch=0 overrun=0
-- tick=1062000 -- motion: cycles=1062000 mismatch=0 overrun=0 | io: cycles=132750 mismatch=0 overrun=0
-- tick=1063000 -- motion: cycles=1063000 mismatch=0 overrun=0 | io: cycles=132875 mismatch=0 overrun=0
-- tick=1064000 -- motion: cycles=1064000 mismatch=0 overrun=0 | io: cycles=133000 mismatch=0 overrun=0
-- tick=1065000 -- motion: cycles=1065000 mismatch=0 overrun=0 | io: cycles=133125 mismatch=0 overrun=0
-- tick=1066000 -- motion: cycles=1066000 mismatch=0 overrun=0 | io: cycles=133250 mismatch=0 overrun=0
-- tick=1067000 -- motion: cycles=1067000 mismatch=0 overrun=0 | io: cycles=133375 mismatch=0 overrun=0
-- tick=1068000 -- motion: cycles=1068000 mismatch=0 overrun=0 | io: cycles=133500 mismatch=0 overrun=0
-- tick=1069000 -- motion: cycles=1069000 mismatch=0 overrun=0 | io: cycles=133625 mismatch=0 overrun=0
-- tick=1070000 -- motion: cycles=1070000 mismatch=0 overrun=0 | io: cycles=133750 mismatch=0 overrun=0
-- tick=1071000 -- motion: cycles=1071000 mismatch=0 overrun=0 | io: cycles=133875 mismatch=0 overrun=0
-- tick=1072000 -- motion: cycles=1072000 mismatch=0 overrun=0 | io: cycles=134000 mismatch=0 overrun=0
-- tick=1073000 -- motion: cycles=1073000 mismatch=0 overrun=0 | io: cycles=134125 mismatch=0 overrun=0
-- tick=1074000 -- motion: cycles=1074000 mismatch=0 overrun=0 | io: cycles=134250 mismatch=0 overrun=0
-- tick=1075000 -- motion: cycles=1075000 mismatch=0 overrun=0 | io: cycles=134375 mismatch=0 overrun=0
-- tick=1076000 -- motion: cycles=1076000 mismatch=0 overrun=0 | io: cycles=134500 mismatch=0 overrun=0
-- tick=1077000 -- motion: cycles=1077000 mismatch=0 overrun=0 | io: cycles=134625 mismatch=0 overrun=0
-- tick=1078000 -- motion: cycles=1078000 mismatch=0 overrun=0 | io: cycles=134750 mismatch=0 overrun=0
-- tick=1079000 -- motion: cycles=1079000 mismatch=0 overrun=0 | io: cycles=134875 mismatch=0 overrun=0
-- tick=1080000 -- motion: cycles=1080000 mismatch=0 overrun=0 | io: cycles=135000 mismatch=0 overrun=0
-- tick=1081000 -- motion: cycles=1081000 mismatch=0 overrun=0 | io: cycles=135125 mismatch=0 overrun=0
-- tick=1082000 -- motion: cycles=1082000 mismatch=0 overrun=0 | io: cycles=135250 mismatch=0 overrun=0
-- tick=1083000 -- motion: cycles=1083000 mismatch=0 overrun=0 | io: cycles=135375 mismatch=0 overrun=0
-- tick=1084000 -- motion: cycles=1084000 mismatch=0 overrun=0 | io: cycles=135500 mismatch=0 overrun=0
-- tick=1085000 -- motion: cycles=1085000 mismatch=0 overrun=0 | io: cycles=135625 mismatch=0 overrun=0
-- tick=1086000 -- motion: cycles=1086000 mismatch=0 overrun=0 | io: cycles=135750 mismatch=0 overrun=0
-- tick=1087000 -- motion: cycles=1087000 mismatch=0 overrun=0 | io: cycles=135875 mismatch=0 overrun=0
-- tick=1088000 -- motion: cycles=1088000 mismatch=0 overrun=0 | io: cycles=136000 mismatch=0 overrun=0
-- tick=1089000 -- motion: cycles=1089000 mismatch=0 overrun=0 | io: cycles=136125 mismatch=0 overrun=0
-- tick=1090000 -- motion: cycles=1090000 mismatch=0 overrun=0 | io: cycles=136250 mismatch=0 overrun=0
-- tick=1091000 -- motion: cycles=1091000 mismatch=0 overrun=0 | io: cycles=136375 mismatch=0 overrun=0
-- tick=1092000 -- motion: cycles=1092000 mismatch=0 overrun=0 | io: cycles=136500 mismatch=0 overrun=0
-- tick=1093000 -- motion: cycles=1093000 mismatch=0 overrun=0 | io: cycles=136625 mismatch=0 overrun=0
-- tick=1094000 -- motion: cycles=1094000 mismatch=0 overrun=0 | io: cycles=136750 mismatch=0 overrun=0
-- tick=1095000 -- motion: cycles=1095000 mismatch=0 overrun=0 | io: cycles=136875 mismatch=0 overrun=0
-- tick=1096000 -- motion: cycles=1096000 mismatch=0 overrun=0 | io: cycles=137000 mismatch=0 overrun=0
-- tick=1097000 -- motion: cycles=1097000 mismatch=0 overrun=0 | io: cycles=137125 mismatch=0 overrun=0
-- tick=1098000 -- motion: cycles=1098000 mismatch=0 overrun=0 | io: cycles=137250 mismatch=0 overrun=0
-- tick=1099000 -- motion: cycles=1099000 mismatch=0 overrun=0 | io: cycles=137375 mismatch=0 overrun=0
-- tick=1100000 -- motion: cycles=1100000 mismatch=0 overrun=0 | io: cycles=137500 mismatch=0 overrun=0
-- tick=1101000 -- motion: cycles=1101000 mismatch=0 overrun=0 | io: cycles=137625 mismatch=0 overrun=0
-- tick=1102000 -- motion: cycles=1102000 mismatch=0 overrun=0 | io: cycles=137750 mismatch=0 overrun=0
-- tick=1103000 -- motion: cycles=1103000 mismatch=0 overrun=0 | io: cycles=137875 mismatch=0 overrun=0
-- tick=1104000 -- motion: cycles=1104000 mismatch=0 overrun=0 | io: cycles=138000 mismatch=0 overrun=0
-- tick=1105000 -- motion: cycles=1105000 mismatch=0 overrun=0 | io: cycles=138125 mismatch=0 overrun=0
-- tick=1106000 -- motion: cycles=1106000 mismatch=0 overrun=0 | io: cycles=138250 mismatch=0 overrun=0
-- tick=1107000 -- motion: cycles=1107000 mismatch=0 overrun=0 | io: cycles=138375 mismatch=0 overrun=0
-- tick=1108000 -- motion: cycles=1108000 mismatch=0 overrun=0 | io: cycles=138500 mismatch=0 overrun=0
-- tick=1109000 -- motion: cycles=1109000 mismatch=0 overrun=0 | io: cycles=138625 mismatch=0 overrun=0
-- tick=1110000 -- motion: cycles=1110000 mismatch=0 overrun=0 | io: cycles=138750 mismatch=0 overrun=0
-- tick=1111000 -- motion: cycles=1111000 mismatch=0 overrun=0 | io: cycles=138875 mismatch=0 overrun=0
-- tick=1112000 -- motion: cycles=1112000 mismatch=0 overrun=0 | io: cycles=139000 mismatch=0 overrun=0
-- tick=1113000 -- motion: cycles=1113000 mismatch=0 overrun=0 | io: cycles=139125 mismatch=0 overrun=0
-- tick=1114000 -- motion: cycles=1114000 mismatch=0 overrun=0 | io: cycles=139250 mismatch=0 overrun=0
-- tick=1115000 -- motion: cycles=1115000 mismatch=0 overrun=0 | io: cycles=139375 mismatch=0 overrun=0
-- tick=1116000 -- motion: cycles=1116000 mismatch=0 overrun=0 | io: cycles=139500 mismatch=0 overrun=0
-- tick=1117000 -- motion: cycles=1117000 mismatch=0 overrun=0 | io: cycles=139625 mismatch=0 overrun=0
-- tick=1118000 -- motion: cycles=1118000 mismatch=0 overrun=0 | io: cycles=139750 mismatch=0 overrun=0
-- tick=1119000 -- motion: cycles=1119000 mismatch=0 overrun=0 | io: cycles=139875 mismatch=0 overrun=0
-- tick=1120000 -- motion: cycles=1120000 mismatch=0 overrun=0 | io: cycles=140000 mismatch=0 overrun=0
-- tick=1121000 -- motion: cycles=1121000 mismatch=0 overrun=0 | io: cycles=140125 mismatch=0 overrun=0
-- tick=1122000 -- motion: cycles=1122000 mismatch=0 overrun=0 | io: cycles=140250 mismatch=0 overrun=0
-- tick=1123000 -- motion: cycles=1123000 mismatch=0 overrun=0 | io: cycles=140375 mismatch=0 overrun=0
-- tick=1124000 -- motion: cycles=1124000 mismatch=0 overrun=0 | io: cycles=140500 mismatch=0 overrun=0
-- tick=1125000 -- motion: cycles=1125000 mismatch=0 overrun=0 | io: cycles=140625 mismatch=0 overrun=0
-- tick=1126000 -- motion: cycles=1126000 mismatch=0 overrun=0 | io: cycles=140750 mismatch=0 overrun=0
-- tick=1127000 -- motion: cycles=1127000 mismatch=0 overrun=0 | io: cycles=140875 mismatch=0 overrun=0
-- tick=1128000 -- motion: cycles=1128000 mismatch=0 overrun=0 | io: cycles=141000 mismatch=0 overrun=0
-- tick=1129000 -- motion: cycles=1129000 mismatch=0 overrun=0 | io: cycles=141125 mismatch=0 overrun=0
-- tick=1130000 -- motion: cycles=1130000 mismatch=0 overrun=0 | io: cycles=141250 mismatch=0 overrun=0
-- tick=1131000 -- motion: cycles=1131000 mismatch=0 overrun=0 | io: cycles=141375 mismatch=0 overrun=0
-- tick=1132000 -- motion: cycles=1132000 mismatch=0 overrun=0 | io: cycles=141500 mismatch=0 overrun=0
-- tick=1133000 -- motion: cycles=1133000 mismatch=0 overrun=0 | io: cycles=141625 mismatch=0 overrun=0
-- tick=1134000 -- motion: cycles=1134000 mismatch=0 overrun=0 | io: cycles=141750 mismatch=0 overrun=0
-- tick=1135000 -- motion: cycles=1135000 mismatch=0 overrun=0 | io: cycles=141875 mismatch=0 overrun=0
-- tick=1136000 -- motion: cycles=1136000 mismatch=0 overrun=0 | io: cycles=142000 mismatch=0 overrun=0
-- tick=1137000 -- motion: cycles=1137000 mismatch=0 overrun=0 | io: cycles=142125 mismatch=0 overrun=0
-- tick=1138000 -- motion: cycles=1138000 mismatch=0 overrun=0 | io: cycles=142250 mismatch=0 overrun=0
-- tick=1139000 -- motion: cycles=1139000 mismatch=0 overrun=0 | io: cycles=142375 mismatch=0 overrun=0
-- tick=1140000 -- motion: cycles=1140000 mismatch=0 overrun=0 | io: cycles=142500 mismatch=0 overrun=0
-- tick=1141000 -- motion: cycles=1141000 mismatch=0 overrun=0 | io: cycles=142625 mismatch=0 overrun=0
-- tick=1142000 -- motion: cycles=1142000 mismatch=0 overrun=0 | io: cycles=142750 mismatch=0 overrun=0
-- tick=1143000 -- motion: cycles=1143000 mismatch=0 overrun=0 | io: cycles=142875 mismatch=0 overrun=0
-- tick=1144000 -- motion: cycles=1144000 mismatch=0 overrun=0 | io: cycles=143000 mismatch=0 overrun=0
-- tick=1145000 -- motion: cycles=1145000 mismatch=0 overrun=0 | io: cycles=143125 mismatch=0 overrun=0
-- tick=1146000 -- motion: cycles=1146000 mismatch=0 overrun=0 | io: cycles=143250 mismatch=0 overrun=0
-- tick=1147000 -- motion: cycles=1147000 mismatch=0 overrun=0 | io: cycles=143375 mismatch=0 overrun=0
-- tick=1148000 -- motion: cycles=1148000 mismatch=0 overrun=0 | io: cycles=143500 mismatch=0 overrun=0
-- tick=1149000 -- motion: cycles=1149000 mismatch=0 overrun=0 | io: cycles=143625 mismatch=0 overrun=0
-- tick=1150000 -- motion: cycles=1150000 mismatch=0 overrun=0 | io: cycles=143750 mismatch=0 overrun=0
-- tick=1151000 -- motion: cycles=1151000 mismatch=0 overrun=0 | io: cycles=143875 mismatch=0 overrun=0
-- tick=1152000 -- motion: cycles=1152000 mismatch=0 overrun=0 | io: cycles=144000 mismatch=0 overrun=0
-- tick=1153000 -- motion: cycles=1153000 mismatch=0 overrun=0 | io: cycles=144125 mismatch=0 overrun=0
-- tick=1154000 -- motion: cycles=1154000 mismatch=0 overrun=0 | io: cycles=144250 mismatch=0 overrun=0
-- tick=1155000 -- motion: cycles=1155000 mismatch=0 overrun=0 | io: cycles=144375 mismatch=0 overrun=0
-- tick=1156000 -- motion: cycles=1156000 mismatch=0 overrun=0 | io: cycles=144500 mismatch=0 overrun=0
-- tick=1157000 -- motion: cycles=1157000 mismatch=0 overrun=0 | io: cycles=144625 mismatch=0 overrun=0
-- tick=1158000 -- motion: cycles=1158000 mismatch=0 overrun=0 | io: cycles=144750 mismatch=0 overrun=0
-- tick=1159000 -- motion: cycles=1159000 mismatch=0 overrun=0 | io: cycles=144875 mismatch=0 overrun=0
-- tick=1160000 -- motion: cycles=1160000 mismatch=0 overrun=0 | io: cycles=145000 mismatch=0 overrun=0
-- tick=1161000 -- motion: cycles=1161000 mismatch=0 overrun=0 | io: cycles=145125 mismatch=0 overrun=0
-- tick=1162000 -- motion: cycles=1162000 mismatch=0 overrun=0 | io: cycles=145250 mismatch=0 overrun=0
-- tick=1163000 -- motion: cycles=1163000 mismatch=0 overrun=0 | io: cycles=145375 mismatch=0 overrun=0
-- tick=1164000 -- motion: cycles=1164000 mismatch=0 overrun=0 | io: cycles=145500 mismatch=0 overrun=0
-- tick=1165000 -- motion: cycles=1165000 mismatch=0 overrun=0 | io: cycles=145625 mismatch=0 overrun=0
-- tick=1166000 -- motion: cycles=1166000 mismatch=0 overrun=0 | io: cycles=145750 mismatch=0 overrun=0
-- tick=1167000 -- motion: cycles=1167000 mismatch=0 overrun=0 | io: cycles=145875 mismatch=0 overrun=0
-- tick=1168000 -- motion: cycles=1168000 mismatch=0 overrun=0 | io: cycles=146000 mismatch=0 overrun=0
-- tick=1169000 -- motion: cycles=1169000 mismatch=0 overrun=0 | io: cycles=146125 mismatch=0 overrun=0
-- tick=1170000 -- motion: cycles=1170000 mismatch=0 overrun=0 | io: cycles=146250 mismatch=0 overrun=0
-- tick=1171000 -- motion: cycles=1171000 mismatch=0 overrun=0 | io: cycles=146375 mismatch=0 overrun=0
-- tick=1172000 -- motion: cycles=1172000 mismatch=0 overrun=0 | io: cycles=146500 mismatch=0 overrun=0
-- tick=1173000 -- motion: cycles=1173000 mismatch=0 overrun=0 | io: cycles=146625 mismatch=0 overrun=0
-- tick=1174000 -- motion: cycles=1174000 mismatch=0 overrun=0 | io: cycles=146750 mismatch=0 overrun=0
-- tick=1175000 -- motion: cycles=1175000 mismatch=0 overrun=0 | io: cycles=146875 mismatch=0 overrun=0
-- tick=1176000 -- motion: cycles=1176000 mismatch=0 overrun=0 | io: cycles=147000 mismatch=0 overrun=0
-- tick=1177000 -- motion: cycles=1177000 mismatch=0 overrun=0 | io: cycles=147125 mismatch=0 overrun=0
-- tick=1178000 -- motion: cycles=1178000 mismatch=0 overrun=0 | io: cycles=147250 mismatch=0 overrun=0
-- tick=1179000 -- motion: cycles=1179000 mismatch=0 overrun=0 | io: cycles=147375 mismatch=0 overrun=0
-- tick=1180000 -- motion: cycles=1180000 mismatch=0 overrun=0 | io: cycles=147500 mismatch=0 overrun=0
-- tick=1181000 -- motion: cycles=1181000 mismatch=0 overrun=0 | io: cycles=147625 mismatch=0 overrun=0
-- tick=1182000 -- motion: cycles=1182000 mismatch=0 overrun=0 | io: cycles=147750 mismatch=0 overrun=0
-- tick=1183000 -- motion: cycles=1183000 mismatch=0 overrun=0 | io: cycles=147875 mismatch=0 overrun=0
-- tick=1184000 -- motion: cycles=1184000 mismatch=0 overrun=0 | io: cycles=148000 mismatch=0 overrun=0
-- tick=1185000 -- motion: cycles=1185000 mismatch=0 overrun=0 | io: cycles=148125 mismatch=0 overrun=0
-- tick=1186000 -- motion: cycles=1186000 mismatch=0 overrun=0 | io: cycles=148250 mismatch=0 overrun=0
-- tick=1187000 -- motion: cycles=1187000 mismatch=0 overrun=0 | io: cycles=148375 mismatch=0 overrun=0
-- tick=1188000 -- motion: cycles=1188000 mismatch=0 overrun=0 | io: cycles=148500 mismatch=0 overrun=0
-- tick=1189000 -- motion: cycles=1189000 mismatch=0 overrun=0 | io: cycles=148625 mismatch=0 overrun=0
-- tick=1190000 -- motion: cycles=1190000 mismatch=0 overrun=0 | io: cycles=148750 mismatch=0 overrun=0
-- tick=1191000 -- motion: cycles=1191000 mismatch=0 overrun=0 | io: cycles=148875 mismatch=0 overrun=0
-- tick=1192000 -- motion: cycles=1192000 mismatch=0 overrun=0 | io: cycles=149000 mismatch=0 overrun=0
-- tick=1193000 -- motion: cycles=1193000 mismatch=0 overrun=0 | io: cycles=149125 mismatch=0 overrun=0
-- tick=1194000 -- motion: cycles=1194000 mismatch=0 overrun=0 | io: cycles=149250 mismatch=0 overrun=0
-- tick=1195000 -- motion: cycles=1195000 mismatch=0 overrun=0 | io: cycles=149375 mismatch=0 overrun=0
-- tick=1196000 -- motion: cycles=1196000 mismatch=0 overrun=0 | io: cycles=149500 mismatch=0 overrun=0
-- tick=1197000 -- motion: cycles=1197000 mismatch=0 overrun=0 | io: cycles=149625 mismatch=0 overrun=0
-- tick=1198000 -- motion: cycles=1198000 mismatch=0 overrun=0 | io: cycles=149750 mismatch=0 overrun=0
-- tick=1199000 -- motion: cycles=1199000 mismatch=0 overrun=0 | io: cycles=149875 mismatch=0 overrun=0
-- tick=1200000 -- motion: cycles=1200000 mismatch=0 overrun=0 | io: cycles=150000 mismatch=0 overrun=0
-- tick=1201000 -- motion: cycles=1201000 mismatch=0 overrun=0 | io: cycles=150125 mismatch=0 overrun=0
-- tick=1202000 -- motion: cycles=1202000 mismatch=0 overrun=0 | io: cycles=150250 mismatch=0 overrun=0
-- tick=1203000 -- motion: cycles=1203000 mismatch=0 overrun=0 | io: cycles=150375 mismatch=0 overrun=0
-- tick=1204000 -- motion: cycles=1204000 mismatch=0 overrun=0 | io: cycles=150500 mismatch=0 overrun=0
-- tick=1205000 -- motion: cycles=1205000 mismatch=0 overrun=0 | io: cycles=150625 mismatch=0 overrun=0
-- tick=1206000 -- motion: cycles=1206000 mismatch=0 overrun=0 | io: cycles=150750 mismatch=0 overrun=0
-- tick=1207000 -- motion: cycles=1207000 mismatch=0 overrun=0 | io: cycles=150875 mismatch=0 overrun=0
-- tick=1208000 -- motion: cycles=1208000 mismatch=0 overrun=0 | io: cycles=151000 mismatch=0 overrun=0
-- tick=1209000 -- motion: cycles=1209000 mismatch=0 overrun=0 | io: cycles=151125 mismatch=0 overrun=0
-- tick=1210000 -- motion: cycles=1210000 mismatch=0 overrun=0 | io: cycles=151250 mismatch=0 overrun=0
-- tick=1211000 -- motion: cycles=1211000 mismatch=0 overrun=0 | io: cycles=151375 mismatch=0 overrun=0
-- tick=1212000 -- motion: cycles=1212000 mismatch=0 overrun=0 | io: cycles=151500 mismatch=0 overrun=0
-- tick=1213000 -- motion: cycles=1213000 mismatch=0 overrun=0 | io: cycles=151625 mismatch=0 overrun=0
-- tick=1214000 -- motion: cycles=1214000 mismatch=0 overrun=0 | io: cycles=151750 mismatch=0 overrun=0
-- tick=1215000 -- motion: cycles=1215000 mismatch=0 overrun=0 | io: cycles=151875 mismatch=0 overrun=0
-- tick=1216000 -- motion: cycles=1216000 mismatch=0 overrun=0 | io: cycles=152000 mismatch=0 overrun=0
-- tick=1217000 -- motion: cycles=1217000 mismatch=0 overrun=0 | io: cycles=152125 mismatch=0 overrun=0
-- tick=1218000 -- motion: cycles=1218000 mismatch=0 overrun=0 | io: cycles=152250 mismatch=0 overrun=0
-- tick=1219000 -- motion: cycles=1219000 mismatch=0 overrun=0 | io: cycles=152375 mismatch=0 overrun=0
-- tick=1220000 -- motion: cycles=1220000 mismatch=0 overrun=0 | io: cycles=152500 mismatch=0 overrun=0
-- tick=1221000 -- motion: cycles=1221000 mismatch=0 overrun=0 | io: cycles=152625 mismatch=0 overrun=0
-- tick=1222000 -- motion: cycles=1222000 mismatch=0 overrun=0 | io: cycles=152750 mismatch=0 overrun=0
-- tick=1223000 -- motion: cycles=1223000 mismatch=0 overrun=0 | io: cycles=152875 mismatch=0 overrun=0
-- tick=1224000 -- motion: cycles=1224000 mismatch=0 overrun=0 | io: cycles=153000 mismatch=0 overrun=0
-- tick=1225000 -- motion: cycles=1225000 mismatch=0 overrun=0 | io: cycles=153125 mismatch=0 overrun=0
-- tick=1226000 -- motion: cycles=1226000 mismatch=0 overrun=0 | io: cycles=153250 mismatch=0 overrun=0
-- tick=1227000 -- motion: cycles=1227000 mismatch=0 overrun=0 | io: cycles=153375 mismatch=0 overrun=0
-- tick=1228000 -- motion: cycles=1228000 mismatch=0 overrun=0 | io: cycles=153500 mismatch=0 overrun=0
-- tick=1229000 -- motion: cycles=1229000 mismatch=0 overrun=0 | io: cycles=153625 mismatch=0 overrun=0
-- tick=1230000 -- motion: cycles=1230000 mismatch=0 overrun=0 | io: cycles=153750 mismatch=0 overrun=0
-- tick=1231000 -- motion: cycles=1231000 mismatch=0 overrun=0 | io: cycles=153875 mismatch=0 overrun=0
-- tick=1232000 -- motion: cycles=1232000 mismatch=0 overrun=0 | io: cycles=154000 mismatch=0 overrun=0
-- tick=1233000 -- motion: cycles=1233000 mismatch=0 overrun=0 | io: cycles=154125 mismatch=0 overrun=0
-- tick=1234000 -- motion: cycles=1234000 mismatch=0 overrun=0 | io: cycles=154250 mismatch=0 overrun=0
-- tick=1235000 -- motion: cycles=1235000 mismatch=0 overrun=0 | io: cycles=154375 mismatch=0 overrun=0
-- tick=1236000 -- motion: cycles=1236000 mismatch=0 overrun=0 | io: cycles=154500 mismatch=0 overrun=0
-- tick=1237000 -- motion: cycles=1237000 mismatch=0 overrun=0 | io: cycles=154625 mismatch=0 overrun=0
-- tick=1238000 -- motion: cycles=1238000 mismatch=0 overrun=0 | io: cycles=154750 mismatch=0 overrun=0
-- tick=1239000 -- motion: cycles=1239000 mismatch=0 overrun=0 | io: cycles=154875 mismatch=0 overrun=0
-- tick=1240000 -- motion: cycles=1240000 mismatch=0 overrun=0 | io: cycles=155000 mismatch=0 overrun=0
-- tick=1241000 -- motion: cycles=1241000 mismatch=0 overrun=0 | io: cycles=155125 mismatch=0 overrun=0
-- tick=1242000 -- motion: cycles=1242000 mismatch=0 overrun=0 | io: cycles=155250 mismatch=0 overrun=0
-- tick=1243000 -- motion: cycles=1243000 mismatch=0 overrun=0 | io: cycles=155375 mismatch=0 overrun=0
-- tick=1244000 -- motion: cycles=1244000 mismatch=0 overrun=0 | io: cycles=155500 mismatch=0 overrun=0
-- tick=1245000 -- motion: cycles=1245000 mismatch=0 overrun=0 | io: cycles=155625 mismatch=0 overrun=0
-- tick=1246000 -- motion: cycles=1246000 mismatch=0 overrun=0 | io: cycles=155750 mismatch=0 overrun=0
-- tick=1247000 -- motion: cycles=1247000 mismatch=0 overrun=0 | io: cycles=155875 mismatch=0 overrun=0
-- tick=1248000 -- motion: cycles=1248000 mismatch=0 overrun=0 | io: cycles=156000 mismatch=0 overrun=0
-- tick=1249000 -- motion: cycles=1249000 mismatch=0 overrun=0 | io: cycles=156125 mismatch=0 overrun=0
-- tick=1250000 -- motion: cycles=1250000 mismatch=0 overrun=0 | io: cycles=156250 mismatch=0 overrun=0
-- tick=1251000 -- motion: cycles=1251000 mismatch=0 overrun=0 | io: cycles=156375 mismatch=0 overrun=0
-- tick=1252000 -- motion: cycles=1252000 mismatch=0 overrun=0 | io: cycles=156500 mismatch=0 overrun=0
-- tick=1253000 -- motion: cycles=1253000 mismatch=0 overrun=0 | io: cycles=156625 mismatch=0 overrun=0
-- tick=1254000 -- motion: cycles=1254000 mismatch=0 overrun=0 | io: cycles=156750 mismatch=0 overrun=0
-- tick=1255000 -- motion: cycles=1255000 mismatch=0 overrun=0 | io: cycles=156875 mismatch=0 overrun=0
-- tick=1256000 -- motion: cycles=1256000 mismatch=0 overrun=0 | io: cycles=157000 mismatch=0 overrun=0
-- tick=1257000 -- motion: cycles=1257000 mismatch=0 overrun=0 | io: cycles=157125 mismatch=0 overrun=0
-- tick=1258000 -- motion: cycles=1258000 mismatch=0 overrun=0 | io: cycles=157250 mismatch=0 overrun=0
-- tick=1259000 -- motion: cycles=1259000 mismatch=0 overrun=0 | io: cycles=157375 mismatch=0 overrun=0
-- tick=1260000 -- motion: cycles=1260000 mismatch=0 overrun=0 | io: cycles=157500 mismatch=0 overrun=0
-- tick=1261000 -- motion: cycles=1261000 mismatch=0 overrun=0 | io: cycles=157625 mismatch=0 overrun=0
-- tick=1262000 -- motion: cycles=1262000 mismatch=0 overrun=0 | io: cycles=157750 mismatch=0 overrun=0
-- tick=1263000 -- motion: cycles=1263000 mismatch=0 overrun=0 | io: cycles=157875 mismatch=0 overrun=0
-- tick=1264000 -- motion: cycles=1264000 mismatch=0 overrun=0 | io: cycles=158000 mismatch=0 overrun=0
-- tick=1265000 -- motion: cycles=1265000 mismatch=0 overrun=0 | io: cycles=158125 mismatch=0 overrun=0
-- tick=1266000 -- motion: cycles=1266000 mismatch=0 overrun=0 | io: cycles=158250 mismatch=0 overrun=0
-- tick=1267000 -- motion: cycles=1267000 mismatch=0 overrun=0 | io: cycles=158375 mismatch=0 overrun=0
-- tick=1268000 -- motion: cycles=1268000 mismatch=0 overrun=0 | io: cycles=158500 mismatch=0 overrun=0
-- tick=1269000 -- motion: cycles=1269000 mismatch=0 overrun=0 | io: cycles=158625 mismatch=0 overrun=0
-- tick=1270000 -- motion: cycles=1270000 mismatch=0 overrun=0 | io: cycles=158750 mismatch=0 overrun=0
-- tick=1271000 -- motion: cycles=1271000 mismatch=0 overrun=0 | io: cycles=158875 mismatch=0 overrun=0
-- tick=1272000 -- motion: cycles=1272000 mismatch=0 overrun=0 | io: cycles=159000 mismatch=0 overrun=0
-- tick=1273000 -- motion: cycles=1273000 mismatch=0 overrun=0 | io: cycles=159125 mismatch=0 overrun=0
-- tick=1274000 -- motion: cycles=1274000 mismatch=0 overrun=0 | io: cycles=159250 mismatch=0 overrun=0
-- tick=1275000 -- motion: cycles=1275000 mismatch=0 overrun=0 | io: cycles=159375 mismatch=0 overrun=0
-- tick=1276000 -- motion: cycles=1276000 mismatch=0 overrun=0 | io: cycles=159500 mismatch=0 overrun=0
-- tick=1277000 -- motion: cycles=1277000 mismatch=0 overrun=0 | io: cycles=159625 mismatch=0 overrun=0
-- tick=1278000 -- motion: cycles=1278000 mismatch=0 overrun=0 | io: cycles=159750 mismatch=0 overrun=0
-- tick=1279000 -- motion: cycles=1279000 mismatch=0 overrun=0 | io: cycles=159875 mismatch=0 overrun=0
-- tick=1280000 -- motion: cycles=1280000 mismatch=0 overrun=0 | io: cycles=160000 mismatch=0 overrun=0
-- tick=1281000 -- motion: cycles=1281000 mismatch=0 overrun=0 | io: cycles=160125 mismatch=0 overrun=0
-- tick=1282000 -- motion: cycles=1282000 mismatch=0 overrun=0 | io: cycles=160250 mismatch=0 overrun=0
-- tick=1283000 -- motion: cycles=1283000 mismatch=0 overrun=0 | io: cycles=160375 mismatch=0 overrun=0
-- tick=1284000 -- motion: cycles=1284000 mismatch=0 overrun=0 | io: cycles=160500 mismatch=0 overrun=0
-- tick=1285000 -- motion: cycles=1285000 mismatch=0 overrun=0 | io: cycles=160625 mismatch=0 overrun=0
-- tick=1286000 -- motion: cycles=1286000 mismatch=0 overrun=0 | io: cycles=160750 mismatch=0 overrun=0
-- tick=1287000 -- motion: cycles=1287000 mismatch=0 overrun=0 | io: cycles=160875 mismatch=0 overrun=0
-- tick=1288000 -- motion: cycles=1288000 mismatch=0 overrun=0 | io: cycles=161000 mismatch=0 overrun=0
-- tick=1289000 -- motion: cycles=1289000 mismatch=0 overrun=0 | io: cycles=161125 mismatch=0 overrun=0
-- tick=1290000 -- motion: cycles=1290000 mismatch=0 overrun=0 | io: cycles=161250 mismatch=0 overrun=0
-- tick=1291000 -- motion: cycles=1291000 mismatch=0 overrun=0 | io: cycles=161375 mismatch=0 overrun=0
-- tick=1292000 -- motion: cycles=1292000 mismatch=0 overrun=0 | io: cycles=161500 mismatch=0 overrun=0
-- tick=1293000 -- motion: cycles=1293000 mismatch=0 overrun=0 | io: cycles=161625 mismatch=0 overrun=0
-- tick=1294000 -- motion: cycles=1294000 mismatch=0 overrun=0 | io: cycles=161750 mismatch=0 overrun=0
-- tick=1295000 -- motion: cycles=1295000 mismatch=0 overrun=0 | io: cycles=161875 mismatch=0 overrun=0
-- tick=1296000 -- motion: cycles=1296000 mismatch=0 overrun=0 | io: cycles=162000 mismatch=0 overrun=0
-- tick=1297000 -- motion: cycles=1297000 mismatch=0 overrun=0 | io: cycles=162125 mismatch=0 overrun=0
-- tick=1298000 -- motion: cycles=1298000 mismatch=0 overrun=0 | io: cycles=162250 mismatch=0 overrun=0
-- tick=1299000 -- motion: cycles=1299000 mismatch=0 overrun=0 | io: cycles=162375 mismatch=0 overrun=0
-- tick=1300000 -- motion: cycles=1300000 mismatch=0 overrun=0 | io: cycles=162500 mismatch=0 overrun=0
-- tick=1301000 -- motion: cycles=1301000 mismatch=0 overrun=0 | io: cycles=162625 mismatch=0 overrun=0
-- tick=1302000 -- motion: cycles=1302000 mismatch=0 overrun=0 | io: cycles=162750 mismatch=0 overrun=0
-- tick=1303000 -- motion: cycles=1303000 mismatch=0 overrun=0 | io: cycles=162875 mismatch=0 overrun=0
-- tick=1304000 -- motion: cycles=1304000 mismatch=0 overrun=0 | io: cycles=163000 mismatch=0 overrun=0
-- tick=1305000 -- motion: cycles=1305000 mismatch=0 overrun=0 | io: cycles=163125 mismatch=0 overrun=0
-- tick=1306000 -- motion: cycles=1306000 mismatch=0 overrun=0 | io: cycles=163250 mismatch=0 overrun=0
-- tick=1307000 -- motion: cycles=1307000 mismatch=0 overrun=0 | io: cycles=163375 mismatch=0 overrun=0
-- tick=1308000 -- motion: cycles=1308000 mismatch=0 overrun=0 | io: cycles=163500 mismatch=0 overrun=0
-- tick=1309000 -- motion: cycles=1309000 mismatch=0 overrun=0 | io: cycles=163625 mismatch=0 overrun=0
-- tick=1310000 -- motion: cycles=1310000 mismatch=0 overrun=0 | io: cycles=163750 mismatch=0 overrun=0
-- tick=1311000 -- motion: cycles=1311000 mismatch=0 overrun=0 | io: cycles=163875 mismatch=0 overrun=0
-- tick=1312000 -- motion: cycles=1312000 mismatch=0 overrun=0 | io: cycles=164000 mismatch=0 overrun=0
-- tick=1313000 -- motion: cycles=1313000 mismatch=0 overrun=0 | io: cycles=164125 mismatch=0 overrun=0
-- tick=1314000 -- motion: cycles=1314000 mismatch=0 overrun=0 | io: cycles=164250 mismatch=0 overrun=0
-- tick=1315000 -- motion: cycles=1315000 mismatch=0 overrun=0 | io: cycles=164375 mismatch=0 overrun=0
-- tick=1316000 -- motion: cycles=1316000 mismatch=0 overrun=0 | io: cycles=164500 mismatch=0 overrun=0
-- tick=1317000 -- motion: cycles=1317000 mismatch=0 overrun=0 | io: cycles=164625 mismatch=0 overrun=0
-- tick=1318000 -- motion: cycles=1318000 mismatch=0 overrun=0 | io: cycles=164750 mismatch=0 overrun=0
-- tick=1319000 -- motion: cycles=1319000 mismatch=0 overrun=0 | io: cycles=164875 mismatch=0 overrun=0
-- tick=1320000 -- motion: cycles=1320000 mismatch=0 overrun=0 | io: cycles=165000 mismatch=0 overrun=0
-- tick=1321000 -- motion: cycles=1321000 mismatch=0 overrun=0 | io: cycles=165125 mismatch=0 overrun=0
-- tick=1322000 -- motion: cycles=1322000 mismatch=0 overrun=0 | io: cycles=165250 mismatch=0 overrun=0
-- tick=1323000 -- motion: cycles=1323000 mismatch=0 overrun=0 | io: cycles=165375 mismatch=0 overrun=0
-- tick=1324000 -- motion: cycles=1324000 mismatch=0 overrun=0 | io: cycles=165500 mismatch=0 overrun=0
-- tick=1325000 -- motion: cycles=1325000 mismatch=0 overrun=0 | io: cycles=165625 mismatch=0 overrun=0
-- tick=1326000 -- motion: cycles=1326000 mismatch=0 overrun=0 | io: cycles=165750 mismatch=0 overrun=0
-- tick=1327000 -- motion: cycles=1327000 mismatch=0 overrun=0 | io: cycles=165875 mismatch=0 overrun=0
-- tick=1328000 -- motion: cycles=1328000 mismatch=0 overrun=0 | io: cycles=166000 mismatch=0 overrun=0
-- tick=1329000 -- motion: cycles=1329000 mismatch=0 overrun=0 | io: cycles=166125 mismatch=0 overrun=0
-- tick=1330000 -- motion: cycles=1330000 mismatch=0 overrun=0 | io: cycles=166250 mismatch=0 overrun=0
-- tick=1331000 -- motion: cycles=1331000 mismatch=0 overrun=0 | io: cycles=166375 mismatch=0 overrun=0
-- tick=1332000 -- motion: cycles=1332000 mismatch=0 overrun=0 | io: cycles=166500 mismatch=0 overrun=0
-- tick=1333000 -- motion: cycles=1333000 mismatch=0 overrun=0 | io: cycles=166625 mismatch=0 overrun=0
-- tick=1334000 -- motion: cycles=1334000 mismatch=0 overrun=0 | io: cycles=166750 mismatch=0 overrun=0
-- tick=1335000 -- motion: cycles=1335000 mismatch=0 overrun=0 | io: cycles=166875 mismatch=0 overrun=0
-- tick=1336000 -- motion: cycles=1336000 mismatch=0 overrun=0 | io: cycles=167000 mismatch=0 overrun=0
-- tick=1337000 -- motion: cycles=1337000 mismatch=0 overrun=0 | io: cycles=167125 mismatch=0 overrun=0
-- tick=1338000 -- motion: cycles=1338000 mismatch=0 overrun=0 | io: cycles=167250 mismatch=0 overrun=0
-- tick=1339000 -- motion: cycles=1339000 mismatch=0 overrun=0 | io: cycles=167375 mismatch=0 overrun=0
-- tick=1340000 -- motion: cycles=1340000 mismatch=0 overrun=0 | io: cycles=167500 mismatch=0 overrun=0
-- tick=1341000 -- motion: cycles=1341000 mismatch=0 overrun=0 | io: cycles=167625 mismatch=0 overrun=0
-- tick=1342000 -- motion: cycles=1342000 mismatch=0 overrun=0 | io: cycles=167750 mismatch=0 overrun=0
-- tick=1343000 -- motion: cycles=1343000 mismatch=0 overrun=0 | io: cycles=167875 mismatch=0 overrun=0
-- tick=1344000 -- motion: cycles=1344000 mismatch=0 overrun=0 | io: cycles=168000 mismatch=0 overrun=0
-- tick=1345000 -- motion: cycles=1345000 mismatch=0 overrun=0 | io: cycles=168125 mismatch=0 overrun=0
-- tick=1346000 -- motion: cycles=1346000 mismatch=0 overrun=0 | io: cycles=168250 mismatch=0 overrun=0
-- tick=1347000 -- motion: cycles=1347000 mismatch=0 overrun=0 | io: cycles=168375 mismatch=0 overrun=0
-- tick=1348000 -- motion: cycles=1348000 mismatch=0 overrun=0 | io: cycles=168500 mismatch=0 overrun=0
-- tick=1349000 -- motion: cycles=1349000 mismatch=0 overrun=0 | io: cycles=168625 mismatch=0 overrun=0
-- tick=1350000 -- motion: cycles=1350000 mismatch=0 overrun=0 | io: cycles=168750 mismatch=0 overrun=0
-- tick=1351000 -- motion: cycles=1351000 mismatch=0 overrun=0 | io: cycles=168875 mismatch=0 overrun=0
-- tick=1352000 -- motion: cycles=1352000 mismatch=0 overrun=0 | io: cycles=169000 mismatch=0 overrun=0
-- tick=1353000 -- motion: cycles=1353000 mismatch=0 overrun=0 | io: cycles=169125 mismatch=0 overrun=0
-- tick=1354000 -- motion: cycles=1354000 mismatch=0 overrun=0 | io: cycles=169250 mismatch=0 overrun=0
-- tick=1355000 -- motion: cycles=1355000 mismatch=0 overrun=0 | io: cycles=169375 mismatch=0 overrun=0
-- tick=1356000 -- motion: cycles=1356000 mismatch=0 overrun=0 | io: cycles=169500 mismatch=0 overrun=0
-- tick=1357000 -- motion: cycles=1357000 mismatch=0 overrun=0 | io: cycles=169625 mismatch=0 overrun=0
-- tick=1358000 -- motion: cycles=1358000 mismatch=0 overrun=0 | io: cycles=169750 mismatch=0 overrun=0
-- tick=1359000 -- motion: cycles=1359000 mismatch=0 overrun=0 | io: cycles=169875 mismatch=0 overrun=0
-- tick=1360000 -- motion: cycles=1360000 mismatch=0 overrun=0 | io: cycles=170000 mismatch=0 overrun=0
-- tick=1361000 -- motion: cycles=1361000 mismatch=0 overrun=0 | io: cycles=170125 mismatch=0 overrun=0
-- tick=1362000 -- motion: cycles=1362000 mismatch=0 overrun=0 | io: cycles=170250 mismatch=0 overrun=0
-- tick=1363000 -- motion: cycles=1363000 mismatch=0 overrun=0 | io: cycles=170375 mismatch=0 overrun=0
-- tick=1364000 -- motion: cycles=1364000 mismatch=0 overrun=0 | io: cycles=170500 mismatch=0 overrun=0
-- tick=1365000 -- motion: cycles=1365000 mismatch=0 overrun=0 | io: cycles=170625 mismatch=0 overrun=0
-- tick=1366000 -- motion: cycles=1366000 mismatch=0 overrun=0 | io: cycles=170750 mismatch=0 overrun=0
-- tick=1367000 -- motion: cycles=1367000 mismatch=0 overrun=0 | io: cycles=170875 mismatch=0 overrun=0
-- tick=1368000 -- motion: cycles=1368000 mismatch=0 overrun=0 | io: cycles=171000 mismatch=0 overrun=0
-- tick=1369000 -- motion: cycles=1369000 mismatch=0 overrun=0 | io: cycles=171125 mismatch=0 overrun=0
-- tick=1370000 -- motion: cycles=1370000 mismatch=0 overrun=0 | io: cycles=171250 mismatch=0 overrun=0
-- tick=1371000 -- motion: cycles=1371000 mismatch=0 overrun=0 | io: cycles=171375 mismatch=0 overrun=0
-- tick=1372000 -- motion: cycles=1372000 mismatch=0 overrun=0 | io: cycles=171500 mismatch=0 overrun=0
-- tick=1373000 -- motion: cycles=1373000 mismatch=0 overrun=0 | io: cycles=171625 mismatch=0 overrun=0
-- tick=1374000 -- motion: cycles=1374000 mismatch=0 overrun=0 | io: cycles=171750 mismatch=0 overrun=0
-- tick=1375000 -- motion: cycles=1375000 mismatch=0 overrun=0 | io: cycles=171875 mismatch=0 overrun=0
-- tick=1376000 -- motion: cycles=1376000 mismatch=0 overrun=0 | io: cycles=172000 mismatch=0 overrun=0
-- tick=1377000 -- motion: cycles=1377000 mismatch=0 overrun=0 | io: cycles=172125 mismatch=0 overrun=0
-- tick=1378000 -- motion: cycles=1378000 mismatch=0 overrun=0 | io: cycles=172250 mismatch=0 overrun=0
-- tick=1379000 -- motion: cycles=1379000 mismatch=0 overrun=0 | io: cycles=172375 mismatch=0 overrun=0
-- tick=1380000 -- motion: cycles=1380000 mismatch=0 overrun=0 | io: cycles=172500 mismatch=0 overrun=0
-- tick=1381000 -- motion: cycles=1381000 mismatch=0 overrun=0 | io: cycles=172625 mismatch=0 overrun=0
-- tick=1382000 -- motion: cycles=1382000 mismatch=0 overrun=0 | io: cycles=172750 mismatch=0 overrun=0
-- tick=1383000 -- motion: cycles=1383000 mismatch=0 overrun=0 | io: cycles=172875 mismatch=0 overrun=0
-- tick=1384000 -- motion: cycles=1384000 mismatch=0 overrun=0 | io: cycles=173000 mismatch=0 overrun=0
-- tick=1385000 -- motion: cycles=1385000 mismatch=0 overrun=0 | io: cycles=173125 mismatch=0 overrun=0
-- tick=1386000 -- motion: cycles=1386000 mismatch=0 overrun=0 | io: cycles=173250 mismatch=0 overrun=0
-- tick=1387000 -- motion: cycles=1387000 mismatch=0 overrun=0 | io: cycles=173375 mismatch=0 overrun=0
-- tick=1388000 -- motion: cycles=1388000 mismatch=0 overrun=0 | io: cycles=173500 mismatch=0 overrun=0
-- tick=1389000 -- motion: cycles=1389000 mismatch=0 overrun=0 | io: cycles=173625 mismatch=0 overrun=0
-- tick=1390000 -- motion: cycles=1390000 mismatch=0 overrun=0 | io: cycles=173750 mismatch=0 overrun=0
-- tick=1391000 -- motion: cycles=1391000 mismatch=0 overrun=0 | io: cycles=173875 mismatch=0 overrun=0
-- tick=1392000 -- motion: cycles=1392000 mismatch=0 overrun=0 | io: cycles=174000 mismatch=0 overrun=0
-- tick=1393000 -- motion: cycles=1393000 mismatch=0 overrun=0 | io: cycles=174125 mismatch=0 overrun=0
-- tick=1394000 -- motion: cycles=1394000 mismatch=0 overrun=0 | io: cycles=174250 mismatch=0 overrun=0
-- tick=1395000 -- motion: cycles=1395000 mismatch=0 overrun=0 | io: cycles=174375 mismatch=0 overrun=0
-- tick=1396000 -- motion: cycles=1396000 mismatch=0 overrun=0 | io: cycles=174500 mismatch=0 overrun=0
-- tick=1397000 -- motion: cycles=1397000 mismatch=0 overrun=0 | io: cycles=174625 mismatch=0 overrun=0
-- tick=1398000 -- motion: cycles=1398000 mismatch=0 overrun=0 | io: cycles=174750 mismatch=0 overrun=0
-- tick=1399000 -- motion: cycles=1399000 mismatch=0 overrun=0 | io: cycles=174875 mismatch=0 overrun=0
-- tick=1400000 -- motion: cycles=1400000 mismatch=0 overrun=0 | io: cycles=175000 mismatch=0 overrun=0
-- tick=1401000 -- motion: cycles=1401000 mismatch=0 overrun=0 | io: cycles=175125 mismatch=0 overrun=0
-- tick=1402000 -- motion: cycles=1402000 mismatch=0 overrun=0 | io: cycles=175250 mismatch=0 overrun=0
-- tick=1403000 -- motion: cycles=1403000 mismatch=0 overrun=0 | io: cycles=175375 mismatch=0 overrun=0
-- tick=1404000 -- motion: cycles=1404000 mismatch=0 overrun=0 | io: cycles=175500 mismatch=0 overrun=0
-- tick=1405000 -- motion: cycles=1405000 mismatch=0 overrun=0 | io: cycles=175625 mismatch=0 overrun=0
-- tick=1406000 -- motion: cycles=1406000 mismatch=0 overrun=0 | io: cycles=175750 mismatch=0 overrun=0
-- tick=1407000 -- motion: cycles=1407000 mismatch=0 overrun=0 | io: cycles=175875 mismatch=0 overrun=0
-- tick=1408000 -- motion: cycles=1408000 mismatch=0 overrun=0 | io: cycles=176000 mismatch=0 overrun=0
-- tick=1409000 -- motion: cycles=1409000 mismatch=0 overrun=0 | io: cycles=176125 mismatch=0 overrun=0
-- tick=1410000 -- motion: cycles=1410000 mismatch=0 overrun=0 | io: cycles=176250 mismatch=0 overrun=0
-- tick=1411000 -- motion: cycles=1411000 mismatch=0 overrun=0 | io: cycles=176375 mismatch=0 overrun=0
-- tick=1412000 -- motion: cycles=1412000 mismatch=0 overrun=0 | io: cycles=176500 mismatch=0 overrun=0
-- tick=1413000 -- motion: cycles=1413000 mismatch=0 overrun=0 | io: cycles=176625 mismatch=0 overrun=0
-- tick=1414000 -- motion: cycles=1414000 mismatch=0 overrun=0 | io: cycles=176750 mismatch=0 overrun=0
-- tick=1415000 -- motion: cycles=1415000 mismatch=0 overrun=0 | io: cycles=176875 mismatch=0 overrun=0
-- tick=1416000 -- motion: cycles=1416000 mismatch=0 overrun=0 | io: cycles=177000 mismatch=0 overrun=0
-- tick=1417000 -- motion: cycles=1417000 mismatch=0 overrun=0 | io: cycles=177125 mismatch=0 overrun=0
-- tick=1418000 -- motion: cycles=1418000 mismatch=0 overrun=0 | io: cycles=177250 mismatch=0 overrun=0
-- tick=1419000 -- motion: cycles=1419000 mismatch=0 overrun=0 | io: cycles=177375 mismatch=0 overrun=0
-- tick=1420000 -- motion: cycles=1420000 mismatch=0 overrun=0 | io: cycles=177500 mismatch=0 overrun=0
-- tick=1421000 -- motion: cycles=1421000 mismatch=0 overrun=0 | io: cycles=177625 mismatch=0 overrun=0
-- tick=1422000 -- motion: cycles=1422000 mismatch=0 overrun=0 | io: cycles=177750 mismatch=0 overrun=0
-- tick=1423000 -- motion: cycles=1423000 mismatch=0 overrun=0 | io: cycles=177875 mismatch=0 overrun=0
-- tick=1424000 -- motion: cycles=1424000 mismatch=0 overrun=0 | io: cycles=178000 mismatch=0 overrun=0
-- tick=1425000 -- motion: cycles=1425000 mismatch=0 overrun=0 | io: cycles=178125 mismatch=0 overrun=0
-- tick=1426000 -- motion: cycles=1426000 mismatch=0 overrun=0 | io: cycles=178250 mismatch=0 overrun=0
-- tick=1427000 -- motion: cycles=1427000 mismatch=0 overrun=0 | io: cycles=178375 mismatch=0 overrun=0
-- tick=1428000 -- motion: cycles=1428000 mismatch=0 overrun=0 | io: cycles=178500 mismatch=0 overrun=0
-- tick=1429000 -- motion: cycles=1429000 mismatch=0 overrun=0 | io: cycles=178625 mismatch=0 overrun=0
-- tick=1430000 -- motion: cycles=1430000 mismatch=0 overrun=0 | io: cycles=178750 mismatch=0 overrun=0
-- tick=1431000 -- motion: cycles=1431000 mismatch=0 overrun=0 | io: cycles=178875 mismatch=0 overrun=0
-- tick=1432000 -- motion: cycles=1432000 mismatch=0 overrun=0 | io: cycles=179000 mismatch=0 overrun=0
-- tick=1433000 -- motion: cycles=1433000 mismatch=0 overrun=0 | io: cycles=179125 mismatch=0 overrun=0
-- tick=1434000 -- motion: cycles=1434000 mismatch=0 overrun=0 | io: cycles=179250 mismatch=0 overrun=0
-- tick=1435000 -- motion: cycles=1435000 mismatch=0 overrun=0 | io: cycles=179375 mismatch=0 overrun=0
-- tick=1436000 -- motion: cycles=1436000 mismatch=0 overrun=0 | io: cycles=179500 mismatch=0 overrun=0
-- tick=1437000 -- motion: cycles=1437000 mismatch=0 overrun=0 | io: cycles=179625 mismatch=0 overrun=0
-- tick=1438000 -- motion: cycles=1438000 mismatch=0 overrun=0 | io: cycles=179750 mismatch=0 overrun=0
-- tick=1439000 -- motion: cycles=1439000 mismatch=0 overrun=0 | io: cycles=179875 mismatch=0 overrun=0
-- tick=1440000 -- motion: cycles=1440000 mismatch=0 overrun=0 | io: cycles=180000 mismatch=0 overrun=0
-- tick=1441000 -- motion: cycles=1441000 mismatch=0 overrun=0 | io: cycles=180125 mismatch=0 overrun=0
-- tick=1442000 -- motion: cycles=1442000 mismatch=0 overrun=0 | io: cycles=180250 mismatch=0 overrun=0
-- tick=1443000 -- motion: cycles=1443000 mismatch=0 overrun=0 | io: cycles=180375 mismatch=0 overrun=0
-- tick=1444000 -- motion: cycles=1444000 mismatch=0 overrun=0 | io: cycles=180500 mismatch=0 overrun=0
-- tick=1445000 -- motion: cycles=1445000 mismatch=0 overrun=0 | io: cycles=180625 mismatch=0 overrun=0
-- tick=1446000 -- motion: cycles=1446000 mismatch=0 overrun=0 | io: cycles=180750 mismatch=0 overrun=0
-- tick=1447000 -- motion: cycles=1447000 mismatch=0 overrun=0 | io: cycles=180875 mismatch=0 overrun=0
-- tick=1448000 -- motion: cycles=1448000 mismatch=0 overrun=0 | io: cycles=181000 mismatch=0 overrun=0
-- tick=1449000 -- motion: cycles=1449000 mismatch=0 overrun=0 | io: cycles=181125 mismatch=0 overrun=0
-- tick=1450000 -- motion: cycles=1450000 mismatch=0 overrun=0 | io: cycles=181250 mismatch=0 overrun=0
-- tick=1451000 -- motion: cycles=1451000 mismatch=0 overrun=0 | io: cycles=181375 mismatch=0 overrun=0
-- tick=1452000 -- motion: cycles=1452000 mismatch=0 overrun=0 | io: cycles=181500 mismatch=0 overrun=0
-- tick=1453000 -- motion: cycles=1453000 mismatch=0 overrun=0 | io: cycles=181625 mismatch=0 overrun=0
-- tick=1454000 -- motion: cycles=1454000 mismatch=0 overrun=0 | io: cycles=181750 mismatch=0 overrun=0
-- tick=1455000 -- motion: cycles=1455000 mismatch=0 overrun=0 | io: cycles=181875 mismatch=0 overrun=0
-- tick=1456000 -- motion: cycles=1456000 mismatch=0 overrun=0 | io: cycles=182000 mismatch=0 overrun=0
-- tick=1457000 -- motion: cycles=1457000 mismatch=0 overrun=0 | io: cycles=182125 mismatch=0 overrun=0
-- tick=1458000 -- motion: cycles=1458000 mismatch=0 overrun=0 | io: cycles=182250 mismatch=0 overrun=0
-- tick=1459000 -- motion: cycles=1459000 mismatch=0 overrun=0 | io: cycles=182375 mismatch=0 overrun=0
-- tick=1460000 -- motion: cycles=1460000 mismatch=0 overrun=0 | io: cycles=182500 mismatch=0 overrun=0
-- tick=1461000 -- motion: cycles=1461000 mismatch=0 overrun=0 | io: cycles=182625 mismatch=0 overrun=0
-- tick=1462000 -- motion: cycles=1462000 mismatch=0 overrun=0 | io: cycles=182750 mismatch=0 overrun=0
-- tick=1463000 -- motion: cycles=1463000 mismatch=0 overrun=0 | io: cycles=182875 mismatch=0 overrun=0
-- tick=1464000 -- motion: cycles=1464000 mismatch=0 overrun=0 | io: cycles=183000 mismatch=0 overrun=0
-- tick=1465000 -- motion: cycles=1465000 mismatch=0 overrun=0 | io: cycles=183125 mismatch=0 overrun=0
-- tick=1466000 -- motion: cycles=1466000 mismatch=0 overrun=0 | io: cycles=183250 mismatch=0 overrun=0
-- tick=1467000 -- motion: cycles=1467000 mismatch=0 overrun=0 | io: cycles=183375 mismatch=0 overrun=0
-- tick=1468000 -- motion: cycles=1468000 mismatch=0 overrun=0 | io: cycles=183500 mismatch=0 overrun=0
-- tick=1469000 -- motion: cycles=1469000 mismatch=0 overrun=0 | io: cycles=183625 mismatch=0 overrun=0
-- tick=1470000 -- motion: cycles=1470000 mismatch=0 overrun=0 | io: cycles=183750 mismatch=0 overrun=0
-- tick=1471000 -- motion: cycles=1471000 mismatch=0 overrun=0 | io: cycles=183875 mismatch=0 overrun=0
-- tick=1472000 -- motion: cycles=1472000 mismatch=0 overrun=0 | io: cycles=184000 mismatch=0 overrun=0
-- tick=1473000 -- motion: cycles=1473000 mismatch=0 overrun=0 | io: cycles=184125 mismatch=0 overrun=0
-- tick=1474000 -- motion: cycles=1474000 mismatch=0 overrun=0 | io: cycles=184250 mismatch=0 overrun=0
-- tick=1475000 -- motion: cycles=1475000 mismatch=0 overrun=0 | io: cycles=184375 mismatch=0 overrun=0
-- tick=1476000 -- motion: cycles=1476000 mismatch=0 overrun=0 | io: cycles=184500 mismatch=0 overrun=0
-- tick=1477000 -- motion: cycles=1477000 mismatch=0 overrun=0 | io: cycles=184625 mismatch=0 overrun=0
-- tick=1478000 -- motion: cycles=1478000 mismatch=0 overrun=0 | io: cycles=184750 mismatch=0 overrun=0
-- tick=1479000 -- motion: cycles=1479000 mismatch=0 overrun=0 | io: cycles=184875 mismatch=0 overrun=0
-- tick=1480000 -- motion: cycles=1480000 mismatch=0 overrun=0 | io: cycles=185000 mismatch=0 overrun=0
-- tick=1481000 -- motion: cycles=1481000 mismatch=0 overrun=0 | io: cycles=185125 mismatch=0 overrun=0
-- tick=1482000 -- motion: cycles=1482000 mismatch=0 overrun=0 | io: cycles=185250 mismatch=0 overrun=0
-- tick=1483000 -- motion: cycles=1483000 mismatch=0 overrun=0 | io: cycles=185375 mismatch=0 overrun=0
-- tick=1484000 -- motion: cycles=1484000 mismatch=0 overrun=0 | io: cycles=185500 mismatch=0 overrun=0
-- tick=1485000 -- motion: cycles=1485000 mismatch=0 overrun=0 | io: cycles=185625 mismatch=0 overrun=0
-- tick=1486000 -- motion: cycles=1486000 mismatch=0 overrun=0 | io: cycles=185750 mismatch=0 overrun=0
-- tick=1487000 -- motion: cycles=1487000 mismatch=0 overrun=0 | io: cycles=185875 mismatch=0 overrun=0
-- tick=1488000 -- motion: cycles=1488000 mismatch=0 overrun=0 | io: cycles=186000 mismatch=0 overrun=0
-- tick=1489000 -- motion: cycles=1489000 mismatch=0 overrun=0 | io: cycles=186125 mismatch=0 overrun=0
-- tick=1490000 -- motion: cycles=1490000 mismatch=0 overrun=0 | io: cycles=186250 mismatch=0 overrun=0
-- tick=1491000 -- motion: cycles=1491000 mismatch=0 overrun=0 | io: cycles=186375 mismatch=0 overrun=0
-- tick=1492000 -- motion: cycles=1492000 mismatch=0 overrun=0 | io: cycles=186500 mismatch=0 overrun=0
-- tick=1493000 -- motion: cycles=1493000 mismatch=0 overrun=0 | io: cycles=186625 mismatch=0 overrun=0
-- tick=1494000 -- motion: cycles=1494000 mismatch=0 overrun=0 | io: cycles=186750 mismatch=0 overrun=0
-- tick=1495000 -- motion: cycles=1495000 mismatch=0 overrun=0 | io: cycles=186875 mismatch=0 overrun=0
-- tick=1496000 -- motion: cycles=1496000 mismatch=0 overrun=0 | io: cycles=187000 mismatch=0 overrun=0
-- tick=1497000 -- motion: cycles=1497000 mismatch=0 overrun=0 | io: cycles=187125 mismatch=0 overrun=0
-- tick=1498000 -- motion: cycles=1498000 mismatch=0 overrun=0 | io: cycles=187250 mismatch=0 overrun=0
-- tick=1499000 -- motion: cycles=1499000 mismatch=0 overrun=0 | io: cycles=187375 mismatch=0 overrun=0
-- tick=1500000 -- motion: cycles=1500000 mismatch=0 overrun=0 | io: cycles=187500 mismatch=0 overrun=0
-- tick=1501000 -- motion: cycles=1501000 mismatch=0 overrun=0 | io: cycles=187625 mismatch=0 overrun=0
-- tick=1502000 -- motion: cycles=1502000 mismatch=0 overrun=0 | io: cycles=187750 mismatch=0 overrun=0
-- tick=1503000 -- motion: cycles=1503000 mismatch=0 overrun=0 | io: cycles=187875 mismatch=0 overrun=0
-- tick=1504000 -- motion: cycles=1504000 mismatch=0 overrun=0 | io: cycles=188000 mismatch=0 overrun=0
-- tick=1505000 -- motion: cycles=1505000 mismatch=0 overrun=0 | io: cycles=188125 mismatch=0 overrun=0
-- tick=1506000 -- motion: cycles=1506000 mismatch=0 overrun=0 | io: cycles=188250 mismatch=0 overrun=0
-- tick=1507000 -- motion: cycles=1507000 mismatch=0 overrun=0 | io: cycles=188375 mismatch=0 overrun=0
-- tick=1508000 -- motion: cycles=1508000 mismatch=0 overrun=0 | io: cycles=188500 mismatch=0 overrun=0
-- tick=1509000 -- motion: cycles=1509000 mismatch=0 overrun=0 | io: cycles=188625 mismatch=0 overrun=0
-- tick=1510000 -- motion: cycles=1510000 mismatch=0 overrun=0 | io: cycles=188750 mismatch=0 overrun=0
-- tick=1511000 -- motion: cycles=1511000 mismatch=0 overrun=0 | io: cycles=188875 mismatch=0 overrun=0
-- tick=1512000 -- motion: cycles=1512000 mismatch=0 overrun=0 | io: cycles=189000 mismatch=0 overrun=0
-- tick=1513000 -- motion: cycles=1513000 mismatch=0 overrun=0 | io: cycles=189125 mismatch=0 overrun=0
-- tick=1514000 -- motion: cycles=1514000 mismatch=0 overrun=0 | io: cycles=189250 mismatch=0 overrun=0
-- tick=1515000 -- motion: cycles=1515000 mismatch=0 overrun=0 | io: cycles=189375 mismatch=0 overrun=0
-- tick=1516000 -- motion: cycles=1516000 mismatch=0 overrun=0 | io: cycles=189500 mismatch=0 overrun=0
-- tick=1517000 -- motion: cycles=1517000 mismatch=0 overrun=0 | io: cycles=189625 mismatch=0 overrun=0
-- tick=1518000 -- motion: cycles=1518000 mismatch=0 overrun=0 | io: cycles=189750 mismatch=0 overrun=0
-- tick=1519000 -- motion: cycles=1519000 mismatch=0 overrun=0 | io: cycles=189875 mismatch=0 overrun=0
-- tick=1520000 -- motion: cycles=1520000 mismatch=0 overrun=0 | io: cycles=190000 mismatch=0 overrun=0
-- tick=1521000 -- motion: cycles=1521000 mismatch=0 overrun=0 | io: cycles=190125 mismatch=0 overrun=0
-- tick=1522000 -- motion: cycles=1522000 mismatch=0 overrun=0 | io: cycles=190250 mismatch=0 overrun=0
-- tick=1523000 -- motion: cycles=1523000 mismatch=0 overrun=0 | io: cycles=190375 mismatch=0 overrun=0
-- tick=1524000 -- motion: cycles=1524000 mismatch=0 overrun=0 | io: cycles=190500 mismatch=0 overrun=0
-- tick=1525000 -- motion: cycles=1525000 mismatch=0 overrun=0 | io: cycles=190625 mismatch=0 overrun=0
-- tick=1526000 -- motion: cycles=1526000 mismatch=0 overrun=0 | io: cycles=190750 mismatch=0 overrun=0
-- tick=1527000 -- motion: cycles=1527000 mismatch=0 overrun=0 | io: cycles=190875 mismatch=0 overrun=0
-- tick=1528000 -- motion: cycles=1528000 mismatch=0 overrun=0 | io: cycles=191000 mismatch=0 overrun=0
-- tick=1529000 -- motion: cycles=1529000 mismatch=0 overrun=0 | io: cycles=191125 mismatch=0 overrun=0
-- tick=1530000 -- motion: cycles=1530000 mismatch=0 overrun=0 | io: cycles=191250 mismatch=0 overrun=0
-- tick=1531000 -- motion: cycles=1531000 mismatch=0 overrun=0 | io: cycles=191375 mismatch=0 overrun=0
-- tick=1532000 -- motion: cycles=1532000 mismatch=0 overrun=0 | io: cycles=191500 mismatch=0 overrun=0
-- tick=1533000 -- motion: cycles=1533000 mismatch=0 overrun=0 | io: cycles=191625 mismatch=0 overrun=0
-- tick=1534000 -- motion: cycles=1534000 mismatch=0 overrun=0 | io: cycles=191750 mismatch=0 overrun=0
-- tick=1535000 -- motion: cycles=1535000 mismatch=0 overrun=0 | io: cycles=191875 mismatch=0 overrun=0
-- tick=1536000 -- motion: cycles=1536000 mismatch=0 overrun=0 | io: cycles=192000 mismatch=0 overrun=0
-- tick=1537000 -- motion: cycles=1537000 mismatch=0 overrun=0 | io: cycles=192125 mismatch=0 overrun=0
-- tick=1538000 -- motion: cycles=1538000 mismatch=0 overrun=0 | io: cycles=192250 mismatch=0 overrun=0
-- tick=1539000 -- motion: cycles=1539000 mismatch=0 overrun=0 | io: cycles=192375 mismatch=0 overrun=0
-- tick=1540000 -- motion: cycles=1540000 mismatch=0 overrun=0 | io: cycles=192500 mismatch=0 overrun=0
-- tick=1541000 -- motion: cycles=1541000 mismatch=0 overrun=0 | io: cycles=192625 mismatch=0 overrun=0
-- tick=1542000 -- motion: cycles=1542000 mismatch=0 overrun=0 | io: cycles=192750 mismatch=0 overrun=0
-- tick=1543000 -- motion: cycles=1543000 mismatch=0 overrun=0 | io: cycles=192875 mismatch=0 overrun=0
-- tick=1544000 -- motion: cycles=1544000 mismatch=0 overrun=0 | io: cycles=193000 mismatch=0 overrun=0
-- tick=1545000 -- motion: cycles=1545000 mismatch=0 overrun=0 | io: cycles=193125 mismatch=0 overrun=0
-- tick=1546000 -- motion: cycles=1546000 mismatch=0 overrun=0 | io: cycles=193250 mismatch=0 overrun=0
-- tick=1547000 -- motion: cycles=1547000 mismatch=0 overrun=0 | io: cycles=193375 mismatch=0 overrun=0
-- tick=1548000 -- motion: cycles=1548000 mismatch=0 overrun=0 | io: cycles=193500 mismatch=0 overrun=0
-- tick=1549000 -- motion: cycles=1549000 mismatch=0 overrun=0 | io: cycles=193625 mismatch=0 overrun=0
-- tick=1550000 -- motion: cycles=1550000 mismatch=0 overrun=0 | io: cycles=193750 mismatch=0 overrun=0
-- tick=1551000 -- motion: cycles=1551000 mismatch=0 overrun=0 | io: cycles=193875 mismatch=0 overrun=0
-- tick=1552000 -- motion: cycles=1552000 mismatch=0 overrun=0 | io: cycles=194000 mismatch=0 overrun=0
-- tick=1553000 -- motion: cycles=1553000 mismatch=0 overrun=0 | io: cycles=194125 mismatch=0 overrun=0
-- tick=1554000 -- motion: cycles=1554000 mismatch=0 overrun=0 | io: cycles=194250 mismatch=0 overrun=0
-- tick=1555000 -- motion: cycles=1555000 mismatch=0 overrun=0 | io: cycles=194375 mismatch=0 overrun=0
-- tick=1556000 -- motion: cycles=1556000 mismatch=0 overrun=0 | io: cycles=194500 mismatch=0 overrun=0
-- tick=1557000 -- motion: cycles=1557000 mismatch=0 overrun=0 | io: cycles=194625 mismatch=0 overrun=0
-- tick=1558000 -- motion: cycles=1558000 mismatch=0 overrun=0 | io: cycles=194750 mismatch=0 overrun=0
-- tick=1559000 -- motion: cycles=1559000 mismatch=0 overrun=0 | io: cycles=194875 mismatch=0 overrun=0
-- tick=1560000 -- motion: cycles=1560000 mismatch=0 overrun=0 | io: cycles=195000 mismatch=0 overrun=0
-- tick=1561000 -- motion: cycles=1561000 mismatch=0 overrun=0 | io: cycles=195125 mismatch=0 overrun=0
-- tick=1562000 -- motion: cycles=1562000 mismatch=0 overrun=0 | io: cycles=195250 mismatch=0 overrun=0
-- tick=1563000 -- motion: cycles=1563000 mismatch=0 overrun=0 | io: cycles=195375 mismatch=0 overrun=0
-- tick=1564000 -- motion: cycles=1564000 mismatch=0 overrun=0 | io: cycles=195500 mismatch=0 overrun=0
-- tick=1565000 -- motion: cycles=1565000 mismatch=0 overrun=0 | io: cycles=195625 mismatch=0 overrun=0
-- tick=1566000 -- motion: cycles=1566000 mismatch=0 overrun=0 | io: cycles=195750 mismatch=0 overrun=0
-- tick=1567000 -- motion: cycles=1567000 mismatch=0 overrun=0 | io: cycles=195875 mismatch=0 overrun=0
-- tick=1568000 -- motion: cycles=1568000 mismatch=0 overrun=0 | io: cycles=196000 mismatch=0 overrun=0
-- tick=1569000 -- motion: cycles=1569000 mismatch=0 overrun=0 | io: cycles=196125 mismatch=0 overrun=0
-- tick=1570000 -- motion: cycles=1570000 mismatch=0 overrun=0 | io: cycles=196250 mismatch=0 overrun=0
-- tick=1571000 -- motion: cycles=1571000 mismatch=0 overrun=0 | io: cycles=196375 mismatch=0 overrun=0
-- tick=1572000 -- motion: cycles=1572000 mismatch=0 overrun=0 | io: cycles=196500 mismatch=0 overrun=0
-- tick=1573000 -- motion: cycles=1573000 mismatch=0 overrun=0 | io: cycles=196625 mismatch=0 overrun=0
-- tick=1574000 -- motion: cycles=1574000 mismatch=0 overrun=0 | io: cycles=196750 mismatch=0 overrun=0
-- tick=1575000 -- motion: cycles=1575000 mismatch=0 overrun=0 | io: cycles=196875 mismatch=0 overrun=0
-- tick=1576000 -- motion: cycles=1576000 mismatch=0 overrun=0 | io: cycles=197000 mismatch=0 overrun=0
-- tick=1577000 -- motion: cycles=1577000 mismatch=0 overrun=0 | io: cycles=197125 mismatch=0 overrun=0
-- tick=1578000 -- motion: cycles=1578000 mismatch=0 overrun=0 | io: cycles=197250 mismatch=0 overrun=0
-- tick=1579000 -- motion: cycles=1579000 mismatch=0 overrun=0 | io: cycles=197375 mismatch=0 overrun=0
-- tick=1580000 -- motion: cycles=1580000 mismatch=0 overrun=0 | io: cycles=197500 mismatch=0 overrun=0
-- tick=1581000 -- motion: cycles=1581000 mismatch=0 overrun=0 | io: cycles=197625 mismatch=0 overrun=0
-- tick=1582000 -- motion: cycles=1582000 mismatch=0 overrun=0 | io: cycles=197750 mismatch=0 overrun=0
-- tick=1583000 -- motion: cycles=1583000 mismatch=0 overrun=0 | io: cycles=197875 mismatch=0 overrun=0
-- tick=1584000 -- motion: cycles=1584000 mismatch=0 overrun=0 | io: cycles=198000 mismatch=0 overrun=0
-- tick=1585000 -- motion: cycles=1585000 mismatch=0 overrun=0 | io: cycles=198125 mismatch=0 overrun=0
-- tick=1586000 -- motion: cycles=1586000 mismatch=0 overrun=0 | io: cycles=198250 mismatch=0 overrun=0
-- tick=1587000 -- motion: cycles=1587000 mismatch=0 overrun=0 | io: cycles=198375 mismatch=0 overrun=0
-- tick=1588000 -- motion: cycles=1588000 mismatch=0 overrun=0 | io: cycles=198500 mismatch=0 overrun=0
-- tick=1589000 -- motion: cycles=1589000 mismatch=0 overrun=0 | io: cycles=198625 mismatch=0 overrun=0
-- tick=1590000 -- motion: cycles=1590000 mismatch=0 overrun=0 | io: cycles=198750 mismatch=0 overrun=0
-- tick=1591000 -- motion: cycles=1591000 mismatch=0 overrun=0 | io: cycles=198875 mismatch=0 overrun=0
-- tick=1592000 -- motion: cycles=1592000 mismatch=0 overrun=0 | io: cycles=199000 mismatch=0 overrun=0
-- tick=1593000 -- motion: cycles=1593000 mismatch=0 overrun=0 | io: cycles=199125 mismatch=0 overrun=0
-- tick=1594000 -- motion: cycles=1594000 mismatch=0 overrun=0 | io: cycles=199250 mismatch=0 overrun=0
-- tick=1595000 -- motion: cycles=1595000 mismatch=0 overrun=0 | io: cycles=199375 mismatch=0 overrun=0
-- tick=1596000 -- motion: cycles=1596000 mismatch=0 overrun=0 | io: cycles=199500 mismatch=0 overrun=0
-- tick=1597000 -- motion: cycles=1597000 mismatch=0 overrun=0 | io: cycles=199625 mismatch=0 overrun=0
-- tick=1598000 -- motion: cycles=1598000 mismatch=0 overrun=0 | io: cycles=199750 mismatch=0 overrun=0
-- tick=1599000 -- motion: cycles=1599000 mismatch=0 overrun=0 | io: cycles=199875 mismatch=0 overrun=0
-- tick=1600000 -- motion: cycles=1600000 mismatch=0 overrun=0 | io: cycles=200000 mismatch=0 overrun=0
-- tick=1601000 -- motion: cycles=1601000 mismatch=0 overrun=0 | io: cycles=200125 mismatch=0 overrun=0
-- tick=1602000 -- motion: cycles=1602000 mismatch=0 overrun=0 | io: cycles=200250 mismatch=0 overrun=0
-- tick=1603000 -- motion: cycles=1603000 mismatch=0 overrun=0 | io: cycles=200375 mismatch=0 overrun=0
-- tick=1604000 -- motion: cycles=1604000 mismatch=0 overrun=0 | io: cycles=200500 mismatch=0 overrun=0
-- tick=1605000 -- motion: cycles=1605000 mismatch=0 overrun=0 | io: cycles=200625 mismatch=0 overrun=0
-- tick=1606000 -- motion: cycles=1606000 mismatch=0 overrun=0 | io: cycles=200750 mismatch=0 overrun=0
-- tick=1607000 -- motion: cycles=1607000 mismatch=0 overrun=0 | io: cycles=200875 mismatch=0 overrun=0
-- tick=1608000 -- motion: cycles=1608000 mismatch=0 overrun=0 | io: cycles=201000 mismatch=0 overrun=0
-- tick=1609000 -- motion: cycles=1609000 mismatch=0 overrun=0 | io: cycles=201125 mismatch=0 overrun=0
-- tick=1610000 -- motion: cycles=1610000 mismatch=0 overrun=0 | io: cycles=201250 mismatch=0 overrun=0
-- tick=1611000 -- motion: cycles=1611000 mismatch=0 overrun=0 | io: cycles=201375 mismatch=0 overrun=0
-- tick=1612000 -- motion: cycles=1612000 mismatch=0 overrun=0 | io: cycles=201500 mismatch=0 overrun=0
-- tick=1613000 -- motion: cycles=1613000 mismatch=0 overrun=0 | io: cycles=201625 mismatch=0 overrun=0
-- tick=1614000 -- motion: cycles=1614000 mismatch=0 overrun=0 | io: cycles=201750 mismatch=0 overrun=0
-- tick=1615000 -- motion: cycles=1615000 mismatch=0 overrun=0 | io: cycles=201875 mismatch=0 overrun=0
-- tick=1616000 -- motion: cycles=1616000 mismatch=0 overrun=0 | io: cycles=202000 mismatch=0 overrun=0
-- tick=1617000 -- motion: cycles=1617000 mismatch=0 overrun=0 | io: cycles=202125 mismatch=0 overrun=0
-- tick=1618000 -- motion: cycles=1618000 mismatch=0 overrun=0 | io: cycles=202250 mismatch=0 overrun=0
-- tick=1619000 -- motion: cycles=1619000 mismatch=0 overrun=0 | io: cycles=202375 mismatch=0 overrun=0
-- tick=1620000 -- motion: cycles=1620000 mismatch=0 overrun=0 | io: cycles=202500 mismatch=0 overrun=0
-- tick=1621000 -- motion: cycles=1621000 mismatch=0 overrun=0 | io: cycles=202625 mismatch=0 overrun=0
-- tick=1622000 -- motion: cycles=1622000 mismatch=0 overrun=0 | io: cycles=202750 mismatch=0 overrun=0
-- tick=1623000 -- motion: cycles=1623000 mismatch=0 overrun=0 | io: cycles=202875 mismatch=0 overrun=0
-- tick=1624000 -- motion: cycles=1624000 mismatch=0 overrun=0 | io: cycles=203000 mismatch=0 overrun=0
-- tick=1625000 -- motion: cycles=1625000 mismatch=0 overrun=0 | io: cycles=203125 mismatch=0 overrun=0
-- tick=1626000 -- motion: cycles=1626000 mismatch=0 overrun=0 | io: cycles=203250 mismatch=0 overrun=0
-- tick=1627000 -- motion: cycles=1627000 mismatch=0 overrun=0 | io: cycles=203375 mismatch=0 overrun=0
-- tick=1628000 -- motion: cycles=1628000 mismatch=0 overrun=0 | io: cycles=203500 mismatch=0 overrun=0
-- tick=1629000 -- motion: cycles=1629000 mismatch=0 overrun=0 | io: cycles=203625 mismatch=0 overrun=0
-- tick=1630000 -- motion: cycles=1630000 mismatch=0 overrun=0 | io: cycles=203750 mismatch=0 overrun=0
-- tick=1631000 -- motion: cycles=1631000 mismatch=0 overrun=0 | io: cycles=203875 mismatch=0 overrun=0
-- tick=1632000 -- motion: cycles=1632000 mismatch=0 overrun=0 | io: cycles=204000 mismatch=0 overrun=0
-- tick=1633000 -- motion: cycles=1633000 mismatch=0 overrun=0 | io: cycles=204125 mismatch=0 overrun=0
-- tick=1634000 -- motion: cycles=1634000 mismatch=0 overrun=0 | io: cycles=204250 mismatch=0 overrun=0
-- tick=1635000 -- motion: cycles=1635000 mismatch=0 overrun=0 | io: cycles=204375 mismatch=0 overrun=0
-- tick=1636000 -- motion: cycles=1636000 mismatch=0 overrun=0 | io: cycles=204500 mismatch=0 overrun=0
-- tick=1637000 -- motion: cycles=1637000 mismatch=0 overrun=0 | io: cycles=204625 mismatch=0 overrun=0
-- tick=1638000 -- motion: cycles=1638000 mismatch=0 overrun=0 | io: cycles=204750 mismatch=0 overrun=0
-- tick=1639000 -- motion: cycles=1639000 mismatch=0 overrun=0 | io: cycles=204875 mismatch=0 overrun=0
-- tick=1640000 -- motion: cycles=1640000 mismatch=0 overrun=0 | io: cycles=205000 mismatch=0 overrun=0
-- tick=1641000 -- motion: cycles=1641000 mismatch=0 overrun=0 | io: cycles=205125 mismatch=0 overrun=0
-- tick=1642000 -- motion: cycles=1642000 mismatch=0 overrun=0 | io: cycles=205250 mismatch=0 overrun=0
-- tick=1643000 -- motion: cycles=1643000 mismatch=0 overrun=0 | io: cycles=205375 mismatch=0 overrun=0
-- tick=1644000 -- motion: cycles=1644000 mismatch=0 overrun=0 | io: cycles=205500 mismatch=0 overrun=0
-- tick=1645000 -- motion: cycles=1645000 mismatch=0 overrun=0 | io: cycles=205625 mismatch=0 overrun=0
-- tick=1646000 -- motion: cycles=1646000 mismatch=0 overrun=0 | io: cycles=205750 mismatch=0 overrun=0
-- tick=1647000 -- motion: cycles=1647000 mismatch=0 overrun=0 | io: cycles=205875 mismatch=0 overrun=0
-- tick=1648000 -- motion: cycles=1648000 mismatch=0 overrun=0 | io: cycles=206000 mismatch=0 overrun=0
-- tick=1649000 -- motion: cycles=1649000 mismatch=0 overrun=0 | io: cycles=206125 mismatch=0 overrun=0
-- tick=1650000 -- motion: cycles=1650000 mismatch=0 overrun=0 | io: cycles=206250 mismatch=0 overrun=0
-- tick=1651000 -- motion: cycles=1651000 mismatch=0 overrun=0 | io: cycles=206375 mismatch=0 overrun=0
-- tick=1652000 -- motion: cycles=1652000 mismatch=0 overrun=0 | io: cycles=206500 mismatch=0 overrun=0
-- tick=1653000 -- motion: cycles=1653000 mismatch=0 overrun=0 | io: cycles=206625 mismatch=0 overrun=0
-- tick=1654000 -- motion: cycles=1654000 mismatch=0 overrun=0 | io: cycles=206750 mismatch=0 overrun=0
-- tick=1655000 -- motion: cycles=1655000 mismatch=0 overrun=0 | io: cycles=206875 mismatch=0 overrun=0
-- tick=1656000 -- motion: cycles=1656000 mismatch=0 overrun=0 | io: cycles=207000 mismatch=0 overrun=0
-- tick=1657000 -- motion: cycles=1657000 mismatch=0 overrun=0 | io: cycles=207125 mismatch=0 overrun=0
-- tick=1658000 -- motion: cycles=1658000 mismatch=0 overrun=0 | io: cycles=207250 mismatch=0 overrun=0
-- tick=1659000 -- motion: cycles=1659000 mismatch=0 overrun=0 | io: cycles=207375 mismatch=0 overrun=0
-- tick=1660000 -- motion: cycles=1660000 mismatch=0 overrun=0 | io: cycles=207500 mismatch=0 overrun=0
-- tick=1661000 -- motion: cycles=1661000 mismatch=0 overrun=0 | io: cycles=207625 mismatch=0 overrun=0
-- tick=1662000 -- motion: cycles=1662000 mismatch=0 overrun=0 | io: cycles=207750 mismatch=0 overrun=0
-- tick=1663000 -- motion: cycles=1663000 mismatch=0 overrun=0 | io: cycles=207875 mismatch=0 overrun=0
-- tick=1664000 -- motion: cycles=1664000 mismatch=0 overrun=0 | io: cycles=208000 mismatch=0 overrun=0
-- tick=1665000 -- motion: cycles=1665000 mismatch=0 overrun=0 | io: cycles=208125 mismatch=0 overrun=0
-- tick=1666000 -- motion: cycles=1666000 mismatch=0 overrun=0 | io: cycles=208250 mismatch=0 overrun=0
-- tick=1667000 -- motion: cycles=1667000 mismatch=0 overrun=0 | io: cycles=208375 mismatch=0 overrun=0
-- tick=1668000 -- motion: cycles=1668000 mismatch=0 overrun=0 | io: cycles=208500 mismatch=0 overrun=0
-- tick=1669000 -- motion: cycles=1669000 mismatch=0 overrun=0 | io: cycles=208625 mismatch=0 overrun=0
-- tick=1670000 -- motion: cycles=1670000 mismatch=0 overrun=0 | io: cycles=208750 mismatch=0 overrun=0
-- tick=1671000 -- motion: cycles=1671000 mismatch=0 overrun=0 | io: cycles=208875 mismatch=0 overrun=0
-- tick=1672000 -- motion: cycles=1672000 mismatch=0 overrun=0 | io: cycles=209000 mismatch=0 overrun=0
-- tick=1673000 -- motion: cycles=1673000 mismatch=0 overrun=0 | io: cycles=209125 mismatch=0 overrun=0
-- tick=1674000 -- motion: cycles=1674000 mismatch=0 overrun=0 | io: cycles=209250 mismatch=0 overrun=0
-- tick=1675000 -- motion: cycles=1675000 mismatch=0 overrun=0 | io: cycles=209375 mismatch=0 overrun=0
-- tick=1676000 -- motion: cycles=1676000 mismatch=0 overrun=0 | io: cycles=209500 mismatch=0 overrun=0
-- tick=1677000 -- motion: cycles=1677000 mismatch=0 overrun=0 | io: cycles=209625 mismatch=0 overrun=0
-- tick=1678000 -- motion: cycles=1678000 mismatch=0 overrun=0 | io: cycles=209750 mismatch=0 overrun=0
-- tick=1679000 -- motion: cycles=1679000 mismatch=0 overrun=0 | io: cycles=209875 mismatch=0 overrun=0
-- tick=1680000 -- motion: cycles=1680000 mismatch=0 overrun=0 | io: cycles=210000 mismatch=0 overrun=0
-- tick=1681000 -- motion: cycles=1681000 mismatch=0 overrun=0 | io: cycles=210125 mismatch=0 overrun=0
-- tick=1682000 -- motion: cycles=1682000 mismatch=0 overrun=0 | io: cycles=210250 mismatch=0 overrun=0
-- tick=1683000 -- motion: cycles=1683000 mismatch=0 overrun=0 | io: cycles=210375 mismatch=0 overrun=0
-- tick=1684000 -- motion: cycles=1684000 mismatch=0 overrun=0 | io: cycles=210500 mismatch=0 overrun=0
-- tick=1685000 -- motion: cycles=1685000 mismatch=0 overrun=0 | io: cycles=210625 mismatch=0 overrun=0
-- tick=1686000 -- motion: cycles=1686000 mismatch=0 overrun=0 | io: cycles=210750 mismatch=0 overrun=0
-- tick=1687000 -- motion: cycles=1687000 mismatch=0 overrun=0 | io: cycles=210875 mismatch=0 overrun=0
-- tick=1688000 -- motion: cycles=1688000 mismatch=0 overrun=0 | io: cycles=211000 mismatch=0 overrun=0
-- tick=1689000 -- motion: cycles=1689000 mismatch=0 overrun=0 | io: cycles=211125 mismatch=0 overrun=0
-- tick=1690000 -- motion: cycles=1690000 mismatch=0 overrun=0 | io: cycles=211250 mismatch=0 overrun=0
-- tick=1691000 -- motion: cycles=1691000 mismatch=0 overrun=0 | io: cycles=211375 mismatch=0 overrun=0
-- tick=1692000 -- motion: cycles=1692000 mismatch=0 overrun=0 | io: cycles=211500 mismatch=0 overrun=0
-- tick=1693000 -- motion: cycles=1693000 mismatch=0 overrun=0 | io: cycles=211625 mismatch=0 overrun=0
-- tick=1694000 -- motion: cycles=1694000 mismatch=0 overrun=0 | io: cycles=211750 mismatch=0 overrun=0
-- tick=1695000 -- motion: cycles=1695000 mismatch=0 overrun=0 | io: cycles=211875 mismatch=0 overrun=0
-- tick=1696000 -- motion: cycles=1696000 mismatch=0 overrun=0 | io: cycles=212000 mismatch=0 overrun=0
-- tick=1697000 -- motion: cycles=1697000 mismatch=0 overrun=0 | io: cycles=212125 mismatch=0 overrun=0
-- tick=1698000 -- motion: cycles=1698000 mismatch=0 overrun=0 | io: cycles=212250 mismatch=0 overrun=0
-- tick=1699000 -- motion: cycles=1699000 mismatch=0 overrun=0 | io: cycles=212375 mismatch=0 overrun=0
-- tick=1700000 -- motion: cycles=1700000 mismatch=0 overrun=0 | io: cycles=212500 mismatch=0 overrun=0
-- tick=1701000 -- motion: cycles=1701000 mismatch=0 overrun=0 | io: cycles=212625 mismatch=0 overrun=0
-- tick=1702000 -- motion: cycles=1702000 mismatch=0 overrun=0 | io: cycles=212750 mismatch=0 overrun=0
-- tick=1703000 -- motion: cycles=1703000 mismatch=0 overrun=0 | io: cycles=212875 mismatch=0 overrun=0
-- tick=1704000 -- motion: cycles=1704000 mismatch=0 overrun=0 | io: cycles=213000 mismatch=0 overrun=0
-- tick=1705000 -- motion: cycles=1705000 mismatch=0 overrun=0 | io: cycles=213125 mismatch=0 overrun=0
-- tick=1706000 -- motion: cycles=1706000 mismatch=0 overrun=0 | io: cycles=213250 mismatch=0 overrun=0
-- tick=1707000 -- motion: cycles=1707000 mismatch=0 overrun=0 | io: cycles=213375 mismatch=0 overrun=0
-- tick=1708000 -- motion: cycles=1708000 mismatch=0 overrun=0 | io: cycles=213500 mismatch=0 overrun=0
-- tick=1709000 -- motion: cycles=1709000 mismatch=0 overrun=0 | io: cycles=213625 mismatch=0 overrun=0
-- tick=1710000 -- motion: cycles=1710000 mismatch=0 overrun=0 | io: cycles=213750 mismatch=0 overrun=0
-- tick=1711000 -- motion: cycles=1711000 mismatch=0 overrun=0 | io: cycles=213875 mismatch=0 overrun=0
-- tick=1712000 -- motion: cycles=1712000 mismatch=0 overrun=0 | io: cycles=214000 mismatch=0 overrun=0
-- tick=1713000 -- motion: cycles=1713000 mismatch=0 overrun=0 | io: cycles=214125 mismatch=0 overrun=0
-- tick=1714000 -- motion: cycles=1714000 mismatch=0 overrun=0 | io: cycles=214250 mismatch=0 overrun=0
-- tick=1715000 -- motion: cycles=1715000 mismatch=0 overrun=0 | io: cycles=214375 mismatch=0 overrun=0
-- tick=1716000 -- motion: cycles=1716000 mismatch=0 overrun=0 | io: cycles=214500 mismatch=0 overrun=0
-- tick=1717000 -- motion: cycles=1717000 mismatch=0 overrun=0 | io: cycles=214625 mismatch=0 overrun=0
-- tick=1718000 -- motion: cycles=1718000 mismatch=0 overrun=0 | io: cycles=214750 mismatch=0 overrun=0
-- tick=1719000 -- motion: cycles=1719000 mismatch=0 overrun=0 | io: cycles=214875 mismatch=0 overrun=0
-- tick=1720000 -- motion: cycles=1720000 mismatch=0 overrun=0 | io: cycles=215000 mismatch=0 overrun=0
-- tick=1721000 -- motion: cycles=1721000 mismatch=0 overrun=0 | io: cycles=215125 mismatch=0 overrun=0
-- tick=1722000 -- motion: cycles=1722000 mismatch=0 overrun=0 | io: cycles=215250 mismatch=0 overrun=0
-- tick=1723000 -- motion: cycles=1723000 mismatch=0 overrun=0 | io: cycles=215375 mismatch=0 overrun=0
-- tick=1724000 -- motion: cycles=1724000 mismatch=0 overrun=0 | io: cycles=215500 mismatch=0 overrun=0
-- tick=1725000 -- motion: cycles=1725000 mismatch=0 overrun=0 | io: cycles=215625 mismatch=0 overrun=0
-- tick=1726000 -- motion: cycles=1726000 mismatch=0 overrun=0 | io: cycles=215750 mismatch=0 overrun=0
-- tick=1727000 -- motion: cycles=1727000 mismatch=0 overrun=0 | io: cycles=215875 mismatch=0 overrun=0
-- tick=1728000 -- motion: cycles=1728000 mismatch=0 overrun=0 | io: cycles=216000 mismatch=0 overrun=0
-- tick=1729000 -- motion: cycles=1729000 mismatch=0 overrun=0 | io: cycles=216125 mismatch=0 overrun=0
-- tick=1730000 -- motion: cycles=1730000 mismatch=0 overrun=0 | io: cycles=216250 mismatch=0 overrun=0
-- tick=1731000 -- motion: cycles=1731000 mismatch=0 overrun=0 | io: cycles=216375 mismatch=0 overrun=0
-- tick=1732000 -- motion: cycles=1732000 mismatch=0 overrun=0 | io: cycles=216500 mismatch=0 overrun=0
-- tick=1733000 -- motion: cycles=1733000 mismatch=0 overrun=0 | io: cycles=216625 mismatch=0 overrun=0
-- tick=1734000 -- motion: cycles=1734000 mismatch=0 overrun=0 | io: cycles=216750 mismatch=0 overrun=0
-- tick=1735000 -- motion: cycles=1735000 mismatch=0 overrun=0 | io: cycles=216875 mismatch=0 overrun=0
-- tick=1736000 -- motion: cycles=1736000 mismatch=0 overrun=0 | io: cycles=217000 mismatch=0 overrun=0
-- tick=1737000 -- motion: cycles=1737000 mismatch=0 overrun=0 | io: cycles=217125 mismatch=0 overrun=0
-- tick=1738000 -- motion: cycles=1738000 mismatch=0 overrun=0 | io: cycles=217250 mismatch=0 overrun=0
-- tick=1739000 -- motion: cycles=1739000 mismatch=0 overrun=0 | io: cycles=217375 mismatch=0 overrun=0
-- tick=1740000 -- motion: cycles=1740000 mismatch=0 overrun=0 | io: cycles=217500 mismatch=0 overrun=0
-- tick=1741000 -- motion: cycles=1741000 mismatch=0 overrun=0 | io: cycles=217625 mismatch=0 overrun=0
-- tick=1742000 -- motion: cycles=1742000 mismatch=0 overrun=0 | io: cycles=217750 mismatch=0 overrun=0
-- tick=1743000 -- motion: cycles=1743000 mismatch=0 overrun=0 | io: cycles=217875 mismatch=0 overrun=0
-- tick=1744000 -- motion: cycles=1744000 mismatch=0 overrun=0 | io: cycles=218000 mismatch=0 overrun=0
-- tick=1745000 -- motion: cycles=1745000 mismatch=0 overrun=0 | io: cycles=218125 mismatch=0 overrun=0
-- tick=1746000 -- motion: cycles=1746000 mismatch=0 overrun=0 | io: cycles=218250 mismatch=0 overrun=0
-- tick=1747000 -- motion: cycles=1747000 mismatch=0 overrun=0 | io: cycles=218375 mismatch=0 overrun=0
-- tick=1748000 -- motion: cycles=1748000 mismatch=0 overrun=0 | io: cycles=218500 mismatch=0 overrun=0
-- tick=1749000 -- motion: cycles=1749000 mismatch=0 overrun=0 | io: cycles=218625 mismatch=0 overrun=0
-- tick=1750000 -- motion: cycles=1750000 mismatch=0 overrun=0 | io: cycles=218750 mismatch=0 overrun=0
-- tick=1751000 -- motion: cycles=1751000 mismatch=0 overrun=0 | io: cycles=218875 mismatch=0 overrun=0
-- tick=1752000 -- motion: cycles=1752000 mismatch=0 overrun=0 | io: cycles=219000 mismatch=0 overrun=0
-- tick=1753000 -- motion: cycles=1753000 mismatch=0 overrun=0 | io: cycles=219125 mismatch=0 overrun=0
-- tick=1754000 -- motion: cycles=1754000 mismatch=0 overrun=0 | io: cycles=219250 mismatch=0 overrun=0
-- tick=1755000 -- motion: cycles=1755000 mismatch=0 overrun=0 | io: cycles=219375 mismatch=0 overrun=0
-- tick=1756000 -- motion: cycles=1756000 mismatch=0 overrun=0 | io: cycles=219500 mismatch=0 overrun=0
-- tick=1757000 -- motion: cycles=1757000 mismatch=0 overrun=0 | io: cycles=219625 mismatch=0 overrun=0
-- tick=1758000 -- motion: cycles=1758000 mismatch=0 overrun=0 | io: cycles=219750 mismatch=0 overrun=0
-- tick=1759000 -- motion: cycles=1759000 mismatch=0 overrun=0 | io: cycles=219875 mismatch=0 overrun=0
-- tick=1760000 -- motion: cycles=1760000 mismatch=0 overrun=0 | io: cycles=220000 mismatch=0 overrun=0
-- tick=1761000 -- motion: cycles=1761000 mismatch=0 overrun=0 | io: cycles=220125 mismatch=0 overrun=0
-- tick=1762000 -- motion: cycles=1762000 mismatch=0 overrun=0 | io: cycles=220250 mismatch=0 overrun=0
-- tick=1763000 -- motion: cycles=1763000 mismatch=0 overrun=0 | io: cycles=220375 mismatch=0 overrun=0
-- tick=1764000 -- motion: cycles=1764000 mismatch=0 overrun=0 | io: cycles=220500 mismatch=0 overrun=0
-- tick=1765000 -- motion: cycles=1765000 mismatch=0 overrun=0 | io: cycles=220625 mismatch=0 overrun=0
-- tick=1766000 -- motion: cycles=1766000 mismatch=0 overrun=0 | io: cycles=220750 mismatch=0 overrun=0
-- tick=1767000 -- motion: cycles=1767000 mismatch=0 overrun=0 | io: cycles=220875 mismatch=0 overrun=0
-- tick=1768000 -- motion: cycles=1768000 mismatch=0 overrun=0 | io: cycles=221000 mismatch=0 overrun=0
-- tick=1769000 -- motion: cycles=1769000 mismatch=0 overrun=0 | io: cycles=221125 mismatch=0 overrun=0
-- tick=1770000 -- motion: cycles=1770000 mismatch=0 overrun=0 | io: cycles=221250 mismatch=0 overrun=0
-- tick=1771000 -- motion: cycles=1771000 mismatch=0 overrun=0 | io: cycles=221375 mismatch=0 overrun=0
-- tick=1772000 -- motion: cycles=1772000 mismatch=0 overrun=0 | io: cycles=221500 mismatch=0 overrun=0
-- tick=1773000 -- motion: cycles=1773000 mismatch=0 overrun=0 | io: cycles=221625 mismatch=0 overrun=0
-- tick=1774000 -- motion: cycles=1774000 mismatch=0 overrun=0 | io: cycles=221750 mismatch=0 overrun=0
-- tick=1775000 -- motion: cycles=1775000 mismatch=0 overrun=0 | io: cycles=221875 mismatch=0 overrun=0
-- tick=1776000 -- motion: cycles=1776000 mismatch=0 overrun=0 | io: cycles=222000 mismatch=0 overrun=0
-- tick=1777000 -- motion: cycles=1777000 mismatch=0 overrun=0 | io: cycles=222125 mismatch=0 overrun=0
-- tick=1778000 -- motion: cycles=1778000 mismatch=0 overrun=0 | io: cycles=222250 mismatch=0 overrun=0
-- tick=1779000 -- motion: cycles=1779000 mismatch=0 overrun=0 | io: cycles=222375 mismatch=0 overrun=0
-- tick=1780000 -- motion: cycles=1780000 mismatch=0 overrun=0 | io: cycles=222500 mismatch=0 overrun=0
-- tick=1781000 -- motion: cycles=1781000 mismatch=0 overrun=0 | io: cycles=222625 mismatch=0 overrun=0
-- tick=1782000 -- motion: cycles=1782000 mismatch=0 overrun=0 | io: cycles=222750 mismatch=0 overrun=0
-- tick=1783000 -- motion: cycles=1783000 mismatch=0 overrun=0 | io: cycles=222875 mismatch=0 overrun=0
-- tick=1784000 -- motion: cycles=1784000 mismatch=0 overrun=0 | io: cycles=223000 mismatch=0 overrun=0
-- tick=1785000 -- motion: cycles=1785000 mismatch=0 overrun=0 | io: cycles=223125 mismatch=0 overrun=0
-- tick=1786000 -- motion: cycles=1786000 mismatch=0 overrun=0 | io: cycles=223250 mismatch=0 overrun=0
-- tick=1787000 -- motion: cycles=1787000 mismatch=0 overrun=0 | io: cycles=223375 mismatch=0 overrun=0
-- tick=1788000 -- motion: cycles=1788000 mismatch=0 overrun=0 | io: cycles=223500 mismatch=0 overrun=0
-- tick=1789000 -- motion: cycles=1789000 mismatch=0 overrun=0 | io: cycles=223625 mismatch=0 overrun=0
-- tick=1790000 -- motion: cycles=1790000 mismatch=0 overrun=0 | io: cycles=223750 mismatch=0 overrun=0
-- tick=1791000 -- motion: cycles=1791000 mismatch=0 overrun=0 | io: cycles=223875 mismatch=0 overrun=0
-- tick=1792000 -- motion: cycles=1792000 mismatch=0 overrun=0 | io: cycles=224000 mismatch=0 overrun=0
-- tick=1793000 -- motion: cycles=1793000 mismatch=0 overrun=0 | io: cycles=224125 mismatch=0 overrun=0
-- tick=1794000 -- motion: cycles=1794000 mismatch=0 overrun=0 | io: cycles=224250 mismatch=0 overrun=0
-- tick=1795000 -- motion: cycles=1795000 mismatch=0 overrun=0 | io: cycles=224375 mismatch=0 overrun=0
-- tick=1796000 -- motion: cycles=1796000 mismatch=0 overrun=0 | io: cycles=224500 mismatch=0 overrun=0
-- tick=1797000 -- motion: cycles=1797000 mismatch=0 overrun=0 | io: cycles=224625 mismatch=0 overrun=0
-- tick=1798000 -- motion: cycles=1798000 mismatch=0 overrun=0 | io: cycles=224750 mismatch=0 overrun=0
-- tick=1799000 -- motion: cycles=1799000 mismatch=0 overrun=0 | io: cycles=224875 mismatch=0 overrun=0
-- tick=1800000 -- motion: cycles=1800000 mismatch=0 overrun=0 | io: cycles=225000 mismatch=0 overrun=0
-- tick=1801000 -- motion: cycles=1801000 mismatch=0 overrun=0 | io: cycles=225125 mismatch=0 overrun=0
-- tick=1802000 -- motion: cycles=1802000 mismatch=0 overrun=0 | io: cycles=225250 mismatch=0 overrun=0
-- tick=1803000 -- motion: cycles=1803000 mismatch=0 overrun=0 | io: cycles=225375 mismatch=0 overrun=0
-- tick=1804000 -- motion: cycles=1804000 mismatch=0 overrun=0 | io: cycles=225500 mismatch=0 overrun=0
-- tick=1805000 -- motion: cycles=1805000 mismatch=0 overrun=0 | io: cycles=225625 mismatch=0 overrun=0
-- tick=1806000 -- motion: cycles=1806000 mismatch=0 overrun=0 | io: cycles=225750 mismatch=0 overrun=0
-- tick=1807000 -- motion: cycles=1807000 mismatch=0 overrun=0 | io: cycles=225875 mismatch=0 overrun=0
-- tick=1808000 -- motion: cycles=1808000 mismatch=0 overrun=0 | io: cycles=226000 mismatch=0 overrun=0
-- tick=1809000 -- motion: cycles=1809000 mismatch=0 overrun=0 | io: cycles=226125 mismatch=0 overrun=0
-- tick=1810000 -- motion: cycles=1810000 mismatch=0 overrun=0 | io: cycles=226250 mismatch=0 overrun=0
-- tick=1811000 -- motion: cycles=1811000 mismatch=0 overrun=0 | io: cycles=226375 mismatch=0 overrun=0
-- tick=1812000 -- motion: cycles=1812000 mismatch=0 overrun=0 | io: cycles=226500 mismatch=0 overrun=0
-- tick=1813000 -- motion: cycles=1813000 mismatch=0 overrun=0 | io: cycles=226625 mismatch=0 overrun=0
-- tick=1814000 -- motion: cycles=1814000 mismatch=0 overrun=0 | io: cycles=226750 mismatch=0 overrun=0
-- tick=1815000 -- motion: cycles=1815000 mismatch=0 overrun=0 | io: cycles=226875 mismatch=0 overrun=0
-- tick=1816000 -- motion: cycles=1816000 mismatch=0 overrun=0 | io: cycles=227000 mismatch=0 overrun=0
-- tick=1817000 -- motion: cycles=1817000 mismatch=0 overrun=0 | io: cycles=227125 mismatch=0 overrun=0
-- tick=1818000 -- motion: cycles=1818000 mismatch=0 overrun=0 | io: cycles=227250 mismatch=0 overrun=0
-- tick=1819000 -- motion: cycles=1819000 mismatch=0 overrun=0 | io: cycles=227375 mismatch=0 overrun=0
-- tick=1820000 -- motion: cycles=1820000 mismatch=0 overrun=0 | io: cycles=227500 mismatch=0 overrun=0
-- tick=1821000 -- motion: cycles=1821000 mismatch=0 overrun=0 | io: cycles=227625 mismatch=0 overrun=0
-- tick=1822000 -- motion: cycles=1822000 mismatch=0 overrun=0 | io: cycles=227750 mismatch=0 overrun=0
-- tick=1823000 -- motion: cycles=1823000 mismatch=0 overrun=0 | io: cycles=227875 mismatch=0 overrun=0
-- tick=1824000 -- motion: cycles=1824000 mismatch=0 overrun=0 | io: cycles=228000 mismatch=0 overrun=0
-- tick=1825000 -- motion: cycles=1825000 mismatch=0 overrun=0 | io: cycles=228125 mismatch=0 overrun=0
-- tick=1826000 -- motion: cycles=1826000 mismatch=0 overrun=0 | io: cycles=228250 mismatch=0 overrun=0
-- tick=1827000 -- motion: cycles=1827000 mismatch=0 overrun=0 | io: cycles=228375 mismatch=0 overrun=0
-- tick=1828000 -- motion: cycles=1828000 mismatch=0 overrun=0 | io: cycles=228500 mismatch=0 overrun=0
-- tick=1829000 -- motion: cycles=1829000 mismatch=0 overrun=0 | io: cycles=228625 mismatch=0 overrun=0
-- tick=1830000 -- motion: cycles=1830000 mismatch=0 overrun=0 | io: cycles=228750 mismatch=0 overrun=0
-- tick=1831000 -- motion: cycles=1831000 mismatch=0 overrun=0 | io: cycles=228875 mismatch=0 overrun=0
-- tick=1832000 -- motion: cycles=1832000 mismatch=0 overrun=0 | io: cycles=229000 mismatch=0 overrun=0
-- tick=1833000 -- motion: cycles=1833000 mismatch=0 overrun=0 | io: cycles=229125 mismatch=0 overrun=0
-- tick=1834000 -- motion: cycles=1834000 mismatch=0 overrun=0 | io: cycles=229250 mismatch=0 overrun=0
-- tick=1835000 -- motion: cycles=1835000 mismatch=0 overrun=0 | io: cycles=229375 mismatch=0 overrun=0
-- tick=1836000 -- motion: cycles=1836000 mismatch=0 overrun=0 | io: cycles=229500 mismatch=0 overrun=0
-- tick=1837000 -- motion: cycles=1837000 mismatch=0 overrun=0 | io: cycles=229625 mismatch=0 overrun=0
-- tick=1838000 -- motion: cycles=1838000 mismatch=0 overrun=0 | io: cycles=229750 mismatch=0 overrun=0
-- tick=1839000 -- motion: cycles=1839000 mismatch=0 overrun=0 | io: cycles=229875 mismatch=0 overrun=0
-- tick=1840000 -- motion: cycles=1840000 mismatch=0 overrun=0 | io: cycles=230000 mismatch=0 overrun=0
-- tick=1841000 -- motion: cycles=1841000 mismatch=0 overrun=0 | io: cycles=230125 mismatch=0 overrun=0
-- tick=1842000 -- motion: cycles=1842000 mismatch=0 overrun=0 | io: cycles=230250 mismatch=0 overrun=0
-- tick=1843000 -- motion: cycles=1843000 mismatch=0 overrun=0 | io: cycles=230375 mismatch=0 overrun=0
-- tick=1844000 -- motion: cycles=1844000 mismatch=0 overrun=0 | io: cycles=230500 mismatch=0 overrun=0
-- tick=1845000 -- motion: cycles=1845000 mismatch=0 overrun=0 | io: cycles=230625 mismatch=0 overrun=0
-- tick=1846000 -- motion: cycles=1846000 mismatch=0 overrun=0 | io: cycles=230750 mismatch=0 overrun=0
-- tick=1847000 -- motion: cycles=1847000 mismatch=0 overrun=0 | io: cycles=230875 mismatch=0 overrun=0
-- tick=1848000 -- motion: cycles=1848000 mismatch=0 overrun=0 | io: cycles=231000 mismatch=0 overrun=0
-- tick=1849000 -- motion: cycles=1849000 mismatch=0 overrun=0 | io: cycles=231125 mismatch=0 overrun=0
-- tick=1850000 -- motion: cycles=1850000 mismatch=0 overrun=0 | io: cycles=231250 mismatch=0 overrun=0
-- tick=1851000 -- motion: cycles=1851000 mismatch=0 overrun=0 | io: cycles=231375 mismatch=0 overrun=0
-- tick=1852000 -- motion: cycles=1852000 mismatch=0 overrun=0 | io: cycles=231500 mismatch=0 overrun=0
-- tick=1853000 -- motion: cycles=1853000 mismatch=0 overrun=0 | io: cycles=231625 mismatch=0 overrun=0
-- tick=1854000 -- motion: cycles=1854000 mismatch=0 overrun=0 | io: cycles=231750 mismatch=0 overrun=0
-- tick=1855000 -- motion: cycles=1855000 mismatch=0 overrun=0 | io: cycles=231875 mismatch=0 overrun=0
-- tick=1856000 -- motion: cycles=1856000 mismatch=0 overrun=0 | io: cycles=232000 mismatch=0 overrun=0
-- tick=1857000 -- motion: cycles=1857000 mismatch=0 overrun=0 | io: cycles=232125 mismatch=0 overrun=0
-- tick=1858000 -- motion: cycles=1858000 mismatch=0 overrun=0 | io: cycles=232250 mismatch=0 overrun=0
-- tick=1859000 -- motion: cycles=1859000 mismatch=0 overrun=0 | io: cycles=232375 mismatch=0 overrun=0
-- tick=1860000 -- motion: cycles=1860000 mismatch=0 overrun=0 | io: cycles=232500 mismatch=0 overrun=0
-- tick=1861000 -- motion: cycles=1861000 mismatch=0 overrun=0 | io: cycles=232625 mismatch=0 overrun=0
-- tick=1862000 -- motion: cycles=1862000 mismatch=0 overrun=0 | io: cycles=232750 mismatch=0 overrun=0
-- tick=1863000 -- motion: cycles=1863000 mismatch=0 overrun=0 | io: cycles=232875 mismatch=0 overrun=0
-- tick=1864000 -- motion: cycles=1864000 mismatch=0 overrun=0 | io: cycles=233000 mismatch=0 overrun=0
-- tick=1865000 -- motion: cycles=1865000 mismatch=0 overrun=0 | io: cycles=233125 mismatch=0 overrun=0
-- tick=1866000 -- motion: cycles=1866000 mismatch=0 overrun=0 | io: cycles=233250 mismatch=0 overrun=0
-- tick=1867000 -- motion: cycles=1867000 mismatch=0 overrun=0 | io: cycles=233375 mismatch=0 overrun=0
-- tick=1868000 -- motion: cycles=1868000 mismatch=0 overrun=0 | io: cycles=233500 mismatch=0 overrun=0
-- tick=1869000 -- motion: cycles=1869000 mismatch=0 overrun=0 | io: cycles=233625 mismatch=0 overrun=0
-- tick=1870000 -- motion: cycles=1870000 mismatch=0 overrun=0 | io: cycles=233750 mismatch=0 overrun=0
-- tick=1871000 -- motion: cycles=1871000 mismatch=0 overrun=0 | io: cycles=233875 mismatch=0 overrun=0
-- tick=1872000 -- motion: cycles=1872000 mismatch=0 overrun=0 | io: cycles=234000 mismatch=0 overrun=0
-- tick=1873000 -- motion: cycles=1873000 mismatch=0 overrun=0 | io: cycles=234125 mismatch=0 overrun=0
-- tick=1874000 -- motion: cycles=1874000 mismatch=0 overrun=0 | io: cycles=234250 mismatch=0 overrun=0
-- tick=1875000 -- motion: cycles=1875000 mismatch=0 overrun=0 | io: cycles=234375 mismatch=0 overrun=0
-- tick=1876000 -- motion: cycles=1876000 mismatch=0 overrun=0 | io: cycles=234500 mismatch=0 overrun=0
-- tick=1877000 -- motion: cycles=1877000 mismatch=0 overrun=0 | io: cycles=234625 mismatch=0 overrun=0
-- tick=1878000 -- motion: cycles=1878000 mismatch=0 overrun=0 | io: cycles=234750 mismatch=0 overrun=0
-- tick=1879000 -- motion: cycles=1879000 mismatch=0 overrun=0 | io: cycles=234875 mismatch=0 overrun=0
-- tick=1880000 -- motion: cycles=1880000 mismatch=0 overrun=0 | io: cycles=235000 mismatch=0 overrun=0
-- tick=1881000 -- motion: cycles=1881000 mismatch=0 overrun=0 | io: cycles=235125 mismatch=0 overrun=0
-- tick=1882000 -- motion: cycles=1882000 mismatch=0 overrun=0 | io: cycles=235250 mismatch=0 overrun=0
-- tick=1883000 -- motion: cycles=1883000 mismatch=0 overrun=0 | io: cycles=235375 mismatch=0 overrun=0
-- tick=1884000 -- motion: cycles=1884000 mismatch=0 overrun=0 | io: cycles=235500 mismatch=0 overrun=0
-- tick=1885000 -- motion: cycles=1885000 mismatch=0 overrun=0 | io: cycles=235625 mismatch=0 overrun=0
-- tick=1886000 -- motion: cycles=1886000 mismatch=0 overrun=0 | io: cycles=235750 mismatch=0 overrun=0
-- tick=1887000 -- motion: cycles=1887000 mismatch=0 overrun=0 | io: cycles=235875 mismatch=0 overrun=0
-- tick=1888000 -- motion: cycles=1888000 mismatch=0 overrun=0 | io: cycles=236000 mismatch=0 overrun=0
-- tick=1889000 -- motion: cycles=1889000 mismatch=0 overrun=0 | io: cycles=236125 mismatch=0 overrun=0
-- tick=1890000 -- motion: cycles=1890000 mismatch=0 overrun=0 | io: cycles=236250 mismatch=0 overrun=0
-- tick=1891000 -- motion: cycles=1891000 mismatch=0 overrun=0 | io: cycles=236375 mismatch=0 overrun=0
-- tick=1892000 -- motion: cycles=1892000 mismatch=0 overrun=0 | io: cycles=236500 mismatch=0 overrun=0
-- tick=1893000 -- motion: cycles=1893000 mismatch=0 overrun=0 | io: cycles=236625 mismatch=0 overrun=0
-- tick=1894000 -- motion: cycles=1894000 mismatch=0 overrun=0 | io: cycles=236750 mismatch=0 overrun=0
-- tick=1895000 -- motion: cycles=1895000 mismatch=0 overrun=0 | io: cycles=236875 mismatch=0 overrun=0
-- tick=1896000 -- motion: cycles=1896000 mismatch=0 overrun=0 | io: cycles=237000 mismatch=0 overrun=0
-- tick=1897000 -- motion: cycles=1897000 mismatch=0 overrun=0 | io: cycles=237125 mismatch=0 overrun=0
-- tick=1898000 -- motion: cycles=1898000 mismatch=0 overrun=0 | io: cycles=237250 mismatch=0 overrun=0
-- tick=1899000 -- motion: cycles=1899000 mismatch=0 overrun=0 | io: cycles=237375 mismatch=0 overrun=0
-- tick=1900000 -- motion: cycles=1900000 mismatch=0 overrun=0 | io: cycles=237500 mismatch=0 overrun=0
-- tick=1901000 -- motion: cycles=1901000 mismatch=0 overrun=0 | io: cycles=237625 mismatch=0 overrun=0
-- tick=1902000 -- motion: cycles=1902000 mismatch=0 overrun=0 | io: cycles=237750 mismatch=0 overrun=0
-- tick=1903000 -- motion: cycles=1903000 mismatch=0 overrun=0 | io: cycles=237875 mismatch=0 overrun=0
-- tick=1904000 -- motion: cycles=1904000 mismatch=0 overrun=0 | io: cycles=238000 mismatch=0 overrun=0
-- tick=1905000 -- motion: cycles=1905000 mismatch=0 overrun=0 | io: cycles=238125 mismatch=0 overrun=0
-- tick=1906000 -- motion: cycles=1906000 mismatch=0 overrun=0 | io: cycles=238250 mismatch=0 overrun=0
-- tick=1907000 -- motion: cycles=1907000 mismatch=0 overrun=0 | io: cycles=238375 mismatch=0 overrun=0
-- tick=1908000 -- motion: cycles=1908000 mismatch=0 overrun=0 | io: cycles=238500 mismatch=0 overrun=0
-- tick=1909000 -- motion: cycles=1909000 mismatch=0 overrun=0 | io: cycles=238625 mismatch=0 overrun=0
-- tick=1910000 -- motion: cycles=1910000 mismatch=0 overrun=0 | io: cycles=238750 mismatch=0 overrun=0
-- tick=1911000 -- motion: cycles=1911000 mismatch=0 overrun=0 | io: cycles=238875 mismatch=0 overrun=0
-- tick=1912000 -- motion: cycles=1912000 mismatch=0 overrun=0 | io: cycles=239000 mismatch=0 overrun=0
-- tick=1913000 -- motion: cycles=1913000 mismatch=0 overrun=0 | io: cycles=239125 mismatch=0 overrun=0
-- tick=1914000 -- motion: cycles=1914000 mismatch=0 overrun=0 | io: cycles=239250 mismatch=0 overrun=0
-- tick=1915000 -- motion: cycles=1915000 mismatch=0 overrun=0 | io: cycles=239375 mismatch=0 overrun=0
-- tick=1916000 -- motion: cycles=1916000 mismatch=0 overrun=0 | io: cycles=239500 mismatch=0 overrun=0
-- tick=1917000 -- motion: cycles=1917000 mismatch=0 overrun=0 | io: cycles=239625 mismatch=0 overrun=0
-- tick=1918000 -- motion: cycles=1918000 mismatch=0 overrun=0 | io: cycles=239750 mismatch=0 overrun=0
-- tick=1919000 -- motion: cycles=1919000 mismatch=0 overrun=0 | io: cycles=239875 mismatch=0 overrun=0
-- tick=1920000 -- motion: cycles=1920000 mismatch=0 overrun=0 | io: cycles=240000 mismatch=0 overrun=0
-- tick=1921000 -- motion: cycles=1921000 mismatch=0 overrun=0 | io: cycles=240125 mismatch=0 overrun=0
-- tick=1922000 -- motion: cycles=1922000 mismatch=0 overrun=0 | io: cycles=240250 mismatch=0 overrun=0
-- tick=1923000 -- motion: cycles=1923000 mismatch=0 overrun=0 | io: cycles=240375 mismatch=0 overrun=0
-- tick=1924000 -- motion: cycles=1924000 mismatch=0 overrun=0 | io: cycles=240500 mismatch=0 overrun=0
-- tick=1925000 -- motion: cycles=1925000 mismatch=0 overrun=0 | io: cycles=240625 mismatch=0 overrun=0
-- tick=1926000 -- motion: cycles=1926000 mismatch=0 overrun=0 | io: cycles=240750 mismatch=0 overrun=0
-- tick=1927000 -- motion: cycles=1927000 mismatch=0 overrun=0 | io: cycles=240875 mismatch=0 overrun=0
-- tick=1928000 -- motion: cycles=1928000 mismatch=0 overrun=0 | io: cycles=241000 mismatch=0 overrun=0
-- tick=1929000 -- motion: cycles=1929000 mismatch=0 overrun=0 | io: cycles=241125 mismatch=0 overrun=0
-- tick=1930000 -- motion: cycles=1930000 mismatch=0 overrun=0 | io: cycles=241250 mismatch=0 overrun=0
-- tick=1931000 -- motion: cycles=1931000 mismatch=0 overrun=0 | io: cycles=241375 mismatch=0 overrun=0
-- tick=1932000 -- motion: cycles=1932000 mismatch=0 overrun=0 | io: cycles=241500 mismatch=0 overrun=0
-- tick=1933000 -- motion: cycles=1933000 mismatch=0 overrun=0 | io: cycles=241625 mismatch=0 overrun=0
-- tick=1934000 -- motion: cycles=1934000 mismatch=0 overrun=0 | io: cycles=241750 mismatch=0 overrun=0
-- tick=1935000 -- motion: cycles=1935000 mismatch=0 overrun=0 | io: cycles=241875 mismatch=0 overrun=0
-- tick=1936000 -- motion: cycles=1936000 mismatch=0 overrun=0 | io: cycles=242000 mismatch=0 overrun=0
-- tick=1937000 -- motion: cycles=1937000 mismatch=0 overrun=0 | io: cycles=242125 mismatch=0 overrun=0
-- tick=1938000 -- motion: cycles=1938000 mismatch=0 overrun=0 | io: cycles=242250 mismatch=0 overrun=0
-- tick=1939000 -- motion: cycles=1939000 mismatch=0 overrun=0 | io: cycles=242375 mismatch=0 overrun=0
-- tick=1940000 -- motion: cycles=1940000 mismatch=0 overrun=0 | io: cycles=242500 mismatch=0 overrun=0
-- tick=1941000 -- motion: cycles=1941000 mismatch=0 overrun=0 | io: cycles=242625 mismatch=0 overrun=0
-- tick=1942000 -- motion: cycles=1942000 mismatch=0 overrun=0 | io: cycles=242750 mismatch=0 overrun=0
-- tick=1943000 -- motion: cycles=1943000 mismatch=0 overrun=0 | io: cycles=242875 mismatch=0 overrun=0
-- tick=1944000 -- motion: cycles=1944000 mismatch=0 overrun=0 | io: cycles=243000 mismatch=0 overrun=0
-- tick=1945000 -- motion: cycles=1945000 mismatch=0 overrun=0 | io: cycles=243125 mismatch=0 overrun=0
-- tick=1946000 -- motion: cycles=1946000 mismatch=0 overrun=0 | io: cycles=243250 mismatch=0 overrun=0
-- tick=1947000 -- motion: cycles=1947000 mismatch=0 overrun=0 | io: cycles=243375 mismatch=0 overrun=0
-- tick=1948000 -- motion: cycles=1948000 mismatch=0 overrun=0 | io: cycles=243500 mismatch=0 overrun=0
-- tick=1949000 -- motion: cycles=1949000 mismatch=0 overrun=0 | io: cycles=243625 mismatch=0 overrun=0
-- tick=1950000 -- motion: cycles=1950000 mismatch=0 overrun=0 | io: cycles=243750 mismatch=0 overrun=0
-- tick=1951000 -- motion: cycles=1951000 mismatch=0 overrun=0 | io: cycles=243875 mismatch=0 overrun=0
-- tick=1952000 -- motion: cycles=1952000 mismatch=0 overrun=0 | io: cycles=244000 mismatch=0 overrun=0
-- tick=1953000 -- motion: cycles=1953000 mismatch=0 overrun=0 | io: cycles=244125 mismatch=0 overrun=0
-- tick=1954000 -- motion: cycles=1954000 mismatch=0 overrun=0 | io: cycles=244250 mismatch=0 overrun=0
-- tick=1955000 -- motion: cycles=1955000 mismatch=0 overrun=0 | io: cycles=244375 mismatch=0 overrun=0
-- tick=1956000 -- motion: cycles=1956000 mismatch=0 overrun=0 | io: cycles=244500 mismatch=0 overrun=0
-- tick=1957000 -- motion: cycles=1957000 mismatch=0 overrun=0 | io: cycles=244625 mismatch=0 overrun=0
-- tick=1958000 -- motion: cycles=1958000 mismatch=0 overrun=0 | io: cycles=244750 mismatch=0 overrun=0
-- tick=1959000 -- motion: cycles=1959000 mismatch=0 overrun=0 | io: cycles=244875 mismatch=0 overrun=0
-- tick=1960000 -- motion: cycles=1960000 mismatch=0 overrun=0 | io: cycles=245000 mismatch=0 overrun=0
-- tick=1961000 -- motion: cycles=1961000 mismatch=0 overrun=0 | io: cycles=245125 mismatch=0 overrun=0
-- tick=1962000 -- motion: cycles=1962000 mismatch=0 overrun=0 | io: cycles=245250 mismatch=0 overrun=0
-- tick=1963000 -- motion: cycles=1963000 mismatch=0 overrun=0 | io: cycles=245375 mismatch=0 overrun=0
-- tick=1964000 -- motion: cycles=1964000 mismatch=0 overrun=0 | io: cycles=245500 mismatch=0 overrun=0
-- tick=1965000 -- motion: cycles=1965000 mismatch=0 overrun=0 | io: cycles=245625 mismatch=0 overrun=0
-- tick=1966000 -- motion: cycles=1966000 mismatch=0 overrun=0 | io: cycles=245750 mismatch=0 overrun=0
-- tick=1967000 -- motion: cycles=1967000 mismatch=0 overrun=0 | io: cycles=245875 mismatch=0 overrun=0
-- tick=1968000 -- motion: cycles=1968000 mismatch=0 overrun=0 | io: cycles=246000 mismatch=0 overrun=0
-- tick=1969000 -- motion: cycles=1969000 mismatch=0 overrun=0 | io: cycles=246125 mismatch=0 overrun=0
-- tick=1970000 -- motion: cycles=1970000 mismatch=0 overrun=0 | io: cycles=246250 mismatch=0 overrun=0
-- tick=1971000 -- motion: cycles=1971000 mismatch=0 overrun=0 | io: cycles=246375 mismatch=0 overrun=0
-- tick=1972000 -- motion: cycles=1972000 mismatch=0 overrun=0 | io: cycles=246500 mismatch=0 overrun=0
-- tick=1973000 -- motion: cycles=1973000 mismatch=0 overrun=0 | io: cycles=246625 mismatch=0 overrun=0
-- tick=1974000 -- motion: cycles=1974000 mismatch=0 overrun=0 | io: cycles=246750 mismatch=0 overrun=0
-- tick=1975000 -- motion: cycles=1975000 mismatch=0 overrun=0 | io: cycles=246875 mismatch=0 overrun=0
-- tick=1976000 -- motion: cycles=1976000 mismatch=0 overrun=0 | io: cycles=247000 mismatch=0 overrun=0
-- tick=1977000 -- motion: cycles=1977000 mismatch=0 overrun=0 | io: cycles=247125 mismatch=0 overrun=0
-- tick=1978000 -- motion: cycles=1978000 mismatch=0 overrun=0 | io: cycles=247250 mismatch=0 overrun=0
-- tick=1979000 -- motion: cycles=1979000 mismatch=0 overrun=0 | io: cycles=247375 mismatch=0 overrun=0
-- tick=1980000 -- motion: cycles=1980000 mismatch=0 overrun=0 | io: cycles=247500 mismatch=0 overrun=0
-- tick=1981000 -- motion: cycles=1981000 mismatch=0 overrun=0 | io: cycles=247625 mismatch=0 overrun=0
-- tick=1982000 -- motion: cycles=1982000 mismatch=0 overrun=0 | io: cycles=247750 mismatch=0 overrun=0
-- tick=1983000 -- motion: cycles=1983000 mismatch=0 overrun=0 | io: cycles=247875 mismatch=0 overrun=0
-- tick=1984000 -- motion: cycles=1984000 mismatch=0 overrun=0 | io: cycles=248000 mismatch=0 overrun=0
-- tick=1985000 -- motion: cycles=1985000 mismatch=0 overrun=0 | io: cycles=248125 mismatch=0 overrun=0
-- tick=1986000 -- motion: cycles=1986000 mismatch=0 overrun=0 | io: cycles=248250 mismatch=0 overrun=0
-- tick=1987000 -- motion: cycles=1987000 mismatch=0 overrun=0 | io: cycles=248375 mismatch=0 overrun=0
-- tick=1988000 -- motion: cycles=1988000 mismatch=0 overrun=0 | io: cycles=248500 mismatch=0 overrun=0
-- tick=1989000 -- motion: cycles=1989000 mismatch=0 overrun=0 | io: cycles=248625 mismatch=0 overrun=0
-- tick=1990000 -- motion: cycles=1990000 mismatch=0 overrun=0 | io: cycles=248750 mismatch=0 overrun=0
-- tick=1991000 -- motion: cycles=1991000 mismatch=0 overrun=0 | io: cycles=248875 mismatch=0 overrun=0
-- tick=1992000 -- motion: cycles=1992000 mismatch=0 overrun=0 | io: cycles=249000 mismatch=0 overrun=0
-- tick=1993000 -- motion: cycles=1993000 mismatch=0 overrun=0 | io: cycles=249125 mismatch=0 overrun=0
-- tick=1994000 -- motion: cycles=1994000 mismatch=0 overrun=0 | io: cycles=249250 mismatch=0 overrun=0
-- tick=1995000 -- motion: cycles=1995000 mismatch=0 overrun=0 | io: cycles=249375 mismatch=0 overrun=0
-- tick=1996000 -- motion: cycles=1996000 mismatch=0 overrun=0 | io: cycles=249500 mismatch=0 overrun=0
-- tick=1997000 -- motion: cycles=1997000 mismatch=0 overrun=0 | io: cycles=249625 mismatch=0 overrun=0
-- tick=1998000 -- motion: cycles=1998000 mismatch=0 overrun=0 | io: cycles=249750 mismatch=0 overrun=0
-- tick=1999000 -- motion: cycles=1999000 mismatch=0 overrun=0 | io: cycles=249875 mismatch=0 overrun=0
-- tick=2000000 -- motion: cycles=2000000 mismatch=0 overrun=0 | io: cycles=250000 mismatch=0 overrun=0
-- tick=2001000 -- motion: cycles=2001000 mismatch=0 overrun=0 | io: cycles=250125 mismatch=0 overrun=0
-- tick=2002000 -- motion: cycles=2002000 mismatch=0 overrun=0 | io: cycles=250250 mismatch=0 overrun=0
-- tick=2003000 -- motion: cycles=2003000 mismatch=0 overrun=0 | io: cycles=250375 mismatch=0 overrun=0
-- tick=2004000 -- motion: cycles=2004000 mismatch=0 overrun=0 | io: cycles=250500 mismatch=0 overrun=0
-- tick=2005000 -- motion: cycles=2005000 mismatch=0 overrun=0 | io: cycles=250625 mismatch=0 overrun=0
-- tick=2006000 -- motion: cycles=2006000 mismatch=0 overrun=0 | io: cycles=250750 mismatch=0 overrun=0
-- tick=2007000 -- motion: cycles=2007000 mismatch=0 overrun=0 | io: cycles=250875 mismatch=0 overrun=0
-- tick=2008000 -- motion: cycles=2008000 mismatch=0 overrun=0 | io: cycles=251000 mismatch=0 overrun=0
-- tick=2009000 -- motion: cycles=2009000 mismatch=0 overrun=0 | io: cycles=251125 mismatch=0 overrun=0
-- tick=2010000 -- motion: cycles=2010000 mismatch=0 overrun=0 | io: cycles=251250 mismatch=0 overrun=0
-- tick=2011000 -- motion: cycles=2011000 mismatch=0 overrun=0 | io: cycles=251375 mismatch=0 overrun=0
-- tick=2012000 -- motion: cycles=2012000 mismatch=0 overrun=0 | io: cycles=251500 mismatch=0 overrun=0
-- tick=2013000 -- motion: cycles=2013000 mismatch=0 overrun=0 | io: cycles=251625 mismatch=0 overrun=0
-- tick=2014000 -- motion: cycles=2014000 mismatch=0 overrun=0 | io: cycles=251750 mismatch=0 overrun=0
-- tick=2015000 -- motion: cycles=2015000 mismatch=0 overrun=0 | io: cycles=251875 mismatch=0 overrun=0
-- tick=2016000 -- motion: cycles=2016000 mismatch=0 overrun=0 | io: cycles=252000 mismatch=0 overrun=0
-- tick=2017000 -- motion: cycles=2017000 mismatch=0 overrun=0 | io: cycles=252125 mismatch=0 overrun=0
-- tick=2018000 -- motion: cycles=2018000 mismatch=0 overrun=0 | io: cycles=252250 mismatch=0 overrun=0
-- tick=2019000 -- motion: cycles=2019000 mismatch=0 overrun=0 | io: cycles=252375 mismatch=0 overrun=0
-- tick=2020000 -- motion: cycles=2020000 mismatch=0 overrun=0 | io: cycles=252500 mismatch=0 overrun=0
-- tick=2021000 -- motion: cycles=2021000 mismatch=0 overrun=0 | io: cycles=252625 mismatch=0 overrun=0
-- tick=2022000 -- motion: cycles=2022000 mismatch=0 overrun=0 | io: cycles=252750 mismatch=0 overrun=0
-- tick=2023000 -- motion: cycles=2023000 mismatch=0 overrun=0 | io: cycles=252875 mismatch=0 overrun=0
-- tick=2024000 -- motion: cycles=2024000 mismatch=0 overrun=0 | io: cycles=253000 mismatch=0 overrun=0
-- tick=2025000 -- motion: cycles=2025000 mismatch=0 overrun=0 | io: cycles=253125 mismatch=0 overrun=0
-- tick=2026000 -- motion: cycles=2026000 mismatch=0 overrun=0 | io: cycles=253250 mismatch=0 overrun=0
-- tick=2027000 -- motion: cycles=2027000 mismatch=0 overrun=0 | io: cycles=253375 mismatch=0 overrun=0
-- tick=2028000 -- motion: cycles=2028000 mismatch=0 overrun=0 | io: cycles=253500 mismatch=0 overrun=0
-- tick=2029000 -- motion: cycles=2029000 mismatch=0 overrun=0 | io: cycles=253625 mismatch=0 overrun=0
-- tick=2030000 -- motion: cycles=2030000 mismatch=0 overrun=0 | io: cycles=253750 mismatch=0 overrun=0
-- tick=2031000 -- motion: cycles=2031000 mismatch=0 overrun=0 | io: cycles=253875 mismatch=0 overrun=0
-- tick=2032000 -- motion: cycles=2032000 mismatch=0 overrun=0 | io: cycles=254000 mismatch=0 overrun=0
-- tick=2033000 -- motion: cycles=2033000 mismatch=0 overrun=0 | io: cycles=254125 mismatch=0 overrun=0
-- tick=2034000 -- motion: cycles=2034000 mismatch=0 overrun=0 | io: cycles=254250 mismatch=0 overrun=0
-- tick=2035000 -- motion: cycles=2035000 mismatch=0 overrun=0 | io: cycles=254375 mismatch=0 overrun=0
-- tick=2036000 -- motion: cycles=2036000 mismatch=0 overrun=0 | io: cycles=254500 mismatch=0 overrun=0
-- tick=2037000 -- motion: cycles=2037000 mismatch=0 overrun=0 | io: cycles=254625 mismatch=0 overrun=0
-- tick=2038000 -- motion: cycles=2038000 mismatch=0 overrun=0 | io: cycles=254750 mismatch=0 overrun=0
-- tick=2039000 -- motion: cycles=2039000 mismatch=0 overrun=0 | io: cycles=254875 mismatch=0 overrun=0
-- tick=2040000 -- motion: cycles=2040000 mismatch=0 overrun=0 | io: cycles=255000 mismatch=0 overrun=0
-- tick=2041000 -- motion: cycles=2041000 mismatch=0 overrun=0 | io: cycles=255125 mismatch=0 overrun=0
-- tick=2042000 -- motion: cycles=2042000 mismatch=0 overrun=0 | io: cycles=255250 mismatch=0 overrun=0
-- tick=2043000 -- motion: cycles=2043000 mismatch=0 overrun=0 | io: cycles=255375 mismatch=0 overrun=0
-- tick=2044000 -- motion: cycles=2044000 mismatch=0 overrun=0 | io: cycles=255500 mismatch=0 overrun=0
-- tick=2045000 -- motion: cycles=2045000 mismatch=0 overrun=0 | io: cycles=255625 mismatch=0 overrun=0
-- tick=2046000 -- motion: cycles=2046000 mismatch=0 overrun=0 | io: cycles=255750 mismatch=0 overrun=0
-- tick=2047000 -- motion: cycles=2047000 mismatch=0 overrun=0 | io: cycles=255875 mismatch=0 overrun=0
-- tick=2048000 -- motion: cycles=2048000 mismatch=0 overrun=0 | io: cycles=256000 mismatch=0 overrun=0
-- tick=2049000 -- motion: cycles=2049000 mismatch=0 overrun=0 | io: cycles=256125 mismatch=0 overrun=0
-- tick=2050000 -- motion: cycles=2050000 mismatch=0 overrun=0 | io: cycles=256250 mismatch=0 overrun=0
-- tick=2051000 -- motion: cycles=2051000 mismatch=0 overrun=0 | io: cycles=256375 mismatch=0 overrun=0
-- tick=2052000 -- motion: cycles=2052000 mismatch=0 overrun=0 | io: cycles=256500 mismatch=0 overrun=0
-- tick=2053000 -- motion: cycles=2053000 mismatch=0 overrun=0 | io: cycles=256625 mismatch=0 overrun=0
-- tick=2054000 -- motion: cycles=2054000 mismatch=0 overrun=0 | io: cycles=256750 mismatch=0 overrun=0
-- tick=2055000 -- motion: cycles=2055000 mismatch=0 overrun=0 | io: cycles=256875 mismatch=0 overrun=0
-- tick=2056000 -- motion: cycles=2056000 mismatch=0 overrun=0 | io: cycles=257000 mismatch=0 overrun=0
-- tick=2057000 -- motion: cycles=2057000 mismatch=0 overrun=0 | io: cycles=257125 mismatch=0 overrun=0
-- tick=2058000 -- motion: cycles=2058000 mismatch=0 overrun=0 | io: cycles=257250 mismatch=0 overrun=0
-- tick=2059000 -- motion: cycles=2059000 mismatch=0 overrun=0 | io: cycles=257375 mismatch=0 overrun=0
-- tick=2060000 -- motion: cycles=2060000 mismatch=0 overrun=0 | io: cycles=257500 mismatch=0 overrun=0
-- tick=2061000 -- motion: cycles=2061000 mismatch=0 overrun=0 | io: cycles=257625 mismatch=0 overrun=0
-- tick=2062000 -- motion: cycles=2062000 mismatch=0 overrun=0 | io: cycles=257750 mismatch=0 overrun=0
-- tick=2063000 -- motion: cycles=2063000 mismatch=0 overrun=0 | io: cycles=257875 mismatch=0 overrun=0
-- tick=2064000 -- motion: cycles=2064000 mismatch=0 overrun=0 | io: cycles=258000 mismatch=0 overrun=0
-- tick=2065000 -- motion: cycles=2065000 mismatch=0 overrun=0 | io: cycles=258125 mismatch=0 overrun=0
-- tick=2066000 -- motion: cycles=2066000 mismatch=0 overrun=0 | io: cycles=258250 mismatch=0 overrun=0
-- tick=2067000 -- motion: cycles=2067000 mismatch=0 overrun=0 | io: cycles=258375 mismatch=0 overrun=0
-- tick=2068000 -- motion: cycles=2068000 mismatch=0 overrun=0 | io: cycles=258500 mismatch=0 overrun=0
-- tick=2069000 -- motion: cycles=2069000 mismatch=0 overrun=0 | io: cycles=258625 mismatch=0 overrun=0
-- tick=2070000 -- motion: cycles=2070000 mismatch=0 overrun=0 | io: cycles=258750 mismatch=0 overrun=0
-- tick=2071000 -- motion: cycles=2071000 mismatch=0 overrun=0 | io: cycles=258875 mismatch=0 overrun=0
-- tick=2072000 -- motion: cycles=2072000 mismatch=0 overrun=0 | io: cycles=259000 mismatch=0 overrun=0
-- tick=2073000 -- motion: cycles=2073000 mismatch=0 overrun=0 | io: cycles=259125 mismatch=0 overrun=0
-- tick=2074000 -- motion: cycles=2074000 mismatch=0 overrun=0 | io: cycles=259250 mismatch=0 overrun=0
-- tick=2075000 -- motion: cycles=2075000 mismatch=0 overrun=0 | io: cycles=259375 mismatch=0 overrun=0
-- tick=2076000 -- motion: cycles=2076000 mismatch=0 overrun=0 | io: cycles=259500 mismatch=0 overrun=0
-- tick=2077000 -- motion: cycles=2077000 mismatch=0 overrun=0 | io: cycles=259625 mismatch=0 overrun=0
-- tick=2078000 -- motion: cycles=2078000 mismatch=0 overrun=0 | io: cycles=259750 mismatch=0 overrun=0
-- tick=2079000 -- motion: cycles=2079000 mismatch=0 overrun=0 | io: cycles=259875 mismatch=0 overrun=0
-- tick=2080000 -- motion: cycles=2080000 mismatch=0 overrun=0 | io: cycles=260000 mismatch=0 overrun=0
-- tick=2081000 -- motion: cycles=2081000 mismatch=0 overrun=0 | io: cycles=260125 mismatch=0 overrun=0
-- tick=2082000 -- motion: cycles=2082000 mismatch=0 overrun=0 | io: cycles=260250 mismatch=0 overrun=0
-- tick=2083000 -- motion: cycles=2083000 mismatch=0 overrun=0 | io: cycles=260375 mismatch=0 overrun=0
-- tick=2084000 -- motion: cycles=2084000 mismatch=0 overrun=0 | io: cycles=260500 mismatch=0 overrun=0
-- tick=2085000 -- motion: cycles=2085000 mismatch=0 overrun=0 | io: cycles=260625 mismatch=0 overrun=0
-- tick=2086000 -- motion: cycles=2086000 mismatch=0 overrun=0 | io: cycles=260750 mismatch=0 overrun=0
-- tick=2087000 -- motion: cycles=2087000 mismatch=0 overrun=0 | io: cycles=260875 mismatch=0 overrun=0
-- tick=2088000 -- motion: cycles=2088000 mismatch=0 overrun=0 | io: cycles=261000 mismatch=0 overrun=0
-- tick=2089000 -- motion: cycles=2089000 mismatch=0 overrun=0 | io: cycles=261125 mismatch=0 overrun=0
-- tick=2090000 -- motion: cycles=2090000 mismatch=0 overrun=0 | io: cycles=261250 mismatch=0 overrun=0
-- tick=2091000 -- motion: cycles=2091000 mismatch=0 overrun=0 | io: cycles=261375 mismatch=0 overrun=0
-- tick=2092000 -- motion: cycles=2092000 mismatch=0 overrun=0 | io: cycles=261500 mismatch=0 overrun=0
-- tick=2093000 -- motion: cycles=2093000 mismatch=0 overrun=0 | io: cycles=261625 mismatch=0 overrun=0
-- tick=2094000 -- motion: cycles=2094000 mismatch=0 overrun=0 | io: cycles=261750 mismatch=0 overrun=0
-- tick=2095000 -- motion: cycles=2095000 mismatch=0 overrun=0 | io: cycles=261875 mismatch=0 overrun=0
-- tick=2096000 -- motion: cycles=2096000 mismatch=0 overrun=0 | io: cycles=262000 mismatch=0 overrun=0
-- tick=2097000 -- motion: cycles=2097000 mismatch=0 overrun=0 | io: cycles=262125 mismatch=0 overrun=0
-- tick=2098000 -- motion: cycles=2098000 mismatch=0 overrun=0 | io: cycles=262250 mismatch=0 overrun=0
-- tick=2099000 -- motion: cycles=2099000 mismatch=0 overrun=0 | io: cycles=262375 mismatch=0 overrun=0
-- tick=2100000 -- motion: cycles=2100000 mismatch=0 overrun=0 | io: cycles=262500 mismatch=0 overrun=0
-- tick=2101000 -- motion: cycles=2101000 mismatch=0 overrun=0 | io: cycles=262625 mismatch=0 overrun=0
-- tick=2102000 -- motion: cycles=2102000 mismatch=0 overrun=0 | io: cycles=262750 mismatch=0 overrun=0
-- tick=2103000 -- motion: cycles=2103000 mismatch=0 overrun=0 | io: cycles=262875 mismatch=0 overrun=0
-- tick=2104000 -- motion: cycles=2104000 mismatch=0 overrun=0 | io: cycles=263000 mismatch=0 overrun=0
-- tick=2105000 -- motion: cycles=2105000 mismatch=0 overrun=0 | io: cycles=263125 mismatch=0 overrun=0
-- tick=2106000 -- motion: cycles=2106000 mismatch=0 overrun=0 | io: cycles=263250 mismatch=0 overrun=0
-- tick=2107000 -- motion: cycles=2107000 mismatch=0 overrun=0 | io: cycles=263375 mismatch=0 overrun=0
-- tick=2108000 -- motion: cycles=2108000 mismatch=0 overrun=0 | io: cycles=263500 mismatch=0 overrun=0
-- tick=2109000 -- motion: cycles=2109000 mismatch=0 overrun=0 | io: cycles=263625 mismatch=0 overrun=0
-- tick=2110000 -- motion: cycles=2110000 mismatch=0 overrun=0 | io: cycles=263750 mismatch=0 overrun=0
-- tick=2111000 -- motion: cycles=2111000 mismatch=0 overrun=0 | io: cycles=263875 mismatch=0 overrun=0
-- tick=2112000 -- motion: cycles=2112000 mismatch=0 overrun=0 | io: cycles=264000 mismatch=0 overrun=0
-- tick=2113000 -- motion: cycles=2113000 mismatch=0 overrun=0 | io: cycles=264125 mismatch=0 overrun=0
-- tick=2114000 -- motion: cycles=2114000 mismatch=0 overrun=0 | io: cycles=264250 mismatch=0 overrun=0
-- tick=2115000 -- motion: cycles=2115000 mismatch=0 overrun=0 | io: cycles=264375 mismatch=0 overrun=0
-- tick=2116000 -- motion: cycles=2116000 mismatch=0 overrun=0 | io: cycles=264500 mismatch=0 overrun=0
-- tick=2117000 -- motion: cycles=2117000 mismatch=0 overrun=0 | io: cycles=264625 mismatch=0 overrun=0
-- tick=2118000 -- motion: cycles=2118000 mismatch=0 overrun=0 | io: cycles=264750 mismatch=0 overrun=0
-- tick=2119000 -- motion: cycles=2119000 mismatch=0 overrun=0 | io: cycles=264875 mismatch=0 overrun=0
-- tick=2120000 -- motion: cycles=2120000 mismatch=0 overrun=0 | io: cycles=265000 mismatch=0 overrun=0
-- tick=2121000 -- motion: cycles=2121000 mismatch=0 overrun=0 | io: cycles=265125 mismatch=0 overrun=0
-- tick=2122000 -- motion: cycles=2122000 mismatch=0 overrun=0 | io: cycles=265250 mismatch=0 overrun=0
-- tick=2123000 -- motion: cycles=2123000 mismatch=0 overrun=0 | io: cycles=265375 mismatch=0 overrun=0
-- tick=2124000 -- motion: cycles=2124000 mismatch=0 overrun=0 | io: cycles=265500 mismatch=0 overrun=0
-- tick=2125000 -- motion: cycles=2125000 mismatch=0 overrun=0 | io: cycles=265625 mismatch=0 overrun=0
-- tick=2126000 -- motion: cycles=2126000 mismatch=0 overrun=0 | io: cycles=265750 mismatch=0 overrun=0
-- tick=2127000 -- motion: cycles=2127000 mismatch=0 overrun=0 | io: cycles=265875 mismatch=0 overrun=0
-- tick=2128000 -- motion: cycles=2128000 mismatch=0 overrun=0 | io: cycles=266000 mismatch=0 overrun=0
-- tick=2129000 -- motion: cycles=2129000 mismatch=0 overrun=0 | io: cycles=266125 mismatch=0 overrun=0
-- tick=2130000 -- motion: cycles=2130000 mismatch=0 overrun=0 | io: cycles=266250 mismatch=0 overrun=0
-- tick=2131000 -- motion: cycles=2131000 mismatch=0 overrun=0 | io: cycles=266375 mismatch=0 overrun=0
-- tick=2132000 -- motion: cycles=2132000 mismatch=0 overrun=0 | io: cycles=266500 mismatch=0 overrun=0
-- tick=2133000 -- motion: cycles=2133000 mismatch=0 overrun=0 | io: cycles=266625 mismatch=0 overrun=0
-- tick=2134000 -- motion: cycles=2134000 mismatch=0 overrun=0 | io: cycles=266750 mismatch=0 overrun=0
-- tick=2135000 -- motion: cycles=2135000 mismatch=0 overrun=0 | io: cycles=266875 mismatch=0 overrun=0
-- tick=2136000 -- motion: cycles=2136000 mismatch=0 overrun=0 | io: cycles=267000 mismatch=0 overrun=0
-- tick=2137000 -- motion: cycles=2137000 mismatch=0 overrun=0 | io: cycles=267125 mismatch=0 overrun=0
-- tick=2138000 -- motion: cycles=2138000 mismatch=0 overrun=0 | io: cycles=267250 mismatch=0 overrun=0
-- tick=2139000 -- motion: cycles=2139000 mismatch=0 overrun=0 | io: cycles=267375 mismatch=0 overrun=0
-- tick=2140000 -- motion: cycles=2140000 mismatch=0 overrun=0 | io: cycles=267500 mismatch=0 overrun=0
-- tick=2141000 -- motion: cycles=2141000 mismatch=0 overrun=0 | io: cycles=267625 mismatch=0 overrun=0
-- tick=2142000 -- motion: cycles=2142000 mismatch=0 overrun=0 | io: cycles=267750 mismatch=0 overrun=0
-- tick=2143000 -- motion: cycles=2143000 mismatch=0 overrun=0 | io: cycles=267875 mismatch=0 overrun=0
-- tick=2144000 -- motion: cycles=2144000 mismatch=0 overrun=0 | io: cycles=268000 mismatch=0 overrun=0
-- tick=2145000 -- motion: cycles=2145000 mismatch=0 overrun=0 | io: cycles=268125 mismatch=0 overrun=0
-- tick=2146000 -- motion: cycles=2146000 mismatch=0 overrun=0 | io: cycles=268250 mismatch=0 overrun=0
-- tick=2147000 -- motion: cycles=2147000 mismatch=0 overrun=0 | io: cycles=268375 mismatch=0 overrun=0
-- tick=2148000 -- motion: cycles=2148000 mismatch=0 overrun=0 | io: cycles=268500 mismatch=0 overrun=0
-- tick=2149000 -- motion: cycles=2149000 mismatch=0 overrun=0 | io: cycles=268625 mismatch=0 overrun=0
-- tick=2150000 -- motion: cycles=2150000 mismatch=0 overrun=0 | io: cycles=268750 mismatch=0 overrun=0
-- tick=2151000 -- motion: cycles=2151000 mismatch=0 overrun=0 | io: cycles=268875 mismatch=0 overrun=0
-- tick=2152000 -- motion: cycles=2152000 mismatch=0 overrun=0 | io: cycles=269000 mismatch=0 overrun=0
-- tick=2153000 -- motion: cycles=2153000 mismatch=0 overrun=0 | io: cycles=269125 mismatch=0 overrun=0
-- tick=2154000 -- motion: cycles=2154000 mismatch=0 overrun=0 | io: cycles=269250 mismatch=0 overrun=0
-- tick=2155000 -- motion: cycles=2155000 mismatch=0 overrun=0 | io: cycles=269375 mismatch=0 overrun=0
-- tick=2156000 -- motion: cycles=2156000 mismatch=0 overrun=0 | io: cycles=269500 mismatch=0 overrun=0
-- tick=2157000 -- motion: cycles=2157000 mismatch=0 overrun=0 | io: cycles=269625 mismatch=0 overrun=0
-- tick=2158000 -- motion: cycles=2158000 mismatch=0 overrun=0 | io: cycles=269750 mismatch=0 overrun=0
-- tick=2159000 -- motion: cycles=2159000 mismatch=0 overrun=0 | io: cycles=269875 mismatch=0 overrun=0
-- tick=2160000 -- motion: cycles=2160000 mismatch=0 overrun=0 | io: cycles=270000 mismatch=0 overrun=0
-- tick=2161000 -- motion: cycles=2161000 mismatch=0 overrun=0 | io: cycles=270125 mismatch=0 overrun=0
-- tick=2162000 -- motion: cycles=2162000 mismatch=0 overrun=0 | io: cycles=270250 mismatch=0 overrun=0
-- tick=2163000 -- motion: cycles=2163000 mismatch=0 overrun=0 | io: cycles=270375 mismatch=0 overrun=0
-- tick=2164000 -- motion: cycles=2164000 mismatch=0 overrun=0 | io: cycles=270500 mismatch=0 overrun=0
-- tick=2165000 -- motion: cycles=2165000 mismatch=0 overrun=0 | io: cycles=270625 mismatch=0 overrun=0
-- tick=2166000 -- motion: cycles=2166000 mismatch=0 overrun=0 | io: cycles=270750 mismatch=0 overrun=0
-- tick=2167000 -- motion: cycles=2167000 mismatch=0 overrun=0 | io: cycles=270875 mismatch=0 overrun=0
-- tick=2168000 -- motion: cycles=2168000 mismatch=0 overrun=0 | io: cycles=271000 mismatch=0 overrun=0
-- tick=2169000 -- motion: cycles=2169000 mismatch=0 overrun=0 | io: cycles=271125 mismatch=0 overrun=0
-- tick=2170000 -- motion: cycles=2170000 mismatch=0 overrun=0 | io: cycles=271250 mismatch=0 overrun=0
-- tick=2171000 -- motion: cycles=2171000 mismatch=0 overrun=0 | io: cycles=271375 mismatch=0 overrun=0
-- tick=2172000 -- motion: cycles=2172000 mismatch=0 overrun=0 | io: cycles=271500 mismatch=0 overrun=0
-- tick=2173000 -- motion: cycles=2173000 mismatch=0 overrun=0 | io: cycles=271625 mismatch=0 overrun=0
-- tick=2174000 -- motion: cycles=2174000 mismatch=0 overrun=0 | io: cycles=271750 mismatch=0 overrun=0
-- tick=2175000 -- motion: cycles=2175000 mismatch=0 overrun=0 | io: cycles=271875 mismatch=0 overrun=0
-- tick=2176000 -- motion: cycles=2176000 mismatch=0 overrun=0 | io: cycles=272000 mismatch=0 overrun=0
-- tick=2177000 -- motion: cycles=2177000 mismatch=0 overrun=0 | io: cycles=272125 mismatch=0 overrun=0
-- tick=2178000 -- motion: cycles=2178000 mismatch=0 overrun=0 | io: cycles=272250 mismatch=0 overrun=0
-- tick=2179000 -- motion: cycles=2179000 mismatch=0 overrun=0 | io: cycles=272375 mismatch=0 overrun=0
-- tick=2180000 -- motion: cycles=2180000 mismatch=0 overrun=0 | io: cycles=272500 mismatch=0 overrun=0
-- tick=2181000 -- motion: cycles=2181000 mismatch=0 overrun=0 | io: cycles=272625 mismatch=0 overrun=0
-- tick=2182000 -- motion: cycles=2182000 mismatch=0 overrun=0 | io: cycles=272750 mismatch=0 overrun=0
-- tick=2183000 -- motion: cycles=2183000 mismatch=0 overrun=0 | io: cycles=272875 mismatch=0 overrun=0
-- tick=2184000 -- motion: cycles=2184000 mismatch=0 overrun=0 | io: cycles=273000 mismatch=0 overrun=0
-- tick=2185000 -- motion: cycles=2185000 mismatch=0 overrun=0 | io: cycles=273125 mismatch=0 overrun=0
-- tick=2186000 -- motion: cycles=2186000 mismatch=0 overrun=0 | io: cycles=273250 mismatch=0 overrun=0
-- tick=2187000 -- motion: cycles=2187000 mismatch=0 overrun=0 | io: cycles=273375 mismatch=0 overrun=0
-- tick=2188000 -- motion: cycles=2188000 mismatch=0 overrun=0 | io: cycles=273500 mismatch=0 overrun=0
-- tick=2189000 -- motion: cycles=2189000 mismatch=0 overrun=0 | io: cycles=273625 mismatch=0 overrun=0
-- tick=2190000 -- motion: cycles=2190000 mismatch=0 overrun=0 | io: cycles=273750 mismatch=0 overrun=0
-- tick=2191000 -- motion: cycles=2191000 mismatch=0 overrun=0 | io: cycles=273875 mismatch=0 overrun=0
-- tick=2192000 -- motion: cycles=2192000 mismatch=0 overrun=0 | io: cycles=274000 mismatch=0 overrun=0
-- tick=2193000 -- motion: cycles=2193000 mismatch=0 overrun=0 | io: cycles=274125 mismatch=0 overrun=0
-- tick=2194000 -- motion: cycles=2194000 mismatch=0 overrun=0 | io: cycles=274250 mismatch=0 overrun=0
-- tick=2195000 -- motion: cycles=2195000 mismatch=0 overrun=0 | io: cycles=274375 mismatch=0 overrun=0
-- tick=2196000 -- motion: cycles=2196000 mismatch=0 overrun=0 | io: cycles=274500 mismatch=0 overrun=0
-- tick=2197000 -- motion: cycles=2197000 mismatch=0 overrun=0 | io: cycles=274625 mismatch=0 overrun=0
-- tick=2198000 -- motion: cycles=2198000 mismatch=0 overrun=0 | io: cycles=274750 mismatch=0 overrun=0
-- tick=2199000 -- motion: cycles=2199000 mismatch=0 overrun=0 | io: cycles=274875 mismatch=0 overrun=0
-- tick=2200000 -- motion: cycles=2200000 mismatch=0 overrun=0 | io: cycles=275000 mismatch=0 overrun=0
-- tick=2201000 -- motion: cycles=2201000 mismatch=0 overrun=0 | io: cycles=275125 mismatch=0 overrun=0
-- tick=2202000 -- motion: cycles=2202000 mismatch=0 overrun=0 | io: cycles=275250 mismatch=0 overrun=0
-- tick=2203000 -- motion: cycles=2203000 mismatch=0 overrun=0 | io: cycles=275375 mismatch=0 overrun=0
-- tick=2204000 -- motion: cycles=2204000 mismatch=0 overrun=0 | io: cycles=275500 mismatch=0 overrun=0
-- tick=2205000 -- motion: cycles=2205000 mismatch=0 overrun=0 | io: cycles=275625 mismatch=0 overrun=0
-- tick=2206000 -- motion: cycles=2206000 mismatch=0 overrun=0 | io: cycles=275750 mismatch=0 overrun=0
-- tick=2207000 -- motion: cycles=2207000 mismatch=0 overrun=0 | io: cycles=275875 mismatch=0 overrun=0
-- tick=2208000 -- motion: cycles=2208000 mismatch=0 overrun=0 | io: cycles=276000 mismatch=0 overrun=0
-- tick=2209000 -- motion: cycles=2209000 mismatch=0 overrun=0 | io: cycles=276125 mismatch=0 overrun=0
-- tick=2210000 -- motion: cycles=2210000 mismatch=0 overrun=0 | io: cycles=276250 mismatch=0 overrun=0
-- tick=2211000 -- motion: cycles=2211000 mismatch=0 overrun=0 | io: cycles=276375 mismatch=0 overrun=0
-- tick=2212000 -- motion: cycles=2212000 mismatch=0 overrun=0 | io: cycles=276500 mismatch=0 overrun=0
-- tick=2213000 -- motion: cycles=2213000 mismatch=0 overrun=0 | io: cycles=276625 mismatch=0 overrun=0
-- tick=2214000 -- motion: cycles=2214000 mismatch=0 overrun=0 | io: cycles=276750 mismatch=0 overrun=0
-- tick=2215000 -- motion: cycles=2215000 mismatch=0 overrun=0 | io: cycles=276875 mismatch=0 overrun=0
-- tick=2216000 -- motion: cycles=2216000 mismatch=0 overrun=0 | io: cycles=277000 mismatch=0 overrun=0
-- tick=2217000 -- motion: cycles=2217000 mismatch=0 overrun=0 | io: cycles=277125 mismatch=0 overrun=0
-- tick=2218000 -- motion: cycles=2218000 mismatch=0 overrun=0 | io: cycles=277250 mismatch=0 overrun=0
-- tick=2219000 -- motion: cycles=2219000 mismatch=0 overrun=0 | io: cycles=277375 mismatch=0 overrun=0
-- tick=2220000 -- motion: cycles=2220000 mismatch=0 overrun=0 | io: cycles=277500 mismatch=0 overrun=0
-- tick=2221000 -- motion: cycles=2221000 mismatch=0 overrun=0 | io: cycles=277625 mismatch=0 overrun=0
-- tick=2222000 -- motion: cycles=2222000 mismatch=0 overrun=0 | io: cycles=277750 mismatch=0 overrun=0
-- tick=2223000 -- motion: cycles=2223000 mismatch=0 overrun=0 | io: cycles=277875 mismatch=0 overrun=0
-- tick=2224000 -- motion: cycles=2224000 mismatch=0 overrun=0 | io: cycles=278000 mismatch=0 overrun=0
-- tick=2225000 -- motion: cycles=2225000 mismatch=0 overrun=0 | io: cycles=278125 mismatch=0 overrun=0
-- tick=2226000 -- motion: cycles=2226000 mismatch=0 overrun=0 | io: cycles=278250 mismatch=0 overrun=0
-- tick=2227000 -- motion: cycles=2227000 mismatch=0 overrun=0 | io: cycles=278375 mismatch=0 overrun=0
-- tick=2228000 -- motion: cycles=2228000 mismatch=0 overrun=0 | io: cycles=278500 mismatch=0 overrun=0
-- tick=2229000 -- motion: cycles=2229000 mismatch=0 overrun=0 | io: cycles=278625 mismatch=0 overrun=0
-- tick=2230000 -- motion: cycles=2230000 mismatch=0 overrun=0 | io: cycles=278750 mismatch=0 overrun=0
-- tick=2231000 -- motion: cycles=2231000 mismatch=0 overrun=0 | io: cycles=278875 mismatch=0 overrun=0
-- tick=2232000 -- motion: cycles=2232000 mismatch=0 overrun=0 | io: cycles=279000 mismatch=0 overrun=0
-- tick=2233000 -- motion: cycles=2233000 mismatch=0 overrun=0 | io: cycles=279125 mismatch=0 overrun=0
-- tick=2234000 -- motion: cycles=2234000 mismatch=0 overrun=0 | io: cycles=279250 mismatch=0 overrun=0
-- tick=2235000 -- motion: cycles=2235000 mismatch=0 overrun=0 | io: cycles=279375 mismatch=0 overrun=0
-- tick=2236000 -- motion: cycles=2236000 mismatch=0 overrun=0 | io: cycles=279500 mismatch=0 overrun=0
-- tick=2237000 -- motion: cycles=2237000 mismatch=0 overrun=0 | io: cycles=279625 mismatch=0 overrun=0
-- tick=2238000 -- motion: cycles=2238000 mismatch=0 overrun=0 | io: cycles=279750 mismatch=0 overrun=0
-- tick=2239000 -- motion: cycles=2239000 mismatch=0 overrun=0 | io: cycles=279875 mismatch=0 overrun=0
-- tick=2240000 -- motion: cycles=2240000 mismatch=0 overrun=0 | io: cycles=280000 mismatch=0 overrun=0
-- tick=2241000 -- motion: cycles=2241000 mismatch=0 overrun=0 | io: cycles=280125 mismatch=0 overrun=0
-- tick=2242000 -- motion: cycles=2242000 mismatch=0 overrun=0 | io: cycles=280250 mismatch=0 overrun=0
-- tick=2243000 -- motion: cycles=2243000 mismatch=0 overrun=0 | io: cycles=280375 mismatch=0 overrun=0
-- tick=2244000 -- motion: cycles=2244000 mismatch=0 overrun=0 | io: cycles=280500 mismatch=0 overrun=0
-- tick=2245000 -- motion: cycles=2245000 mismatch=0 overrun=0 | io: cycles=280625 mismatch=0 overrun=0
-- tick=2246000 -- motion: cycles=2246000 mismatch=0 overrun=0 | io: cycles=280750 mismatch=0 overrun=0
-- tick=2247000 -- motion: cycles=2247000 mismatch=0 overrun=0 | io: cycles=280875 mismatch=0 overrun=0
-- tick=2248000 -- motion: cycles=2248000 mismatch=0 overrun=0 | io: cycles=281000 mismatch=0 overrun=0
-- tick=2249000 -- motion: cycles=2249000 mismatch=0 overrun=0 | io: cycles=281125 mismatch=0 overrun=0
-- tick=2250000 -- motion: cycles=2250000 mismatch=0 overrun=0 | io: cycles=281250 mismatch=0 overrun=0
-- tick=2251000 -- motion: cycles=2251000 mismatch=0 overrun=0 | io: cycles=281375 mismatch=0 overrun=0
-- tick=2252000 -- motion: cycles=2252000 mismatch=0 overrun=0 | io: cycles=281500 mismatch=0 overrun=0
-- tick=2253000 -- motion: cycles=2253000 mismatch=0 overrun=0 | io: cycles=281625 mismatch=0 overrun=0
-- tick=2254000 -- motion: cycles=2254000 mismatch=0 overrun=0 | io: cycles=281750 mismatch=0 overrun=0
-- tick=2255000 -- motion: cycles=2255000 mismatch=0 overrun=0 | io: cycles=281875 mismatch=0 overrun=0
-- tick=2256000 -- motion: cycles=2256000 mismatch=0 overrun=0 | io: cycles=282000 mismatch=0 overrun=0
-- tick=2257000 -- motion: cycles=2257000 mismatch=0 overrun=0 | io: cycles=282125 mismatch=0 overrun=0
-- tick=2258000 -- motion: cycles=2258000 mismatch=0 overrun=0 | io: cycles=282250 mismatch=0 overrun=0
-- tick=2259000 -- motion: cycles=2259000 mismatch=0 overrun=0 | io: cycles=282375 mismatch=0 overrun=0
-- tick=2260000 -- motion: cycles=2260000 mismatch=0 overrun=0 | io: cycles=282500 mismatch=0 overrun=0
-- tick=2261000 -- motion: cycles=2261000 mismatch=0 overrun=0 | io: cycles=282625 mismatch=0 overrun=0
-- tick=2262000 -- motion: cycles=2262000 mismatch=0 overrun=0 | io: cycles=282750 mismatch=0 overrun=0
-- tick=2263000 -- motion: cycles=2263000 mismatch=0 overrun=0 | io: cycles=282875 mismatch=0 overrun=0
-- tick=2264000 -- motion: cycles=2264000 mismatch=0 overrun=0 | io: cycles=283000 mismatch=0 overrun=0
-- tick=2265000 -- motion: cycles=2265000 mismatch=0 overrun=0 | io: cycles=283125 mismatch=0 overrun=0
-- tick=2266000 -- motion: cycles=2266000 mismatch=0 overrun=0 | io: cycles=283250 mismatch=0 overrun=0
-- tick=2267000 -- motion: cycles=2267000 mismatch=0 overrun=0 | io: cycles=283375 mismatch=0 overrun=0
-- tick=2268000 -- motion: cycles=2268000 mismatch=0 overrun=0 | io: cycles=283500 mismatch=0 overrun=0
-- tick=2269000 -- motion: cycles=2269000 mismatch=0 overrun=0 | io: cycles=283625 mismatch=0 overrun=0
-- tick=2270000 -- motion: cycles=2270000 mismatch=0 overrun=0 | io: cycles=283750 mismatch=0 overrun=0
-- tick=2271000 -- motion: cycles=2271000 mismatch=0 overrun=0 | io: cycles=283875 mismatch=0 overrun=0
-- tick=2272000 -- motion: cycles=2272000 mismatch=0 overrun=0 | io: cycles=284000 mismatch=0 overrun=0
-- tick=2273000 -- motion: cycles=2273000 mismatch=0 overrun=0 | io: cycles=284125 mismatch=0 overrun=0
-- tick=2274000 -- motion: cycles=2274000 mismatch=0 overrun=0 | io: cycles=284250 mismatch=0 overrun=0
-- tick=2275000 -- motion: cycles=2275000 mismatch=0 overrun=0 | io: cycles=284375 mismatch=0 overrun=0
-- tick=2276000 -- motion: cycles=2276000 mismatch=0 overrun=0 | io: cycles=284500 mismatch=0 overrun=0
-- tick=2277000 -- motion: cycles=2277000 mismatch=0 overrun=0 | io: cycles=284625 mismatch=0 overrun=0
-- tick=2278000 -- motion: cycles=2278000 mismatch=0 overrun=0 | io: cycles=284750 mismatch=0 overrun=0
-- tick=2279000 -- motion: cycles=2279000 mismatch=0 overrun=0 | io: cycles=284875 mismatch=0 overrun=0
-- tick=2280000 -- motion: cycles=2280000 mismatch=0 overrun=0 | io: cycles=285000 mismatch=0 overrun=0
-- tick=2281000 -- motion: cycles=2281000 mismatch=0 overrun=0 | io: cycles=285125 mismatch=0 overrun=0
-- tick=2282000 -- motion: cycles=2282000 mismatch=0 overrun=0 | io: cycles=285250 mismatch=0 overrun=0
-- tick=2283000 -- motion: cycles=2283000 mismatch=0 overrun=0 | io: cycles=285375 mismatch=0 overrun=0
-- tick=2284000 -- motion: cycles=2284000 mismatch=0 overrun=0 | io: cycles=285500 mismatch=0 overrun=0
-- tick=2285000 -- motion: cycles=2285000 mismatch=0 overrun=0 | io: cycles=285625 mismatch=0 overrun=0
-- tick=2286000 -- motion: cycles=2286000 mismatch=0 overrun=0 | io: cycles=285750 mismatch=0 overrun=0
-- tick=2287000 -- motion: cycles=2287000 mismatch=0 overrun=0 | io: cycles=285875 mismatch=0 overrun=0
-- tick=2288000 -- motion: cycles=2288000 mismatch=0 overrun=0 | io: cycles=286000 mismatch=0 overrun=0
-- tick=2289000 -- motion: cycles=2289000 mismatch=0 overrun=0 | io: cycles=286125 mismatch=0 overrun=0
-- tick=2290000 -- motion: cycles=2290000 mismatch=0 overrun=0 | io: cycles=286250 mismatch=0 overrun=0
-- tick=2291000 -- motion: cycles=2291000 mismatch=0 overrun=0 | io: cycles=286375 mismatch=0 overrun=0
-- tick=2292000 -- motion: cycles=2292000 mismatch=0 overrun=0 | io: cycles=286500 mismatch=0 overrun=0
-- tick=2293000 -- motion: cycles=2293000 mismatch=0 overrun=0 | io: cycles=286625 mismatch=0 overrun=0
-- tick=2294000 -- motion: cycles=2294000 mismatch=0 overrun=0 | io: cycles=286750 mismatch=0 overrun=0
-- tick=2295000 -- motion: cycles=2295000 mismatch=0 overrun=0 | io: cycles=286875 mismatch=0 overrun=0
-- tick=2296000 -- motion: cycles=2296000 mismatch=0 overrun=0 | io: cycles=287000 mismatch=0 overrun=0
-- tick=2297000 -- motion: cycles=2297000 mismatch=0 overrun=0 | io: cycles=287125 mismatch=0 overrun=0
-- tick=2298000 -- motion: cycles=2298000 mismatch=0 overrun=0 | io: cycles=287250 mismatch=0 overrun=0
-- tick=2299000 -- motion: cycles=2299000 mismatch=0 overrun=0 | io: cycles=287375 mismatch=0 overrun=0
-- tick=2300000 -- motion: cycles=2300000 mismatch=0 overrun=0 | io: cycles=287500 mismatch=0 overrun=0
-- tick=2301000 -- motion: cycles=2301000 mismatch=0 overrun=0 | io: cycles=287625 mismatch=0 overrun=0
-- tick=2302000 -- motion: cycles=2302000 mismatch=0 overrun=0 | io: cycles=287750 mismatch=0 overrun=0
-- tick=2303000 -- motion: cycles=2303000 mismatch=0 overrun=0 | io: cycles=287875 mismatch=0 overrun=0
-- tick=2304000 -- motion: cycles=2304000 mismatch=0 overrun=0 | io: cycles=288000 mismatch=0 overrun=0
-- tick=2305000 -- motion: cycles=2305000 mismatch=0 overrun=0 | io: cycles=288125 mismatch=0 overrun=0
-- tick=2306000 -- motion: cycles=2306000 mismatch=0 overrun=0 | io: cycles=288250 mismatch=0 overrun=0
-- tick=2307000 -- motion: cycles=2307000 mismatch=0 overrun=0 | io: cycles=288375 mismatch=0 overrun=0
-- tick=2308000 -- motion: cycles=2308000 mismatch=0 overrun=0 | io: cycles=288500 mismatch=0 overrun=0
-- tick=2309000 -- motion: cycles=2309000 mismatch=0 overrun=0 | io: cycles=288625 mismatch=0 overrun=0
-- tick=2310000 -- motion: cycles=2310000 mismatch=0 overrun=0 | io: cycles=288750 mismatch=0 overrun=0
-- tick=2311000 -- motion: cycles=2311000 mismatch=0 overrun=0 | io: cycles=288875 mismatch=0 overrun=0
-- tick=2312000 -- motion: cycles=2312000 mismatch=0 overrun=0 | io: cycles=289000 mismatch=0 overrun=0
-- tick=2313000 -- motion: cycles=2313000 mismatch=0 overrun=0 | io: cycles=289125 mismatch=0 overrun=0
-- tick=2314000 -- motion: cycles=2314000 mismatch=0 overrun=0 | io: cycles=289250 mismatch=0 overrun=0
-- tick=2315000 -- motion: cycles=2315000 mismatch=0 overrun=0 | io: cycles=289375 mismatch=0 overrun=0
-- tick=2316000 -- motion: cycles=2316000 mismatch=0 overrun=0 | io: cycles=289500 mismatch=0 overrun=0
-- tick=2317000 -- motion: cycles=2317000 mismatch=0 overrun=0 | io: cycles=289625 mismatch=0 overrun=0
-- tick=2318000 -- motion: cycles=2318000 mismatch=0 overrun=0 | io: cycles=289750 mismatch=0 overrun=0
-- tick=2319000 -- motion: cycles=2319000 mismatch=0 overrun=0 | io: cycles=289875 mismatch=0 overrun=0
-- tick=2320000 -- motion: cycles=2320000 mismatch=0 overrun=0 | io: cycles=290000 mismatch=0 overrun=0
-- tick=2321000 -- motion: cycles=2321000 mismatch=0 overrun=0 | io: cycles=290125 mismatch=0 overrun=0
-- tick=2322000 -- motion: cycles=2322000 mismatch=0 overrun=0 | io: cycles=290250 mismatch=0 overrun=0
-- tick=2323000 -- motion: cycles=2323000 mismatch=0 overrun=0 | io: cycles=290375 mismatch=0 overrun=0
-- tick=2324000 -- motion: cycles=2324000 mismatch=0 overrun=0 | io: cycles=290500 mismatch=0 overrun=0
-- tick=2325000 -- motion: cycles=2325000 mismatch=0 overrun=0 | io: cycles=290625 mismatch=0 overrun=0
-- tick=2326000 -- motion: cycles=2326000 mismatch=0 overrun=0 | io: cycles=290750 mismatch=0 overrun=0
-- tick=2327000 -- motion: cycles=2327000 mismatch=0 overrun=0 | io: cycles=290875 mismatch=0 overrun=0
-- tick=2328000 -- motion: cycles=2328000 mismatch=0 overrun=0 | io: cycles=291000 mismatch=0 overrun=0
-- tick=2329000 -- motion: cycles=2329000 mismatch=0 overrun=0 | io: cycles=291125 mismatch=0 overrun=0
-- tick=2330000 -- motion: cycles=2330000 mismatch=0 overrun=0 | io: cycles=291250 mismatch=0 overrun=0
-- tick=2331000 -- motion: cycles=2331000 mismatch=0 overrun=0 | io: cycles=291375 mismatch=0 overrun=0
-- tick=2332000 -- motion: cycles=2332000 mismatch=0 overrun=0 | io: cycles=291500 mismatch=0 overrun=0
-- tick=2333000 -- motion: cycles=2333000 mismatch=0 overrun=0 | io: cycles=291625 mismatch=0 overrun=0
-- tick=2334000 -- motion: cycles=2334000 mismatch=0 overrun=0 | io: cycles=291750 mismatch=0 overrun=0
-- tick=2335000 -- motion: cycles=2335000 mismatch=0 overrun=0 | io: cycles=291875 mismatch=0 overrun=0
-- tick=2336000 -- motion: cycles=2336000 mismatch=0 overrun=0 | io: cycles=292000 mismatch=0 overrun=0
-- tick=2337000 -- motion: cycles=2337000 mismatch=0 overrun=0 | io: cycles=292125 mismatch=0 overrun=0
-- tick=2338000 -- motion: cycles=2338000 mismatch=0 overrun=0 | io: cycles=292250 mismatch=0 overrun=0
-- tick=2339000 -- motion: cycles=2339000 mismatch=0 overrun=0 | io: cycles=292375 mismatch=0 overrun=0
-- tick=2340000 -- motion: cycles=2340000 mismatch=0 overrun=0 | io: cycles=292500 mismatch=0 overrun=0
-- tick=2341000 -- motion: cycles=2341000 mismatch=0 overrun=0 | io: cycles=292625 mismatch=0 overrun=0
-- tick=2342000 -- motion: cycles=2342000 mismatch=0 overrun=0 | io: cycles=292750 mismatch=0 overrun=0
-- tick=2343000 -- motion: cycles=2343000 mismatch=0 overrun=0 | io: cycles=292875 mismatch=0 overrun=0
-- tick=2344000 -- motion: cycles=2344000 mismatch=0 overrun=0 | io: cycles=293000 mismatch=0 overrun=0
-- tick=2345000 -- motion: cycles=2345000 mismatch=0 overrun=0 | io: cycles=293125 mismatch=0 overrun=0
-- tick=2346000 -- motion: cycles=2346000 mismatch=0 overrun=0 | io: cycles=293250 mismatch=0 overrun=0
-- tick=2347000 -- motion: cycles=2347000 mismatch=0 overrun=0 | io: cycles=293375 mismatch=0 overrun=0
-- tick=2348000 -- motion: cycles=2348000 mismatch=0 overrun=0 | io: cycles=293500 mismatch=0 overrun=0
-- tick=2349000 -- motion: cycles=2349000 mismatch=0 overrun=0 | io: cycles=293625 mismatch=0 overrun=0
-- tick=2350000 -- motion: cycles=2350000 mismatch=0 overrun=0 | io: cycles=293750 mismatch=0 overrun=0
-- tick=2351000 -- motion: cycles=2351000 mismatch=0 overrun=0 | io: cycles=293875 mismatch=0 overrun=0
-- tick=2352000 -- motion: cycles=2352000 mismatch=0 overrun=0 | io: cycles=294000 mismatch=0 overrun=0
-- tick=2353000 -- motion: cycles=2353000 mismatch=0 overrun=0 | io: cycles=294125 mismatch=0 overrun=0
-- tick=2354000 -- motion: cycles=2354000 mismatch=0 overrun=0 | io: cycles=294250 mismatch=0 overrun=0
-- tick=2355000 -- motion: cycles=2355000 mismatch=0 overrun=0 | io: cycles=294375 mismatch=0 overrun=0
-- tick=2356000 -- motion: cycles=2356000 mismatch=0 overrun=0 | io: cycles=294500 mismatch=0 overrun=0
-- tick=2357000 -- motion: cycles=2357000 mismatch=0 overrun=0 | io: cycles=294625 mismatch=0 overrun=0
-- tick=2358000 -- motion: cycles=2358000 mismatch=0 overrun=0 | io: cycles=294750 mismatch=0 overrun=0
-- tick=2359000 -- motion: cycles=2359000 mismatch=0 overrun=0 | io: cycles=294875 mismatch=0 overrun=0
-- tick=2360000 -- motion: cycles=2360000 mismatch=0 overrun=0 | io: cycles=295000 mismatch=0 overrun=0
-- tick=2361000 -- motion: cycles=2361000 mismatch=0 overrun=0 | io: cycles=295125 mismatch=0 overrun=0
-- tick=2362000 -- motion: cycles=2362000 mismatch=0 overrun=0 | io: cycles=295250 mismatch=0 overrun=0
-- tick=2363000 -- motion: cycles=2363000 mismatch=0 overrun=0 | io: cycles=295375 mismatch=0 overrun=0
-- tick=2364000 -- motion: cycles=2364000 mismatch=0 overrun=0 | io: cycles=295500 mismatch=0 overrun=0
-- tick=2365000 -- motion: cycles=2365000 mismatch=0 overrun=0 | io: cycles=295625 mismatch=0 overrun=0
-- tick=2366000 -- motion: cycles=2366000 mismatch=0 overrun=0 | io: cycles=295750 mismatch=0 overrun=0
-- tick=2367000 -- motion: cycles=2367000 mismatch=0 overrun=0 | io: cycles=295875 mismatch=0 overrun=0
-- tick=2368000 -- motion: cycles=2368000 mismatch=0 overrun=0 | io: cycles=296000 mismatch=0 overrun=0
-- tick=2369000 -- motion: cycles=2369000 mismatch=0 overrun=0 | io: cycles=296125 mismatch=0 overrun=0
-- tick=2370000 -- motion: cycles=2370000 mismatch=0 overrun=0 | io: cycles=296250 mismatch=0 overrun=0
-- tick=2371000 -- motion: cycles=2371000 mismatch=0 overrun=0 | io: cycles=296375 mismatch=0 overrun=0
-- tick=2372000 -- motion: cycles=2372000 mismatch=0 overrun=0 | io: cycles=296500 mismatch=0 overrun=0
-- tick=2373000 -- motion: cycles=2373000 mismatch=0 overrun=0 | io: cycles=296625 mismatch=0 overrun=0
-- tick=2374000 -- motion: cycles=2374000 mismatch=0 overrun=0 | io: cycles=296750 mismatch=0 overrun=0
-- tick=2375000 -- motion: cycles=2375000 mismatch=0 overrun=0 | io: cycles=296875 mismatch=0 overrun=0
-- tick=2376000 -- motion: cycles=2376000 mismatch=0 overrun=0 | io: cycles=297000 mismatch=0 overrun=0
-- tick=2377000 -- motion: cycles=2377000 mismatch=0 overrun=0 | io: cycles=297125 mismatch=0 overrun=0
-- tick=2378000 -- motion: cycles=2378000 mismatch=0 overrun=0 | io: cycles=297250 mismatch=0 overrun=0
-- tick=2379000 -- motion: cycles=2379000 mismatch=0 overrun=0 | io: cycles=297375 mismatch=0 overrun=0
-- tick=2380000 -- motion: cycles=2380000 mismatch=0 overrun=0 | io: cycles=297500 mismatch=0 overrun=0
-- tick=2381000 -- motion: cycles=2381000 mismatch=0 overrun=0 | io: cycles=297625 mismatch=0 overrun=0
-- tick=2382000 -- motion: cycles=2382000 mismatch=0 overrun=0 | io: cycles=297750 mismatch=0 overrun=0
-- tick=2383000 -- motion: cycles=2383000 mismatch=0 overrun=0 | io: cycles=297875 mismatch=0 overrun=0
-- tick=2384000 -- motion: cycles=2384000 mismatch=0 overrun=0 | io: cycles=298000 mismatch=0 overrun=0
-- tick=2385000 -- motion: cycles=2385000 mismatch=0 overrun=0 | io: cycles=298125 mismatch=0 overrun=0
-- tick=2386000 -- motion: cycles=2386000 mismatch=0 overrun=0 | io: cycles=298250 mismatch=0 overrun=0
-- tick=2387000 -- motion: cycles=2387000 mismatch=0 overrun=0 | io: cycles=298375 mismatch=0 overrun=0
-- tick=2388000 -- motion: cycles=2388000 mismatch=0 overrun=0 | io: cycles=298500 mismatch=0 overrun=0
-- tick=2389000 -- motion: cycles=2389000 mismatch=0 overrun=0 | io: cycles=298625 mismatch=0 overrun=0
-- tick=2390000 -- motion: cycles=2390000 mismatch=0 overrun=0 | io: cycles=298750 mismatch=0 overrun=0
-- tick=2391000 -- motion: cycles=2391000 mismatch=0 overrun=0 | io: cycles=298875 mismatch=0 overrun=0
-- tick=2392000 -- motion: cycles=2392000 mismatch=0 overrun=0 | io: cycles=299000 mismatch=0 overrun=0
-- tick=2393000 -- motion: cycles=2393000 mismatch=0 overrun=0 | io: cycles=299125 mismatch=0 overrun=0
-- tick=2394000 -- motion: cycles=2394000 mismatch=0 overrun=0 | io: cycles=299250 mismatch=0 overrun=0
-- tick=2395000 -- motion: cycles=2395000 mismatch=0 overrun=0 | io: cycles=299375 mismatch=0 overrun=0
-- tick=2396000 -- motion: cycles=2396000 mismatch=0 overrun=0 | io: cycles=299500 mismatch=0 overrun=0
-- tick=2397000 -- motion: cycles=2397000 mismatch=0 overrun=0 | io: cycles=299625 mismatch=0 overrun=0
-- tick=2398000 -- motion: cycles=2398000 mismatch=0 overrun=0 | io: cycles=299750 mismatch=0 overrun=0
-- tick=2399000 -- motion: cycles=2399000 mismatch=0 overrun=0 | io: cycles=299875 mismatch=0 overrun=0
-- tick=2400000 -- motion: cycles=2400000 mismatch=0 overrun=0 | io: cycles=300000 mismatch=0 overrun=0
-- tick=2401000 -- motion: cycles=2401000 mismatch=0 overrun=0 | io: cycles=300125 mismatch=0 overrun=0
-- tick=2402000 -- motion: cycles=2402000 mismatch=0 overrun=0 | io: cycles=300250 mismatch=0 overrun=0
-- tick=2403000 -- motion: cycles=2403000 mismatch=0 overrun=0 | io: cycles=300375 mismatch=0 overrun=0
-- tick=2404000 -- motion: cycles=2404000 mismatch=0 overrun=0 | io: cycles=300500 mismatch=0 overrun=0
-- tick=2405000 -- motion: cycles=2405000 mismatch=0 overrun=0 | io: cycles=300625 mismatch=0 overrun=0
-- tick=2406000 -- motion: cycles=2406000 mismatch=0 overrun=0 | io: cycles=300750 mismatch=0 overrun=0
-- tick=2407000 -- motion: cycles=2407000 mismatch=0 overrun=0 | io: cycles=300875 mismatch=0 overrun=0
-- tick=2408000 -- motion: cycles=2408000 mismatch=0 overrun=0 | io: cycles=301000 mismatch=0 overrun=0
-- tick=2409000 -- motion: cycles=2409000 mismatch=0 overrun=0 | io: cycles=301125 mismatch=0 overrun=0
-- tick=2410000 -- motion: cycles=2410000 mismatch=0 overrun=0 | io: cycles=301250 mismatch=0 overrun=0
-- tick=2411000 -- motion: cycles=2411000 mismatch=0 overrun=0 | io: cycles=301375 mismatch=0 overrun=0
-- tick=2412000 -- motion: cycles=2412000 mismatch=0 overrun=0 | io: cycles=301500 mismatch=0 overrun=0
-- tick=2413000 -- motion: cycles=2413000 mismatch=0 overrun=0 | io: cycles=301625 mismatch=0 overrun=0
-- tick=2414000 -- motion: cycles=2414000 mismatch=0 overrun=0 | io: cycles=301750 mismatch=0 overrun=0
-- tick=2415000 -- motion: cycles=2415000 mismatch=0 overrun=0 | io: cycles=301875 mismatch=0 overrun=0
-- tick=2416000 -- motion: cycles=2416000 mismatch=0 overrun=0 | io: cycles=302000 mismatch=0 overrun=0
-- tick=2417000 -- motion: cycles=2417000 mismatch=0 overrun=0 | io: cycles=302125 mismatch=0 overrun=0
-- tick=2418000 -- motion: cycles=2418000 mismatch=0 overrun=0 | io: cycles=302250 mismatch=0 overrun=0
-- tick=2419000 -- motion: cycles=2419000 mismatch=0 overrun=0 | io: cycles=302375 mismatch=0 overrun=0
-- tick=2420000 -- motion: cycles=2420000 mismatch=0 overrun=0 | io: cycles=302500 mismatch=0 overrun=0
-- tick=2421000 -- motion: cycles=2421000 mismatch=0 overrun=0 | io: cycles=302625 mismatch=0 overrun=0
-- tick=2422000 -- motion: cycles=2422000 mismatch=0 overrun=0 | io: cycles=302750 mismatch=0 overrun=0
-- tick=2423000 -- motion: cycles=2423000 mismatch=0 overrun=0 | io: cycles=302875 mismatch=0 overrun=0
-- tick=2424000 -- motion: cycles=2424000 mismatch=0 overrun=0 | io: cycles=303000 mismatch=0 overrun=0
-- tick=2425000 -- motion: cycles=2425000 mismatch=0 overrun=0 | io: cycles=303125 mismatch=0 overrun=0
-- tick=2426000 -- motion: cycles=2426000 mismatch=0 overrun=0 | io: cycles=303250 mismatch=0 overrun=0
-- tick=2427000 -- motion: cycles=2427000 mismatch=0 overrun=0 | io: cycles=303375 mismatch=0 overrun=0
-- tick=2428000 -- motion: cycles=2428000 mismatch=0 overrun=0 | io: cycles=303500 mismatch=0 overrun=0
-- tick=2429000 -- motion: cycles=2429000 mismatch=0 overrun=0 | io: cycles=303625 mismatch=0 overrun=0
-- tick=2430000 -- motion: cycles=2430000 mismatch=0 overrun=0 | io: cycles=303750 mismatch=0 overrun=0
-- tick=2431000 -- motion: cycles=2431000 mismatch=0 overrun=0 | io: cycles=303875 mismatch=0 overrun=0
-- tick=2432000 -- motion: cycles=2432000 mismatch=0 overrun=0 | io: cycles=304000 mismatch=0 overrun=0
-- tick=2433000 -- motion: cycles=2433000 mismatch=0 overrun=0 | io: cycles=304125 mismatch=0 overrun=0
-- tick=2434000 -- motion: cycles=2434000 mismatch=0 overrun=0 | io: cycles=304250 mismatch=0 overrun=0
-- tick=2435000 -- motion: cycles=2435000 mismatch=0 overrun=0 | io: cycles=304375 mismatch=0 overrun=0
-- tick=2436000 -- motion: cycles=2436000 mismatch=0 overrun=0 | io: cycles=304500 mismatch=0 overrun=0
-- tick=2437000 -- motion: cycles=2437000 mismatch=0 overrun=0 | io: cycles=304625 mismatch=0 overrun=0
-- tick=2438000 -- motion: cycles=2438000 mismatch=0 overrun=0 | io: cycles=304750 mismatch=0 overrun=0
-- tick=2439000 -- motion: cycles=2439000 mismatch=0 overrun=0 | io: cycles=304875 mismatch=0 overrun=0
-- tick=2440000 -- motion: cycles=2440000 mismatch=0 overrun=0 | io: cycles=305000 mismatch=0 overrun=0
-- tick=2441000 -- motion: cycles=2441000 mismatch=0 overrun=0 | io: cycles=305125 mismatch=0 overrun=0
-- tick=2442000 -- motion: cycles=2442000 mismatch=0 overrun=0 | io: cycles=305250 mismatch=0 overrun=0
-- tick=2443000 -- motion: cycles=2443000 mismatch=0 overrun=0 | io: cycles=305375 mismatch=0 overrun=0
-- tick=2444000 -- motion: cycles=2444000 mismatch=0 overrun=0 | io: cycles=305500 mismatch=0 overrun=0
-- tick=2445000 -- motion: cycles=2445000 mismatch=0 overrun=0 | io: cycles=305625 mismatch=0 overrun=0
-- tick=2446000 -- motion: cycles=2446000 mismatch=0 overrun=0 | io: cycles=305750 mismatch=0 overrun=0
-- tick=2447000 -- motion: cycles=2447000 mismatch=0 overrun=0 | io: cycles=305875 mismatch=0 overrun=0
-- tick=2448000 -- motion: cycles=2448000 mismatch=0 overrun=0 | io: cycles=306000 mismatch=0 overrun=0
-- tick=2449000 -- motion: cycles=2449000 mismatch=0 overrun=0 | io: cycles=306125 mismatch=0 overrun=0
-- tick=2450000 -- motion: cycles=2450000 mismatch=0 overrun=0 | io: cycles=306250 mismatch=0 overrun=0
-- tick=2451000 -- motion: cycles=2451000 mismatch=0 overrun=0 | io: cycles=306375 mismatch=0 overrun=0
-- tick=2452000 -- motion: cycles=2452000 mismatch=0 overrun=0 | io: cycles=306500 mismatch=0 overrun=0
-- tick=2453000 -- motion: cycles=2453000 mismatch=0 overrun=0 | io: cycles=306625 mismatch=0 overrun=0
-- tick=2454000 -- motion: cycles=2454000 mismatch=0 overrun=0 | io: cycles=306750 mismatch=0 overrun=0
-- tick=2455000 -- motion: cycles=2455000 mismatch=0 overrun=0 | io: cycles=306875 mismatch=0 overrun=0
-- tick=2456000 -- motion: cycles=2456000 mismatch=0 overrun=0 | io: cycles=307000 mismatch=0 overrun=0
-- tick=2457000 -- motion: cycles=2457000 mismatch=0 overrun=0 | io: cycles=307125 mismatch=0 overrun=0
-- tick=2458000 -- motion: cycles=2458000 mismatch=0 overrun=0 | io: cycles=307250 mismatch=0 overrun=0
-- tick=2459000 -- motion: cycles=2459000 mismatch=0 overrun=0 | io: cycles=307375 mismatch=0 overrun=0
-- tick=2460000 -- motion: cycles=2460000 mismatch=0 overrun=0 | io: cycles=307500 mismatch=0 overrun=0
-- tick=2461000 -- motion: cycles=2461000 mismatch=0 overrun=0 | io: cycles=307625 mismatch=0 overrun=0
-- tick=2462000 -- motion: cycles=2462000 mismatch=0 overrun=0 | io: cycles=307750 mismatch=0 overrun=0
-- tick=2463000 -- motion: cycles=2463000 mismatch=0 overrun=0 | io: cycles=307875 mismatch=0 overrun=0
-- tick=2464000 -- motion: cycles=2464000 mismatch=0 overrun=0 | io: cycles=308000 mismatch=0 overrun=0
-- tick=2465000 -- motion: cycles=2465000 mismatch=0 overrun=0 | io: cycles=308125 mismatch=0 overrun=0
-- tick=2466000 -- motion: cycles=2466000 mismatch=0 overrun=0 | io: cycles=308250 mismatch=0 overrun=0
-- tick=2467000 -- motion: cycles=2467000 mismatch=0 overrun=0 | io: cycles=308375 mismatch=0 overrun=0
-- tick=2468000 -- motion: cycles=2468000 mismatch=0 overrun=0 | io: cycles=308500 mismatch=0 overrun=0
-- tick=2469000 -- motion: cycles=2469000 mismatch=0 overrun=0 | io: cycles=308625 mismatch=0 overrun=0
-- tick=2470000 -- motion: cycles=2470000 mismatch=0 overrun=0 | io: cycles=308750 mismatch=0 overrun=0
-- tick=2471000 -- motion: cycles=2471000 mismatch=0 overrun=0 | io: cycles=308875 mismatch=0 overrun=0
-- tick=2472000 -- motion: cycles=2472000 mismatch=0 overrun=0 | io: cycles=309000 mismatch=0 overrun=0
-- tick=2473000 -- motion: cycles=2473000 mismatch=0 overrun=0 | io: cycles=309125 mismatch=0 overrun=0
-- tick=2474000 -- motion: cycles=2474000 mismatch=0 overrun=0 | io: cycles=309250 mismatch=0 overrun=0
-- tick=2475000 -- motion: cycles=2475000 mismatch=0 overrun=0 | io: cycles=309375 mismatch=0 overrun=0
-- tick=2476000 -- motion: cycles=2476000 mismatch=0 overrun=0 | io: cycles=309500 mismatch=0 overrun=0
-- tick=2477000 -- motion: cycles=2477000 mismatch=0 overrun=0 | io: cycles=309625 mismatch=0 overrun=0
-- tick=2478000 -- motion: cycles=2478000 mismatch=0 overrun=0 | io: cycles=309750 mismatch=0 overrun=0
-- tick=2479000 -- motion: cycles=2479000 mismatch=0 overrun=0 | io: cycles=309875 mismatch=0 overrun=0
-- tick=2480000 -- motion: cycles=2480000 mismatch=0 overrun=0 | io: cycles=310000 mismatch=0 overrun=0
-- tick=2481000 -- motion: cycles=2481000 mismatch=0 overrun=0 | io: cycles=310125 mismatch=0 overrun=0
-- tick=2482000 -- motion: cycles=2482000 mismatch=0 overrun=0 | io: cycles=310250 mismatch=0 overrun=0
-- tick=2483000 -- motion: cycles=2483000 mismatch=0 overrun=0 | io: cycles=310375 mismatch=0 overrun=0
-- tick=2484000 -- motion: cycles=2484000 mismatch=0 overrun=0 | io: cycles=310500 mismatch=0 overrun=0
-- tick=2485000 -- motion: cycles=2485000 mismatch=0 overrun=0 | io: cycles=310625 mismatch=0 overrun=0
-- tick=2486000 -- motion: cycles=2486000 mismatch=0 overrun=0 | io: cycles=310750 mismatch=0 overrun=0
-- tick=2487000 -- motion: cycles=2487000 mismatch=0 overrun=0 | io: cycles=310875 mismatch=0 overrun=0
-- tick=2488000 -- motion: cycles=2488000 mismatch=0 overrun=0 | io: cycles=311000 mismatch=0 overrun=0
-- tick=2489000 -- motion: cycles=2489000 mismatch=0 overrun=0 | io: cycles=311125 mismatch=0 overrun=0
-- tick=2490000 -- motion: cycles=2490000 mismatch=0 overrun=0 | io: cycles=311250 mismatch=0 overrun=0
-- tick=2491000 -- motion: cycles=2491000 mismatch=0 overrun=0 | io: cycles=311375 mismatch=0 overrun=0
-- tick=2492000 -- motion: cycles=2492000 mismatch=0 overrun=0 | io: cycles=311500 mismatch=0 overrun=0
-- tick=2493000 -- motion: cycles=2493000 mismatch=0 overrun=0 | io: cycles=311625 mismatch=0 overrun=0
-- tick=2494000 -- motion: cycles=2494000 mismatch=0 overrun=0 | io: cycles=311750 mismatch=0 overrun=0
-- tick=2495000 -- motion: cycles=2495000 mismatch=0 overrun=0 | io: cycles=311875 mismatch=0 overrun=0
-- tick=2496000 -- motion: cycles=2496000 mismatch=0 overrun=0 | io: cycles=312000 mismatch=0 overrun=0
-- tick=2497000 -- motion: cycles=2497000 mismatch=0 overrun=0 | io: cycles=312125 mismatch=0 overrun=0
-- tick=2498000 -- motion: cycles=2498000 mismatch=0 overrun=0 | io: cycles=312250 mismatch=0 overrun=0
-- tick=2499000 -- motion: cycles=2499000 mismatch=0 overrun=0 | io: cycles=312375 mismatch=0 overrun=0
-- tick=2500000 -- motion: cycles=2500000 mismatch=0 overrun=0 | io: cycles=312500 mismatch=0 overrun=0
-- tick=2501000 -- motion: cycles=2501000 mismatch=0 overrun=0 | io: cycles=312625 mismatch=0 overrun=0
-- tick=2502000 -- motion: cycles=2502000 mismatch=0 overrun=0 | io: cycles=312750 mismatch=0 overrun=0
-- tick=2503000 -- motion: cycles=2503000 mismatch=0 overrun=0 | io: cycles=312875 mismatch=0 overrun=0
-- tick=2504000 -- motion: cycles=2504000 mismatch=0 overrun=0 | io: cycles=313000 mismatch=0 overrun=0
-- tick=2505000 -- motion: cycles=2505000 mismatch=0 overrun=0 | io: cycles=313125 mismatch=0 overrun=0
-- tick=2506000 -- motion: cycles=2506000 mismatch=0 overrun=0 | io: cycles=313250 mismatch=0 overrun=0
-- tick=2507000 -- motion: cycles=2507000 mismatch=0 overrun=0 | io: cycles=313375 mismatch=0 overrun=0
-- tick=2508000 -- motion: cycles=2508000 mismatch=0 overrun=0 | io: cycles=313500 mismatch=0 overrun=0
-- tick=2509000 -- motion: cycles=2509000 mismatch=0 overrun=0 | io: cycles=313625 mismatch=0 overrun=0
-- tick=2510000 -- motion: cycles=2510000 mismatch=0 overrun=0 | io: cycles=313750 mismatch=0 overrun=0
-- tick=2511000 -- motion: cycles=2511000 mismatch=0 overrun=0 | io: cycles=313875 mismatch=0 overrun=0
-- tick=2512000 -- motion: cycles=2512000 mismatch=0 overrun=0 | io: cycles=314000 mismatch=0 overrun=0
-- tick=2513000 -- motion: cycles=2513000 mismatch=0 overrun=0 | io: cycles=314125 mismatch=0 overrun=0
-- tick=2514000 -- motion: cycles=2514000 mismatch=0 overrun=0 | io: cycles=314250 mismatch=0 overrun=0
-- tick=2515000 -- motion: cycles=2515000 mismatch=0 overrun=0 | io: cycles=314375 mismatch=0 overrun=0
-- tick=2516000 -- motion: cycles=2516000 mismatch=0 overrun=0 | io: cycles=314500 mismatch=0 overrun=0
-- tick=2517000 -- motion: cycles=2517000 mismatch=0 overrun=0 | io: cycles=314625 mismatch=0 overrun=0
-- tick=2518000 -- motion: cycles=2518000 mismatch=0 overrun=0 | io: cycles=314750 mismatch=0 overrun=0
-- tick=2519000 -- motion: cycles=2519000 mismatch=0 overrun=0 | io: cycles=314875 mismatch=0 overrun=0
-- tick=2520000 -- motion: cycles=2520000 mismatch=0 overrun=0 | io: cycles=315000 mismatch=0 overrun=0
-- tick=2521000 -- motion: cycles=2521000 mismatch=0 overrun=0 | io: cycles=315125 mismatch=0 overrun=0
-- tick=2522000 -- motion: cycles=2522000 mismatch=0 overrun=0 | io: cycles=315250 mismatch=0 overrun=0
-- tick=2523000 -- motion: cycles=2523000 mismatch=0 overrun=0 | io: cycles=315375 mismatch=0 overrun=0
-- tick=2524000 -- motion: cycles=2524000 mismatch=0 overrun=0 | io: cycles=315500 mismatch=0 overrun=0
-- tick=2525000 -- motion: cycles=2525000 mismatch=0 overrun=0 | io: cycles=315625 mismatch=0 overrun=0
-- tick=2526000 -- motion: cycles=2526000 mismatch=0 overrun=0 | io: cycles=315750 mismatch=0 overrun=0
-- tick=2527000 -- motion: cycles=2527000 mismatch=0 overrun=0 | io: cycles=315875 mismatch=0 overrun=0
-- tick=2528000 -- motion: cycles=2528000 mismatch=0 overrun=0 | io: cycles=316000 mismatch=0 overrun=0
-- tick=2529000 -- motion: cycles=2529000 mismatch=0 overrun=0 | io: cycles=316125 mismatch=0 overrun=0
-- tick=2530000 -- motion: cycles=2530000 mismatch=0 overrun=0 | io: cycles=316250 mismatch=0 overrun=0
-- tick=2531000 -- motion: cycles=2531000 mismatch=0 overrun=0 | io: cycles=316375 mismatch=0 overrun=0
-- tick=2532000 -- motion: cycles=2532000 mismatch=0 overrun=0 | io: cycles=316500 mismatch=0 overrun=0
-- tick=2533000 -- motion: cycles=2533000 mismatch=0 overrun=0 | io: cycles=316625 mismatch=0 overrun=0
-- tick=2534000 -- motion: cycles=2534000 mismatch=0 overrun=0 | io: cycles=316750 mismatch=0 overrun=0
-- tick=2535000 -- motion: cycles=2535000 mismatch=0 overrun=0 | io: cycles=316875 mismatch=0 overrun=0
-- tick=2536000 -- motion: cycles=2536000 mismatch=0 overrun=0 | io: cycles=317000 mismatch=0 overrun=0
-- tick=2537000 -- motion: cycles=2537000 mismatch=0 overrun=0 | io: cycles=317125 mismatch=0 overrun=0
-- tick=2538000 -- motion: cycles=2538000 mismatch=0 overrun=0 | io: cycles=317250 mismatch=0 overrun=0
-- tick=2539000 -- motion: cycles=2539000 mismatch=0 overrun=0 | io: cycles=317375 mismatch=0 overrun=0
-- tick=2540000 -- motion: cycles=2540000 mismatch=0 overrun=0 | io: cycles=317500 mismatch=0 overrun=0
-- tick=2541000 -- motion: cycles=2541000 mismatch=0 overrun=0 | io: cycles=317625 mismatch=0 overrun=0
-- tick=2542000 -- motion: cycles=2542000 mismatch=0 overrun=0 | io: cycles=317750 mismatch=0 overrun=0
-- tick=2543000 -- motion: cycles=2543000 mismatch=0 overrun=0 | io: cycles=317875 mismatch=0 overrun=0
-- tick=2544000 -- motion: cycles=2544000 mismatch=0 overrun=0 | io: cycles=318000 mismatch=0 overrun=0
-- tick=2545000 -- motion: cycles=2545000 mismatch=0 overrun=0 | io: cycles=318125 mismatch=0 overrun=0
-- tick=2546000 -- motion: cycles=2546000 mismatch=0 overrun=0 | io: cycles=318250 mismatch=0 overrun=0
-- tick=2547000 -- motion: cycles=2547000 mismatch=0 overrun=0 | io: cycles=318375 mismatch=0 overrun=0
-- tick=2548000 -- motion: cycles=2548000 mismatch=0 overrun=0 | io: cycles=318500 mismatch=0 overrun=0
-- tick=2549000 -- motion: cycles=2549000 mismatch=0 overrun=0 | io: cycles=318625 mismatch=0 overrun=0
-- tick=2550000 -- motion: cycles=2550000 mismatch=0 overrun=0 | io: cycles=318750 mismatch=0 overrun=0
-- tick=2551000 -- motion: cycles=2551000 mismatch=0 overrun=0 | io: cycles=318875 mismatch=0 overrun=0
-- tick=2552000 -- motion: cycles=2552000 mismatch=0 overrun=0 | io: cycles=319000 mismatch=0 overrun=0
-- tick=2553000 -- motion: cycles=2553000 mismatch=0 overrun=0 | io: cycles=319125 mismatch=0 overrun=0
-- tick=2554000 -- motion: cycles=2554000 mismatch=0 overrun=0 | io: cycles=319250 mismatch=0 overrun=0
-- tick=2555000 -- motion: cycles=2555000 mismatch=0 overrun=0 | io: cycles=319375 mismatch=0 overrun=0
-- tick=2556000 -- motion: cycles=2556000 mismatch=0 overrun=0 | io: cycles=319500 mismatch=0 overrun=0
-- tick=2557000 -- motion: cycles=2557000 mismatch=0 overrun=0 | io: cycles=319625 mismatch=0 overrun=0
-- tick=2558000 -- motion: cycles=2558000 mismatch=0 overrun=0 | io: cycles=319750 mismatch=0 overrun=0
-- tick=2559000 -- motion: cycles=2559000 mismatch=0 overrun=0 | io: cycles=319875 mismatch=0 overrun=0
-- tick=2560000 -- motion: cycles=2560000 mismatch=0 overrun=0 | io: cycles=320000 mismatch=0 overrun=0
-- tick=2561000 -- motion: cycles=2561000 mismatch=0 overrun=0 | io: cycles=320125 mismatch=0 overrun=0
-- tick=2562000 -- motion: cycles=2562000 mismatch=0 overrun=0 | io: cycles=320250 mismatch=0 overrun=0
-- tick=2563000 -- motion: cycles=2563000 mismatch=0 overrun=0 | io: cycles=320375 mismatch=0 overrun=0
-- tick=2564000 -- motion: cycles=2564000 mismatch=0 overrun=0 | io: cycles=320500 mismatch=0 overrun=0
-- tick=2565000 -- motion: cycles=2565000 mismatch=0 overrun=0 | io: cycles=320625 mismatch=0 overrun=0
-- tick=2566000 -- motion: cycles=2566000 mismatch=0 overrun=0 | io: cycles=320750 mismatch=0 overrun=0
-- tick=2567000 -- motion: cycles=2567000 mismatch=0 overrun=0 | io: cycles=320875 mismatch=0 overrun=0
-- tick=2568000 -- motion: cycles=2568000 mismatch=0 overrun=0 | io: cycles=321000 mismatch=0 overrun=0
-- tick=2569000 -- motion: cycles=2569000 mismatch=0 overrun=0 | io: cycles=321125 mismatch=0 overrun=0
-- tick=2570000 -- motion: cycles=2570000 mismatch=0 overrun=0 | io: cycles=321250 mismatch=0 overrun=0
-- tick=2571000 -- motion: cycles=2571000 mismatch=0 overrun=0 | io: cycles=321375 mismatch=0 overrun=0
-- tick=2572000 -- motion: cycles=2572000 mismatch=0 overrun=0 | io: cycles=321500 mismatch=0 overrun=0
-- tick=2573000 -- motion: cycles=2573000 mismatch=0 overrun=0 | io: cycles=321625 mismatch=0 overrun=0
-- tick=2574000 -- motion: cycles=2574000 mismatch=0 overrun=0 | io: cycles=321750 mismatch=0 overrun=0
-- tick=2575000 -- motion: cycles=2575000 mismatch=0 overrun=0 | io: cycles=321875 mismatch=0 overrun=0
-- tick=2576000 -- motion: cycles=2576000 mismatch=0 overrun=0 | io: cycles=322000 mismatch=0 overrun=0
-- tick=2577000 -- motion: cycles=2577000 mismatch=0 overrun=0 | io: cycles=322125 mismatch=0 overrun=0
-- tick=2578000 -- motion: cycles=2578000 mismatch=0 overrun=0 | io: cycles=322250 mismatch=0 overrun=0
-- tick=2579000 -- motion: cycles=2579000 mismatch=0 overrun=0 | io: cycles=322375 mismatch=0 overrun=0
-- tick=2580000 -- motion: cycles=2580000 mismatch=0 overrun=0 | io: cycles=322500 mismatch=0 overrun=0
-- tick=2581000 -- motion: cycles=2581000 mismatch=0 overrun=0 | io: cycles=322625 mismatch=0 overrun=0
-- tick=2582000 -- motion: cycles=2582000 mismatch=0 overrun=0 | io: cycles=322750 mismatch=0 overrun=0
-- tick=2583000 -- motion: cycles=2583000 mismatch=0 overrun=0 | io: cycles=322875 mismatch=0 overrun=0
-- tick=2584000 -- motion: cycles=2584000 mismatch=0 overrun=0 | io: cycles=323000 mismatch=0 overrun=0
-- tick=2585000 -- motion: cycles=2585000 mismatch=0 overrun=0 | io: cycles=323125 mismatch=0 overrun=0
-- tick=2586000 -- motion: cycles=2586000 mismatch=0 overrun=0 | io: cycles=323250 mismatch=0 overrun=0
-- tick=2587000 -- motion: cycles=2587000 mismatch=0 overrun=0 | io: cycles=323375 mismatch=0 overrun=0
-- tick=2588000 -- motion: cycles=2588000 mismatch=0 overrun=0 | io: cycles=323500 mismatch=0 overrun=0
-- tick=2589000 -- motion: cycles=2589000 mismatch=0 overrun=0 | io: cycles=323625 mismatch=0 overrun=0
-- tick=2590000 -- motion: cycles=2590000 mismatch=0 overrun=0 | io: cycles=323750 mismatch=0 overrun=0
-- tick=2591000 -- motion: cycles=2591000 mismatch=0 overrun=0 | io: cycles=323875 mismatch=0 overrun=0
-- tick=2592000 -- motion: cycles=2592000 mismatch=0 overrun=0 | io: cycles=324000 mismatch=0 overrun=0
-- tick=2593000 -- motion: cycles=2593000 mismatch=0 overrun=0 | io: cycles=324125 mismatch=0 overrun=0
-- tick=2594000 -- motion: cycles=2594000 mismatch=0 overrun=0 | io: cycles=324250 mismatch=0 overrun=0
-- tick=2595000 -- motion: cycles=2595000 mismatch=0 overrun=0 | io: cycles=324375 mismatch=0 overrun=0
-- tick=2596000 -- motion: cycles=2596000 mismatch=0 overrun=0 | io: cycles=324500 mismatch=0 overrun=0
-- tick=2597000 -- motion: cycles=2597000 mismatch=0 overrun=0 | io: cycles=324625 mismatch=0 overrun=0
-- tick=2598000 -- motion: cycles=2598000 mismatch=0 overrun=0 | io: cycles=324750 mismatch=0 overrun=0
-- tick=2599000 -- motion: cycles=2599000 mismatch=0 overrun=0 | io: cycles=324875 mismatch=0 overrun=0
-- tick=2600000 -- motion: cycles=2600000 mismatch=0 overrun=0 | io: cycles=325000 mismatch=0 overrun=0
-- tick=2601000 -- motion: cycles=2601000 mismatch=0 overrun=0 | io: cycles=325125 mismatch=0 overrun=0
-- tick=2602000 -- motion: cycles=2602000 mismatch=0 overrun=0 | io: cycles=325250 mismatch=0 overrun=0
-- tick=2603000 -- motion: cycles=2603000 mismatch=0 overrun=0 | io: cycles=325375 mismatch=0 overrun=0
-- tick=2604000 -- motion: cycles=2604000 mismatch=0 overrun=0 | io: cycles=325500 mismatch=0 overrun=0
-- tick=2605000 -- motion: cycles=2605000 mismatch=0 overrun=0 | io: cycles=325625 mismatch=0 overrun=0
-- tick=2606000 -- motion: cycles=2606000 mismatch=0 overrun=0 | io: cycles=325750 mismatch=0 overrun=0
-- tick=2607000 -- motion: cycles=2607000 mismatch=0 overrun=0 | io: cycles=325875 mismatch=0 overrun=0
-- tick=2608000 -- motion: cycles=2608000 mismatch=0 overrun=0 | io: cycles=326000 mismatch=0 overrun=0
-- tick=2609000 -- motion: cycles=2609000 mismatch=0 overrun=0 | io: cycles=326125 mismatch=0 overrun=0
-- tick=2610000 -- motion: cycles=2610000 mismatch=0 overrun=0 | io: cycles=326250 mismatch=0 overrun=0
-- tick=2611000 -- motion: cycles=2611000 mismatch=0 overrun=0 | io: cycles=326375 mismatch=0 overrun=0
-- tick=2612000 -- motion: cycles=2612000 mismatch=0 overrun=0 | io: cycles=326500 mismatch=0 overrun=0
-- tick=2613000 -- motion: cycles=2613000 mismatch=0 overrun=0 | io: cycles=326625 mismatch=0 overrun=0
-- tick=2614000 -- motion: cycles=2614000 mismatch=0 overrun=0 | io: cycles=326750 mismatch=0 overrun=0
-- tick=2615000 -- motion: cycles=2615000 mismatch=0 overrun=0 | io: cycles=326875 mismatch=0 overrun=0
-- tick=2616000 -- motion: cycles=2616000 mismatch=0 overrun=0 | io: cycles=327000 mismatch=0 overrun=0
-- tick=2617000 -- motion: cycles=2617000 mismatch=0 overrun=0 | io: cycles=327125 mismatch=0 overrun=0
-- tick=2618000 -- motion: cycles=2618000 mismatch=0 overrun=0 | io: cycles=327250 mismatch=0 overrun=0
-- tick=2619000 -- motion: cycles=2619000 mismatch=0 overrun=0 | io: cycles=327375 mismatch=0 overrun=0
-- tick=2620000 -- motion: cycles=2620000 mismatch=0 overrun=0 | io: cycles=327500 mismatch=0 overrun=0
-- tick=2621000 -- motion: cycles=2621000 mismatch=0 overrun=0 | io: cycles=327625 mismatch=0 overrun=0
-- tick=2622000 -- motion: cycles=2622000 mismatch=0 overrun=0 | io: cycles=327750 mismatch=0 overrun=0
-- tick=2623000 -- motion: cycles=2623000 mismatch=0 overrun=0 | io: cycles=327875 mismatch=0 overrun=0
-- tick=2624000 -- motion: cycles=2624000 mismatch=0 overrun=0 | io: cycles=328000 mismatch=0 overrun=0
-- tick=2625000 -- motion: cycles=2625000 mismatch=0 overrun=0 | io: cycles=328125 mismatch=0 overrun=0
-- tick=2626000 -- motion: cycles=2626000 mismatch=0 overrun=0 | io: cycles=328250 mismatch=0 overrun=0
-- tick=2627000 -- motion: cycles=2627000 mismatch=0 overrun=0 | io: cycles=328375 mismatch=0 overrun=0
-- tick=2628000 -- motion: cycles=2628000 mismatch=0 overrun=0 | io: cycles=328500 mismatch=0 overrun=0
-- tick=2629000 -- motion: cycles=2629000 mismatch=0 overrun=0 | io: cycles=328625 mismatch=0 overrun=0
-- tick=2630000 -- motion: cycles=2630000 mismatch=0 overrun=0 | io: cycles=328750 mismatch=0 overrun=0
-- tick=2631000 -- motion: cycles=2631000 mismatch=0 overrun=0 | io: cycles=328875 mismatch=0 overrun=0
-- tick=2632000 -- motion: cycles=2632000 mismatch=0 overrun=0 | io: cycles=329000 mismatch=0 overrun=0
-- tick=2633000 -- motion: cycles=2633000 mismatch=0 overrun=0 | io: cycles=329125 mismatch=0 overrun=0
-- tick=2634000 -- motion: cycles=2634000 mismatch=0 overrun=0 | io: cycles=329250 mismatch=0 overrun=0
-- tick=2635000 -- motion: cycles=2635000 mismatch=0 overrun=0 | io: cycles=329375 mismatch=0 overrun=0
-- tick=2636000 -- motion: cycles=2636000 mismatch=0 overrun=0 | io: cycles=329500 mismatch=0 overrun=0
-- tick=2637000 -- motion: cycles=2637000 mismatch=0 overrun=0 | io: cycles=329625 mismatch=0 overrun=0
-- tick=2638000 -- motion: cycles=2638000 mismatch=0 overrun=0 | io: cycles=329750 mismatch=0 overrun=0
-- tick=2639000 -- motion: cycles=2639000 mismatch=0 overrun=0 | io: cycles=329875 mismatch=0 overrun=0
-- tick=2640000 -- motion: cycles=2640000 mismatch=0 overrun=0 | io: cycles=330000 mismatch=0 overrun=0
-- tick=2641000 -- motion: cycles=2641000 mismatch=0 overrun=0 | io: cycles=330125 mismatch=0 overrun=0
-- tick=2642000 -- motion: cycles=2642000 mismatch=0 overrun=0 | io: cycles=330250 mismatch=0 overrun=0
-- tick=2643000 -- motion: cycles=2643000 mismatch=0 overrun=0 | io: cycles=330375 mismatch=0 overrun=0
-- tick=2644000 -- motion: cycles=2644000 mismatch=0 overrun=0 | io: cycles=330500 mismatch=0 overrun=0
-- tick=2645000 -- motion: cycles=2645000 mismatch=0 overrun=0 | io: cycles=330625 mismatch=0 overrun=0
-- tick=2646000 -- motion: cycles=2646000 mismatch=0 overrun=0 | io: cycles=330750 mismatch=0 overrun=0
-- tick=2647000 -- motion: cycles=2647000 mismatch=0 overrun=0 | io: cycles=330875 mismatch=0 overrun=0
-- tick=2648000 -- motion: cycles=2648000 mismatch=0 overrun=0 | io: cycles=331000 mismatch=0 overrun=0
-- tick=2649000 -- motion: cycles=2649000 mismatch=0 overrun=0 | io: cycles=331125 mismatch=0 overrun=0
-- tick=2650000 -- motion: cycles=2650000 mismatch=0 overrun=0 | io: cycles=331250 mismatch=0 overrun=0
-- tick=2651000 -- motion: cycles=2651000 mismatch=0 overrun=0 | io: cycles=331375 mismatch=0 overrun=0
-- tick=2652000 -- motion: cycles=2652000 mismatch=0 overrun=0 | io: cycles=331500 mismatch=0 overrun=0
-- tick=2653000 -- motion: cycles=2653000 mismatch=0 overrun=0 | io: cycles=331625 mismatch=0 overrun=0
-- tick=2654000 -- motion: cycles=2654000 mismatch=0 overrun=0 | io: cycles=331750 mismatch=0 overrun=0
-- tick=2655000 -- motion: cycles=2655000 mismatch=0 overrun=0 | io: cycles=331875 mismatch=0 overrun=0
-- tick=2656000 -- motion: cycles=2656000 mismatch=0 overrun=0 | io: cycles=332000 mismatch=0 overrun=0
-- tick=2657000 -- motion: cycles=2657000 mismatch=0 overrun=0 | io: cycles=332125 mismatch=0 overrun=0
-- tick=2658000 -- motion: cycles=2658000 mismatch=0 overrun=0 | io: cycles=332250 mismatch=0 overrun=0
-- tick=2659000 -- motion: cycles=2659000 mismatch=0 overrun=0 | io: cycles=332375 mismatch=0 overrun=0
-- tick=2660000 -- motion: cycles=2660000 mismatch=0 overrun=0 | io: cycles=332500 mismatch=0 overrun=0
-- tick=2661000 -- motion: cycles=2661000 mismatch=0 overrun=0 | io: cycles=332625 mismatch=0 overrun=0
-- tick=2662000 -- motion: cycles=2662000 mismatch=0 overrun=0 | io: cycles=332750 mismatch=0 overrun=0
-- tick=2663000 -- motion: cycles=2663000 mismatch=0 overrun=0 | io: cycles=332875 mismatch=0 overrun=0
-- tick=2664000 -- motion: cycles=2664000 mismatch=0 overrun=0 | io: cycles=333000 mismatch=0 overrun=0
-- tick=2665000 -- motion: cycles=2665000 mismatch=0 overrun=0 | io: cycles=333125 mismatch=0 overrun=0
-- tick=2666000 -- motion: cycles=2666000 mismatch=0 overrun=0 | io: cycles=333250 mismatch=0 overrun=0
-- tick=2667000 -- motion: cycles=2667000 mismatch=0 overrun=0 | io: cycles=333375 mismatch=0 overrun=0
-- tick=2668000 -- motion: cycles=2668000 mismatch=0 overrun=0 | io: cycles=333500 mismatch=0 overrun=0
-- tick=2669000 -- motion: cycles=2669000 mismatch=0 overrun=0 | io: cycles=333625 mismatch=0 overrun=0
-- tick=2670000 -- motion: cycles=2670000 mismatch=0 overrun=0 | io: cycles=333750 mismatch=0 overrun=0
-- tick=2671000 -- motion: cycles=2671000 mismatch=0 overrun=0 | io: cycles=333875 mismatch=0 overrun=0
-- tick=2672000 -- motion: cycles=2672000 mismatch=0 overrun=0 | io: cycles=334000 mismatch=0 overrun=0
-- tick=2673000 -- motion: cycles=2673000 mismatch=0 overrun=0 | io: cycles=334125 mismatch=0 overrun=0
-- tick=2674000 -- motion: cycles=2674000 mismatch=0 overrun=0 | io: cycles=334250 mismatch=0 overrun=0
-- tick=2675000 -- motion: cycles=2675000 mismatch=0 overrun=0 | io: cycles=334375 mismatch=0 overrun=0
-- tick=2676000 -- motion: cycles=2676000 mismatch=0 overrun=0 | io: cycles=334500 mismatch=0 overrun=0
-- tick=2677000 -- motion: cycles=2677000 mismatch=0 overrun=0 | io: cycles=334625 mismatch=0 overrun=0
-- tick=2678000 -- motion: cycles=2678000 mismatch=0 overrun=0 | io: cycles=334750 mismatch=0 overrun=0
-- tick=2679000 -- motion: cycles=2679000 mismatch=0 overrun=0 | io: cycles=334875 mismatch=0 overrun=0
-- tick=2680000 -- motion: cycles=2680000 mismatch=0 overrun=0 | io: cycles=335000 mismatch=0 overrun=0
-- tick=2681000 -- motion: cycles=2681000 mismatch=0 overrun=0 | io: cycles=335125 mismatch=0 overrun=0
-- tick=2682000 -- motion: cycles=2682000 mismatch=0 overrun=0 | io: cycles=335250 mismatch=0 overrun=0
-- tick=2683000 -- motion: cycles=2683000 mismatch=0 overrun=0 | io: cycles=335375 mismatch=0 overrun=0
-- tick=2684000 -- motion: cycles=2684000 mismatch=0 overrun=0 | io: cycles=335500 mismatch=0 overrun=0
-- tick=2685000 -- motion: cycles=2685000 mismatch=0 overrun=0 | io: cycles=335625 mismatch=0 overrun=0
-- tick=2686000 -- motion: cycles=2686000 mismatch=0 overrun=0 | io: cycles=335750 mismatch=0 overrun=0
-- tick=2687000 -- motion: cycles=2687000 mismatch=0 overrun=0 | io: cycles=335875 mismatch=0 overrun=0
-- tick=2688000 -- motion: cycles=2688000 mismatch=0 overrun=0 | io: cycles=336000 mismatch=0 overrun=0
-- tick=2689000 -- motion: cycles=2689000 mismatch=0 overrun=0 | io: cycles=336125 mismatch=0 overrun=0
-- tick=2690000 -- motion: cycles=2690000 mismatch=0 overrun=0 | io: cycles=336250 mismatch=0 overrun=0
-- tick=2691000 -- motion: cycles=2691000 mismatch=0 overrun=0 | io: cycles=336375 mismatch=0 overrun=0
-- tick=2692000 -- motion: cycles=2692000 mismatch=0 overrun=0 | io: cycles=336500 mismatch=0 overrun=0
-- tick=2693000 -- motion: cycles=2693000 mismatch=0 overrun=0 | io: cycles=336625 mismatch=0 overrun=0
-- tick=2694000 -- motion: cycles=2694000 mismatch=0 overrun=0 | io: cycles=336750 mismatch=0 overrun=0
-- tick=2695000 -- motion: cycles=2695000 mismatch=0 overrun=0 | io: cycles=336875 mismatch=0 overrun=0
-- tick=2696000 -- motion: cycles=2696000 mismatch=0 overrun=0 | io: cycles=337000 mismatch=0 overrun=0
-- tick=2697000 -- motion: cycles=2697000 mismatch=0 overrun=0 | io: cycles=337125 mismatch=0 overrun=0
-- tick=2698000 -- motion: cycles=2698000 mismatch=0 overrun=0 | io: cycles=337250 mismatch=0 overrun=0
-- tick=2699000 -- motion: cycles=2699000 mismatch=0 overrun=0 | io: cycles=337375 mismatch=0 overrun=0
-- tick=2700000 -- motion: cycles=2700000 mismatch=0 overrun=0 | io: cycles=337500 mismatch=0 overrun=0
-- tick=2701000 -- motion: cycles=2701000 mismatch=0 overrun=0 | io: cycles=337625 mismatch=0 overrun=0
-- tick=2702000 -- motion: cycles=2702000 mismatch=0 overrun=0 | io: cycles=337750 mismatch=0 overrun=0
-- tick=2703000 -- motion: cycles=2703000 mismatch=0 overrun=0 | io: cycles=337875 mismatch=0 overrun=0
-- tick=2704000 -- motion: cycles=2704000 mismatch=0 overrun=0 | io: cycles=338000 mismatch=0 overrun=0
-- tick=2705000 -- motion: cycles=2705000 mismatch=0 overrun=0 | io: cycles=338125 mismatch=0 overrun=0
-- tick=2706000 -- motion: cycles=2706000 mismatch=0 overrun=0 | io: cycles=338250 mismatch=0 overrun=0
-- tick=2707000 -- motion: cycles=2707000 mismatch=0 overrun=0 | io: cycles=338375 mismatch=0 overrun=0
-- tick=2708000 -- motion: cycles=2708000 mismatch=0 overrun=0 | io: cycles=338500 mismatch=0 overrun=0
-- tick=2709000 -- motion: cycles=2709000 mismatch=0 overrun=0 | io: cycles=338625 mismatch=0 overrun=0
-- tick=2710000 -- motion: cycles=2710000 mismatch=0 overrun=0 | io: cycles=338750 mismatch=0 overrun=0
-- tick=2711000 -- motion: cycles=2711000 mismatch=0 overrun=0 | io: cycles=338875 mismatch=0 overrun=0
-- tick=2712000 -- motion: cycles=2712000 mismatch=0 overrun=0 | io: cycles=339000 mismatch=0 overrun=0
-- tick=2713000 -- motion: cycles=2713000 mismatch=0 overrun=0 | io: cycles=339125 mismatch=0 overrun=0
-- tick=2714000 -- motion: cycles=2714000 mismatch=0 overrun=0 | io: cycles=339250 mismatch=0 overrun=0
-- tick=2715000 -- motion: cycles=2715000 mismatch=0 overrun=0 | io: cycles=339375 mismatch=0 overrun=0
-- tick=2716000 -- motion: cycles=2716000 mismatch=0 overrun=0 | io: cycles=339500 mismatch=0 overrun=0
-- tick=2717000 -- motion: cycles=2717000 mismatch=0 overrun=0 | io: cycles=339625 mismatch=0 overrun=0
-- tick=2718000 -- motion: cycles=2718000 mismatch=0 overrun=0 | io: cycles=339750 mismatch=0 overrun=0
-- tick=2719000 -- motion: cycles=2719000 mismatch=0 overrun=0 | io: cycles=339875 mismatch=0 overrun=0
-- tick=2720000 -- motion: cycles=2720000 mismatch=0 overrun=0 | io: cycles=340000 mismatch=0 overrun=0
-- tick=2721000 -- motion: cycles=2721000 mismatch=0 overrun=0 | io: cycles=340125 mismatch=0 overrun=0
-- tick=2722000 -- motion: cycles=2722000 mismatch=0 overrun=0 | io: cycles=340250 mismatch=0 overrun=0
-- tick=2723000 -- motion: cycles=2723000 mismatch=0 overrun=0 | io: cycles=340375 mismatch=0 overrun=0
-- tick=2724000 -- motion: cycles=2724000 mismatch=0 overrun=0 | io: cycles=340500 mismatch=0 overrun=0
-- tick=2725000 -- motion: cycles=2725000 mismatch=0 overrun=0 | io: cycles=340625 mismatch=0 overrun=0
-- tick=2726000 -- motion: cycles=2726000 mismatch=0 overrun=0 | io: cycles=340750 mismatch=0 overrun=0
-- tick=2727000 -- motion: cycles=2727000 mismatch=0 overrun=0 | io: cycles=340875 mismatch=0 overrun=0
-- tick=2728000 -- motion: cycles=2728000 mismatch=0 overrun=0 | io: cycles=341000 mismatch=0 overrun=0
-- tick=2729000 -- motion: cycles=2729000 mismatch=0 overrun=0 | io: cycles=341125 mismatch=0 overrun=0
-- tick=2730000 -- motion: cycles=2730000 mismatch=0 overrun=0 | io: cycles=341250 mismatch=0 overrun=0
-- tick=2731000 -- motion: cycles=2731000 mismatch=0 overrun=0 | io: cycles=341375 mismatch=0 overrun=0
-- tick=2732000 -- motion: cycles=2732000 mismatch=0 overrun=0 | io: cycles=341500 mismatch=0 overrun=0
-- tick=2733000 -- motion: cycles=2733000 mismatch=0 overrun=0 | io: cycles=341625 mismatch=0 overrun=0
-- tick=2734000 -- motion: cycles=2734000 mismatch=0 overrun=0 | io: cycles=341750 mismatch=0 overrun=0
-- tick=2735000 -- motion: cycles=2735000 mismatch=0 overrun=0 | io: cycles=341875 mismatch=0 overrun=0
-- tick=2736000 -- motion: cycles=2736000 mismatch=0 overrun=0 | io: cycles=342000 mismatch=0 overrun=0
-- tick=2737000 -- motion: cycles=2737000 mismatch=0 overrun=0 | io: cycles=342125 mismatch=0 overrun=0
-- tick=2738000 -- motion: cycles=2738000 mismatch=0 overrun=0 | io: cycles=342250 mismatch=0 overrun=0
-- tick=2739000 -- motion: cycles=2739000 mismatch=0 overrun=0 | io: cycles=342375 mismatch=0 overrun=0
-- tick=2740000 -- motion: cycles=2740000 mismatch=0 overrun=0 | io: cycles=342500 mismatch=0 overrun=0
-- tick=2741000 -- motion: cycles=2741000 mismatch=0 overrun=0 | io: cycles=342625 mismatch=0 overrun=0
-- tick=2742000 -- motion: cycles=2742000 mismatch=0 overrun=0 | io: cycles=342750 mismatch=0 overrun=0
-- tick=2743000 -- motion: cycles=2743000 mismatch=0 overrun=0 | io: cycles=342875 mismatch=0 overrun=0
-- tick=2744000 -- motion: cycles=2744000 mismatch=0 overrun=0 | io: cycles=343000 mismatch=0 overrun=0
-- tick=2745000 -- motion: cycles=2745000 mismatch=0 overrun=0 | io: cycles=343125 mismatch=0 overrun=0
-- tick=2746000 -- motion: cycles=2746000 mismatch=0 overrun=0 | io: cycles=343250 mismatch=0 overrun=0
-- tick=2747000 -- motion: cycles=2747000 mismatch=0 overrun=0 | io: cycles=343375 mismatch=0 overrun=0
-- tick=2748000 -- motion: cycles=2748000 mismatch=0 overrun=0 | io: cycles=343500 mismatch=0 overrun=0
-- tick=2749000 -- motion: cycles=2749000 mismatch=0 overrun=0 | io: cycles=343625 mismatch=0 overrun=0
-- tick=2750000 -- motion: cycles=2750000 mismatch=0 overrun=0 | io: cycles=343750 mismatch=0 overrun=0
-- tick=2751000 -- motion: cycles=2751000 mismatch=0 overrun=0 | io: cycles=343875 mismatch=0 overrun=0
-- tick=2752000 -- motion: cycles=2752000 mismatch=0 overrun=0 | io: cycles=344000 mismatch=0 overrun=0
-- tick=2753000 -- motion: cycles=2753000 mismatch=0 overrun=0 | io: cycles=344125 mismatch=0 overrun=0
-- tick=2754000 -- motion: cycles=2754000 mismatch=0 overrun=0 | io: cycles=344250 mismatch=0 overrun=0
-- tick=2755000 -- motion: cycles=2755000 mismatch=0 overrun=0 | io: cycles=344375 mismatch=0 overrun=0
-- tick=2756000 -- motion: cycles=2756000 mismatch=0 overrun=0 | io: cycles=344500 mismatch=0 overrun=0
-- tick=2757000 -- motion: cycles=2757000 mismatch=0 overrun=0 | io: cycles=344625 mismatch=0 overrun=0
-- tick=2758000 -- motion: cycles=2758000 mismatch=0 overrun=0 | io: cycles=344750 mismatch=0 overrun=0
-- tick=2759000 -- motion: cycles=2759000 mismatch=0 overrun=0 | io: cycles=344875 mismatch=0 overrun=0
-- tick=2760000 -- motion: cycles=2760000 mismatch=0 overrun=0 | io: cycles=345000 mismatch=0 overrun=0
-- tick=2761000 -- motion: cycles=2761000 mismatch=0 overrun=0 | io: cycles=345125 mismatch=0 overrun=0
-- tick=2762000 -- motion: cycles=2762000 mismatch=0 overrun=0 | io: cycles=345250 mismatch=0 overrun=0
-- tick=2763000 -- motion: cycles=2763000 mismatch=0 overrun=0 | io: cycles=345375 mismatch=0 overrun=0
-- tick=2764000 -- motion: cycles=2764000 mismatch=0 overrun=0 | io: cycles=345500 mismatch=0 overrun=0
-- tick=2765000 -- motion: cycles=2765000 mismatch=0 overrun=0 | io: cycles=345625 mismatch=0 overrun=0
-- tick=2766000 -- motion: cycles=2766000 mismatch=0 overrun=0 | io: cycles=345750 mismatch=0 overrun=0
-- tick=2767000 -- motion: cycles=2767000 mismatch=0 overrun=0 | io: cycles=345875 mismatch=0 overrun=0
-- tick=2768000 -- motion: cycles=2768000 mismatch=0 overrun=0 | io: cycles=346000 mismatch=0 overrun=0
-- tick=2769000 -- motion: cycles=2769000 mismatch=0 overrun=0 | io: cycles=346125 mismatch=0 overrun=0
-- tick=2770000 -- motion: cycles=2770000 mismatch=0 overrun=0 | io: cycles=346250 mismatch=0 overrun=0
-- tick=2771000 -- motion: cycles=2771000 mismatch=0 overrun=0 | io: cycles=346375 mismatch=0 overrun=0
-- tick=2772000 -- motion: cycles=2772000 mismatch=0 overrun=0 | io: cycles=346500 mismatch=0 overrun=0
-- tick=2773000 -- motion: cycles=2773000 mismatch=0 overrun=0 | io: cycles=346625 mismatch=0 overrun=0
-- tick=2774000 -- motion: cycles=2774000 mismatch=0 overrun=0 | io: cycles=346750 mismatch=0 overrun=0
-- tick=2775000 -- motion: cycles=2775000 mismatch=0 overrun=0 | io: cycles=346875 mismatch=0 overrun=0
-- tick=2776000 -- motion: cycles=2776000 mismatch=0 overrun=0 | io: cycles=347000 mismatch=0 overrun=0
-- tick=2777000 -- motion: cycles=2777000 mismatch=0 overrun=0 | io: cycles=347125 mismatch=0 overrun=0
-- tick=2778000 -- motion: cycles=2778000 mismatch=0 overrun=0 | io: cycles=347250 mismatch=0 overrun=0
-- tick=2779000 -- motion: cycles=2779000 mismatch=0 overrun=0 | io: cycles=347375 mismatch=0 overrun=0
-- tick=2780000 -- motion: cycles=2780000 mismatch=0 overrun=0 | io: cycles=347500 mismatch=0 overrun=0
-- tick=2781000 -- motion: cycles=2781000 mismatch=0 overrun=0 | io: cycles=347625 mismatch=0 overrun=0
-- tick=2782000 -- motion: cycles=2782000 mismatch=0 overrun=0 | io: cycles=347750 mismatch=0 overrun=0
-- tick=2783000 -- motion: cycles=2783000 mismatch=0 overrun=0 | io: cycles=347875 mismatch=0 overrun=0
-- tick=2784000 -- motion: cycles=2784000 mismatch=0 overrun=0 | io: cycles=348000 mismatch=0 overrun=0
-- tick=2785000 -- motion: cycles=2785000 mismatch=0 overrun=0 | io: cycles=348125 mismatch=0 overrun=0
-- tick=2786000 -- motion: cycles=2786000 mismatch=0 overrun=0 | io: cycles=348250 mismatch=0 overrun=0
-- tick=2787000 -- motion: cycles=2787000 mismatch=0 overrun=0 | io: cycles=348375 mismatch=0 overrun=0
-- tick=2788000 -- motion: cycles=2788000 mismatch=0 overrun=0 | io: cycles=348500 mismatch=0 overrun=0
-- tick=2789000 -- motion: cycles=2789000 mismatch=0 overrun=0 | io: cycles=348625 mismatch=0 overrun=0
-- tick=2790000 -- motion: cycles=2790000 mismatch=0 overrun=0 | io: cycles=348750 mismatch=0 overrun=0
-- tick=2791000 -- motion: cycles=2791000 mismatch=0 overrun=0 | io: cycles=348875 mismatch=0 overrun=0
-- tick=2792000 -- motion: cycles=2792000 mismatch=0 overrun=0 | io: cycles=349000 mismatch=0 overrun=0
-- tick=2793000 -- motion: cycles=2793000 mismatch=0 overrun=0 | io: cycles=349125 mismatch=0 overrun=0
-- tick=2794000 -- motion: cycles=2794000 mismatch=0 overrun=0 | io: cycles=349250 mismatch=0 overrun=0
-- tick=2795000 -- motion: cycles=2795000 mismatch=0 overrun=0 | io: cycles=349375 mismatch=0 overrun=0
-- tick=2796000 -- motion: cycles=2796000 mismatch=0 overrun=0 | io: cycles=349500 mismatch=0 overrun=0
-- tick=2797000 -- motion: cycles=2797000 mismatch=0 overrun=0 | io: cycles=349625 mismatch=0 overrun=0
-- tick=2798000 -- motion: cycles=2798000 mismatch=0 overrun=0 | io: cycles=349750 mismatch=0 overrun=0
-- tick=2799000 -- motion: cycles=2799000 mismatch=0 overrun=0 | io: cycles=349875 mismatch=0 overrun=0
-- tick=2800000 -- motion: cycles=2800000 mismatch=0 overrun=0 | io: cycles=350000 mismatch=0 overrun=0
-- tick=2801000 -- motion: cycles=2801000 mismatch=0 overrun=0 | io: cycles=350125 mismatch=0 overrun=0
-- tick=2802000 -- motion: cycles=2802000 mismatch=0 overrun=0 | io: cycles=350250 mismatch=0 overrun=0
-- tick=2803000 -- motion: cycles=2803000 mismatch=0 overrun=0 | io: cycles=350375 mismatch=0 overrun=0
-- tick=2804000 -- motion: cycles=2804000 mismatch=0 overrun=0 | io: cycles=350500 mismatch=0 overrun=0
-- tick=2805000 -- motion: cycles=2805000 mismatch=0 overrun=0 | io: cycles=350625 mismatch=0 overrun=0
-- tick=2806000 -- motion: cycles=2806000 mismatch=0 overrun=0 | io: cycles=350750 mismatch=0 overrun=0
-- tick=2807000 -- motion: cycles=2807000 mismatch=0 overrun=0 | io: cycles=350875 mismatch=0 overrun=0
-- tick=2808000 -- motion: cycles=2808000 mismatch=0 overrun=0 | io: cycles=351000 mismatch=0 overrun=0
-- tick=2809000 -- motion: cycles=2809000 mismatch=0 overrun=0 | io: cycles=351125 mismatch=0 overrun=0
-- tick=2810000 -- motion: cycles=2810000 mismatch=0 overrun=0 | io: cycles=351250 mismatch=0 overrun=0
-- tick=2811000 -- motion: cycles=2811000 mismatch=0 overrun=0 | io: cycles=351375 mismatch=0 overrun=0
-- tick=2812000 -- motion: cycles=2812000 mismatch=0 overrun=0 | io: cycles=351500 mismatch=0 overrun=0
-- tick=2813000 -- motion: cycles=2813000 mismatch=0 overrun=0 | io: cycles=351625 mismatch=0 overrun=0
-- tick=2814000 -- motion: cycles=2814000 mismatch=0 overrun=0 | io: cycles=351750 mismatch=0 overrun=0
-- tick=2815000 -- motion: cycles=2815000 mismatch=0 overrun=0 | io: cycles=351875 mismatch=0 overrun=0
-- tick=2816000 -- motion: cycles=2816000 mismatch=0 overrun=0 | io: cycles=352000 mismatch=0 overrun=0
-- tick=2817000 -- motion: cycles=2817000 mismatch=0 overrun=0 | io: cycles=352125 mismatch=0 overrun=0
-- tick=2818000 -- motion: cycles=2818000 mismatch=0 overrun=0 | io: cycles=352250 mismatch=0 overrun=0
-- tick=2819000 -- motion: cycles=2819000 mismatch=0 overrun=0 | io: cycles=352375 mismatch=0 overrun=0
-- tick=2820000 -- motion: cycles=2820000 mismatch=0 overrun=0 | io: cycles=352500 mismatch=0 overrun=0
-- tick=2821000 -- motion: cycles=2821000 mismatch=0 overrun=0 | io: cycles=352625 mismatch=0 overrun=0
-- tick=2822000 -- motion: cycles=2822000 mismatch=0 overrun=0 | io: cycles=352750 mismatch=0 overrun=0
-- tick=2823000 -- motion: cycles=2823000 mismatch=0 overrun=0 | io: cycles=352875 mismatch=0 overrun=0
-- tick=2824000 -- motion: cycles=2824000 mismatch=0 overrun=0 | io: cycles=353000 mismatch=0 overrun=0
-- tick=2825000 -- motion: cycles=2825000 mismatch=0 overrun=0 | io: cycles=353125 mismatch=0 overrun=0
-- tick=2826000 -- motion: cycles=2826000 mismatch=0 overrun=0 | io: cycles=353250 mismatch=0 overrun=0
-- tick=2827000 -- motion: cycles=2827000 mismatch=0 overrun=0 | io: cycles=353375 mismatch=0 overrun=0
-- tick=2828000 -- motion: cycles=2828000 mismatch=0 overrun=0 | io: cycles=353500 mismatch=0 overrun=0
-- tick=2829000 -- motion: cycles=2829000 mismatch=0 overrun=0 | io: cycles=353625 mismatch=0 overrun=0
-- tick=2830000 -- motion: cycles=2830000 mismatch=0 overrun=0 | io: cycles=353750 mismatch=0 overrun=0
-- tick=2831000 -- motion: cycles=2831000 mismatch=0 overrun=0 | io: cycles=353875 mismatch=0 overrun=0
-- tick=2832000 -- motion: cycles=2832000 mismatch=0 overrun=0 | io: cycles=354000 mismatch=0 overrun=0
-- tick=2833000 -- motion: cycles=2833000 mismatch=0 overrun=0 | io: cycles=354125 mismatch=0 overrun=0
-- tick=2834000 -- motion: cycles=2834000 mismatch=0 overrun=0 | io: cycles=354250 mismatch=0 overrun=0
-- tick=2835000 -- motion: cycles=2835000 mismatch=0 overrun=0 | io: cycles=354375 mismatch=0 overrun=0
-- tick=2836000 -- motion: cycles=2836000 mismatch=0 overrun=0 | io: cycles=354500 mismatch=0 overrun=0
-- tick=2837000 -- motion: cycles=2837000 mismatch=0 overrun=0 | io: cycles=354625 mismatch=0 overrun=0
-- tick=2838000 -- motion: cycles=2838000 mismatch=0 overrun=0 | io: cycles=354750 mismatch=0 overrun=0
-- tick=2839000 -- motion: cycles=2839000 mismatch=0 overrun=0 | io: cycles=354875 mismatch=0 overrun=0
-- tick=2840000 -- motion: cycles=2840000 mismatch=0 overrun=0 | io: cycles=355000 mismatch=0 overrun=0
-- tick=2841000 -- motion: cycles=2841000 mismatch=0 overrun=0 | io: cycles=355125 mismatch=0 overrun=0
-- tick=2842000 -- motion: cycles=2842000 mismatch=0 overrun=0 | io: cycles=355250 mismatch=0 overrun=0
-- tick=2843000 -- motion: cycles=2843000 mismatch=0 overrun=0 | io: cycles=355375 mismatch=0 overrun=0
-- tick=2844000 -- motion: cycles=2844000 mismatch=0 overrun=0 | io: cycles=355500 mismatch=0 overrun=0
-- tick=2845000 -- motion: cycles=2845000 mismatch=0 overrun=0 | io: cycles=355625 mismatch=0 overrun=0
-- tick=2846000 -- motion: cycles=2846000 mismatch=0 overrun=0 | io: cycles=355750 mismatch=0 overrun=0
-- tick=2847000 -- motion: cycles=2847000 mismatch=0 overrun=0 | io: cycles=355875 mismatch=0 overrun=0
-- tick=2848000 -- motion: cycles=2848000 mismatch=0 overrun=0 | io: cycles=356000 mismatch=0 overrun=0
-- tick=2849000 -- motion: cycles=2849000 mismatch=0 overrun=0 | io: cycles=356125 mismatch=0 overrun=0
-- tick=2850000 -- motion: cycles=2850000 mismatch=0 overrun=0 | io: cycles=356250 mismatch=0 overrun=0
-- tick=2851000 -- motion: cycles=2851000 mismatch=0 overrun=0 | io: cycles=356375 mismatch=0 overrun=0
-- tick=2852000 -- motion: cycles=2852000 mismatch=0 overrun=0 | io: cycles=356500 mismatch=0 overrun=0
-- tick=2853000 -- motion: cycles=2853000 mismatch=0 overrun=0 | io: cycles=356625 mismatch=0 overrun=0
-- tick=2854000 -- motion: cycles=2854000 mismatch=0 overrun=0 | io: cycles=356750 mismatch=0 overrun=0
-- tick=2855000 -- motion: cycles=2855000 mismatch=0 overrun=0 | io: cycles=356875 mismatch=0 overrun=0
-- tick=2856000 -- motion: cycles=2856000 mismatch=0 overrun=0 | io: cycles=357000 mismatch=0 overrun=0
-- tick=2857000 -- motion: cycles=2857000 mismatch=0 overrun=0 | io: cycles=357125 mismatch=0 overrun=0
-- tick=2858000 -- motion: cycles=2858000 mismatch=0 overrun=0 | io: cycles=357250 mismatch=0 overrun=0
-- tick=2859000 -- motion: cycles=2859000 mismatch=0 overrun=0 | io: cycles=357375 mismatch=0 overrun=0
-- tick=2860000 -- motion: cycles=2860000 mismatch=0 overrun=0 | io: cycles=357500 mismatch=0 overrun=0
-- tick=2861000 -- motion: cycles=2861000 mismatch=0 overrun=0 | io: cycles=357625 mismatch=0 overrun=0
-- tick=2862000 -- motion: cycles=2862000 mismatch=0 overrun=0 | io: cycles=357750 mismatch=0 overrun=0
-- tick=2863000 -- motion: cycles=2863000 mismatch=0 overrun=0 | io: cycles=357875 mismatch=0 overrun=0
-- tick=2864000 -- motion: cycles=2864000 mismatch=0 overrun=0 | io: cycles=358000 mismatch=0 overrun=0
-- tick=2865000 -- motion: cycles=2865000 mismatch=0 overrun=0 | io: cycles=358125 mismatch=0 overrun=0
-- tick=2866000 -- motion: cycles=2866000 mismatch=0 overrun=0 | io: cycles=358250 mismatch=0 overrun=0
-- tick=2867000 -- motion: cycles=2867000 mismatch=0 overrun=0 | io: cycles=358375 mismatch=0 overrun=0
-- tick=2868000 -- motion: cycles=2868000 mismatch=0 overrun=0 | io: cycles=358500 mismatch=0 overrun=0
-- tick=2869000 -- motion: cycles=2869000 mismatch=0 overrun=0 | io: cycles=358625 mismatch=0 overrun=0
-- tick=2870000 -- motion: cycles=2870000 mismatch=0 overrun=0 | io: cycles=358750 mismatch=0 overrun=0
-- tick=2871000 -- motion: cycles=2871000 mismatch=0 overrun=0 | io: cycles=358875 mismatch=0 overrun=0
-- tick=2872000 -- motion: cycles=2872000 mismatch=0 overrun=0 | io: cycles=359000 mismatch=0 overrun=0
-- tick=2873000 -- motion: cycles=2873000 mismatch=0 overrun=0 | io: cycles=359125 mismatch=0 overrun=0
-- tick=2874000 -- motion: cycles=2874000 mismatch=0 overrun=0 | io: cycles=359250 mismatch=0 overrun=0
-- tick=2875000 -- motion: cycles=2875000 mismatch=0 overrun=0 | io: cycles=359375 mismatch=0 overrun=0
-- tick=2876000 -- motion: cycles=2876000 mismatch=0 overrun=0 | io: cycles=359500 mismatch=0 overrun=0
-- tick=2877000 -- motion: cycles=2877000 mismatch=0 overrun=0 | io: cycles=359625 mismatch=0 overrun=0
-- tick=2878000 -- motion: cycles=2878000 mismatch=0 overrun=0 | io: cycles=359750 mismatch=0 overrun=0
-- tick=2879000 -- motion: cycles=2879000 mismatch=0 overrun=0 | io: cycles=359875 mismatch=0 overrun=0
-- tick=2880000 -- motion: cycles=2880000 mismatch=0 overrun=0 | io: cycles=360000 mismatch=0 overrun=0
-- tick=2881000 -- motion: cycles=2881000 mismatch=0 overrun=0 | io: cycles=360125 mismatch=0 overrun=0
-- tick=2882000 -- motion: cycles=2882000 mismatch=0 overrun=0 | io: cycles=360250 mismatch=0 overrun=0
-- tick=2883000 -- motion: cycles=2883000 mismatch=0 overrun=0 | io: cycles=360375 mismatch=0 overrun=0
-- tick=2884000 -- motion: cycles=2884000 mismatch=0 overrun=0 | io: cycles=360500 mismatch=0 overrun=0
-- tick=2885000 -- motion: cycles=2885000 mismatch=0 overrun=0 | io: cycles=360625 mismatch=0 overrun=0
-- tick=2886000 -- motion: cycles=2886000 mismatch=0 overrun=0 | io: cycles=360750 mismatch=0 overrun=0
-- tick=2887000 -- motion: cycles=2887000 mismatch=0 overrun=0 | io: cycles=360875 mismatch=0 overrun=0
-- tick=2888000 -- motion: cycles=2888000 mismatch=0 overrun=0 | io: cycles=361000 mismatch=0 overrun=0
-- tick=2889000 -- motion: cycles=2889000 mismatch=0 overrun=0 | io: cycles=361125 mismatch=0 overrun=0
-- tick=2890000 -- motion: cycles=2890000 mismatch=0 overrun=0 | io: cycles=361250 mismatch=0 overrun=0
-- tick=2891000 -- motion: cycles=2891000 mismatch=0 overrun=0 | io: cycles=361375 mismatch=0 overrun=0
-- tick=2892000 -- motion: cycles=2892000 mismatch=0 overrun=0 | io: cycles=361500 mismatch=0 overrun=0
-- tick=2893000 -- motion: cycles=2893000 mismatch=0 overrun=0 | io: cycles=361625 mismatch=0 overrun=0
-- tick=2894000 -- motion: cycles=2894000 mismatch=0 overrun=0 | io: cycles=361750 mismatch=0 overrun=0
-- tick=2895000 -- motion: cycles=2895000 mismatch=0 overrun=0 | io: cycles=361875 mismatch=0 overrun=0
-- tick=2896000 -- motion: cycles=2896000 mismatch=0 overrun=0 | io: cycles=362000 mismatch=0 overrun=0
-- tick=2897000 -- motion: cycles=2897000 mismatch=0 overrun=0 | io: cycles=362125 mismatch=0 overrun=0
-- tick=2898000 -- motion: cycles=2898000 mismatch=0 overrun=0 | io: cycles=362250 mismatch=0 overrun=0
-- tick=2899000 -- motion: cycles=2899000 mismatch=0 overrun=0 | io: cycles=362375 mismatch=0 overrun=0
-- tick=2900000 -- motion: cycles=2900000 mismatch=0 overrun=0 | io: cycles=362500 mismatch=0 overrun=0
-- tick=2901000 -- motion: cycles=2901000 mismatch=0 overrun=0 | io: cycles=362625 mismatch=0 overrun=0
-- tick=2902000 -- motion: cycles=2902000 mismatch=0 overrun=0 | io: cycles=362750 mismatch=0 overrun=0
-- tick=2903000 -- motion: cycles=2903000 mismatch=0 overrun=0 | io: cycles=362875 mismatch=0 overrun=0
-- tick=2904000 -- motion: cycles=2904000 mismatch=0 overrun=0 | io: cycles=363000 mismatch=0 overrun=0
-- tick=2905000 -- motion: cycles=2905000 mismatch=0 overrun=0 | io: cycles=363125 mismatch=0 overrun=0
-- tick=2906000 -- motion: cycles=2906000 mismatch=0 overrun=0 | io: cycles=363250 mismatch=0 overrun=0
-- tick=2907000 -- motion: cycles=2907000 mismatch=0 overrun=0 | io: cycles=363375 mismatch=0 overrun=0
-- tick=2908000 -- motion: cycles=2908000 mismatch=0 overrun=0 | io: cycles=363500 mismatch=0 overrun=0
-- tick=2909000 -- motion: cycles=2909000 mismatch=0 overrun=0 | io: cycles=363625 mismatch=0 overrun=0
-- tick=2910000 -- motion: cycles=2910000 mismatch=0 overrun=0 | io: cycles=363750 mismatch=0 overrun=0
-- tick=2911000 -- motion: cycles=2911000 mismatch=0 overrun=0 | io: cycles=363875 mismatch=0 overrun=0
-- tick=2912000 -- motion: cycles=2912000 mismatch=0 overrun=0 | io: cycles=364000 mismatch=0 overrun=0
-- tick=2913000 -- motion: cycles=2913000 mismatch=0 overrun=0 | io: cycles=364125 mismatch=0 overrun=0
-- tick=2914000 -- motion: cycles=2914000 mismatch=0 overrun=0 | io: cycles=364250 mismatch=0 overrun=0
-- tick=2915000 -- motion: cycles=2915000 mismatch=0 overrun=0 | io: cycles=364375 mismatch=0 overrun=0
-- tick=2916000 -- motion: cycles=2916000 mismatch=0 overrun=0 | io: cycles=364500 mismatch=0 overrun=0
-- tick=2917000 -- motion: cycles=2917000 mismatch=0 overrun=0 | io: cycles=364625 mismatch=0 overrun=0
-- tick=2918000 -- motion: cycles=2918000 mismatch=0 overrun=0 | io: cycles=364750 mismatch=0 overrun=0
-- tick=2919000 -- motion: cycles=2919000 mismatch=0 overrun=0 | io: cycles=364875 mismatch=0 overrun=0
-- tick=2920000 -- motion: cycles=2920000 mismatch=0 overrun=0 | io: cycles=365000 mismatch=0 overrun=0
-- tick=2921000 -- motion: cycles=2921000 mismatch=0 overrun=0 | io: cycles=365125 mismatch=0 overrun=0
-- tick=2922000 -- motion: cycles=2922000 mismatch=0 overrun=0 | io: cycles=365250 mismatch=0 overrun=0
-- tick=2923000 -- motion: cycles=2923000 mismatch=0 overrun=0 | io: cycles=365375 mismatch=0 overrun=0
-- tick=2924000 -- motion: cycles=2924000 mismatch=0 overrun=0 | io: cycles=365500 mismatch=0 overrun=0
-- tick=2925000 -- motion: cycles=2925000 mismatch=0 overrun=0 | io: cycles=365625 mismatch=0 overrun=0
-- tick=2926000 -- motion: cycles=2926000 mismatch=0 overrun=0 | io: cycles=365750 mismatch=0 overrun=0
-- tick=2927000 -- motion: cycles=2927000 mismatch=0 overrun=0 | io: cycles=365875 mismatch=0 overrun=0
-- tick=2928000 -- motion: cycles=2928000 mismatch=0 overrun=0 | io: cycles=366000 mismatch=0 overrun=0
-- tick=2929000 -- motion: cycles=2929000 mismatch=0 overrun=0 | io: cycles=366125 mismatch=0 overrun=0
-- tick=2930000 -- motion: cycles=2930000 mismatch=0 overrun=0 | io: cycles=366250 mismatch=0 overrun=0
-- tick=2931000 -- motion: cycles=2931000 mismatch=0 overrun=0 | io: cycles=366375 mismatch=0 overrun=0
-- tick=2932000 -- motion: cycles=2932000 mismatch=0 overrun=0 | io: cycles=366500 mismatch=0 overrun=0
-- tick=2933000 -- motion: cycles=2933000 mismatch=0 overrun=0 | io: cycles=366625 mismatch=0 overrun=0
-- tick=2934000 -- motion: cycles=2934000 mismatch=0 overrun=0 | io: cycles=366750 mismatch=0 overrun=0
-- tick=2935000 -- motion: cycles=2935000 mismatch=0 overrun=0 | io: cycles=366875 mismatch=0 overrun=0
-- tick=2936000 -- motion: cycles=2936000 mismatch=0 overrun=0 | io: cycles=367000 mismatch=0 overrun=0
-- tick=2937000 -- motion: cycles=2937000 mismatch=0 overrun=0 | io: cycles=367125 mismatch=0 overrun=0
-- tick=2938000 -- motion: cycles=2938000 mismatch=0 overrun=0 | io: cycles=367250 mismatch=0 overrun=0
-- tick=2939000 -- motion: cycles=2939000 mismatch=0 overrun=0 | io: cycles=367375 mismatch=0 overrun=0
-- tick=2940000 -- motion: cycles=2940000 mismatch=0 overrun=0 | io: cycles=367500 mismatch=0 overrun=0
-- tick=2941000 -- motion: cycles=2941000 mismatch=0 overrun=0 | io: cycles=367625 mismatch=0 overrun=0
-- tick=2942000 -- motion: cycles=2942000 mismatch=0 overrun=0 | io: cycles=367750 mismatch=0 overrun=0
-- tick=2943000 -- motion: cycles=2943000 mismatch=0 overrun=0 | io: cycles=367875 mismatch=0 overrun=0
-- tick=2944000 -- motion: cycles=2944000 mismatch=0 overrun=0 | io: cycles=368000 mismatch=0 overrun=0
-- tick=2945000 -- motion: cycles=2945000 mismatch=0 overrun=0 | io: cycles=368125 mismatch=0 overrun=0
-- tick=2946000 -- motion: cycles=2946000 mismatch=0 overrun=0 | io: cycles=368250 mismatch=0 overrun=0
-- tick=2947000 -- motion: cycles=2947000 mismatch=0 overrun=0 | io: cycles=368375 mismatch=0 overrun=0
-- tick=2948000 -- motion: cycles=2948000 mismatch=0 overrun=0 | io: cycles=368500 mismatch=0 overrun=0
-- tick=2949000 -- motion: cycles=2949000 mismatch=0 overrun=0 | io: cycles=368625 mismatch=0 overrun=0
-- tick=2950000 -- motion: cycles=2950000 mismatch=0 overrun=0 | io: cycles=368750 mismatch=0 overrun=0
-- tick=2951000 -- motion: cycles=2951000 mismatch=0 overrun=0 | io: cycles=368875 mismatch=0 overrun=0
-- tick=2952000 -- motion: cycles=2952000 mismatch=0 overrun=0 | io: cycles=369000 mismatch=0 overrun=0
-- tick=2953000 -- motion: cycles=2953000 mismatch=0 overrun=0 | io: cycles=369125 mismatch=0 overrun=0
-- tick=2954000 -- motion: cycles=2954000 mismatch=0 overrun=0 | io: cycles=369250 mismatch=0 overrun=0
-- tick=2955000 -- motion: cycles=2955000 mismatch=0 overrun=0 | io: cycles=369375 mismatch=0 overrun=0
-- tick=2956000 -- motion: cycles=2956000 mismatch=0 overrun=0 | io: cycles=369500 mismatch=0 overrun=0
-- tick=2957000 -- motion: cycles=2957000 mismatch=0 overrun=0 | io: cycles=369625 mismatch=0 overrun=0
-- tick=2958000 -- motion: cycles=2958000 mismatch=0 overrun=0 | io: cycles=369750 mismatch=0 overrun=0
-- tick=2959000 -- motion: cycles=2959000 mismatch=0 overrun=0 | io: cycles=369875 mismatch=0 overrun=0
-- tick=2960000 -- motion: cycles=2960000 mismatch=0 overrun=0 | io: cycles=370000 mismatch=0 overrun=0
-- tick=2961000 -- motion: cycles=2961000 mismatch=0 overrun=0 | io: cycles=370125 mismatch=0 overrun=0
-- tick=2962000 -- motion: cycles=2962000 mismatch=0 overrun=0 | io: cycles=370250 mismatch=0 overrun=0
-- tick=2963000 -- motion: cycles=2963000 mismatch=0 overrun=0 | io: cycles=370375 mismatch=0 overrun=0
-- tick=2964000 -- motion: cycles=2964000 mismatch=0 overrun=0 | io: cycles=370500 mismatch=0 overrun=0
-- tick=2965000 -- motion: cycles=2965000 mismatch=0 overrun=0 | io: cycles=370625 mismatch=0 overrun=0
-- tick=2966000 -- motion: cycles=2966000 mismatch=0 overrun=0 | io: cycles=370750 mismatch=0 overrun=0
-- tick=2967000 -- motion: cycles=2967000 mismatch=0 overrun=0 | io: cycles=370875 mismatch=0 overrun=0
-- tick=2968000 -- motion: cycles=2968000 mismatch=0 overrun=0 | io: cycles=371000 mismatch=0 overrun=0
-- tick=2969000 -- motion: cycles=2969000 mismatch=0 overrun=0 | io: cycles=371125 mismatch=0 overrun=0
-- tick=2970000 -- motion: cycles=2970000 mismatch=0 overrun=0 | io: cycles=371250 mismatch=0 overrun=0
-- tick=2971000 -- motion: cycles=2971000 mismatch=0 overrun=0 | io: cycles=371375 mismatch=0 overrun=0
-- tick=2972000 -- motion: cycles=2972000 mismatch=0 overrun=0 | io: cycles=371500 mismatch=0 overrun=0
-- tick=2973000 -- motion: cycles=2973000 mismatch=0 overrun=0 | io: cycles=371625 mismatch=0 overrun=0
-- tick=2974000 -- motion: cycles=2974000 mismatch=0 overrun=0 | io: cycles=371750 mismatch=0 overrun=0
-- tick=2975000 -- motion: cycles=2975000 mismatch=0 overrun=0 | io: cycles=371875 mismatch=0 overrun=0
-- tick=2976000 -- motion: cycles=2976000 mismatch=0 overrun=0 | io: cycles=372000 mismatch=0 overrun=0
-- tick=2977000 -- motion: cycles=2977000 mismatch=0 overrun=0 | io: cycles=372125 mismatch=0 overrun=0
-- tick=2978000 -- motion: cycles=2978000 mismatch=0 overrun=0 | io: cycles=372250 mismatch=0 overrun=0
-- tick=2979000 -- motion: cycles=2979000 mismatch=0 overrun=0 | io: cycles=372375 mismatch=0 overrun=0
-- tick=2980000 -- motion: cycles=2980000 mismatch=0 overrun=0 | io: cycles=372500 mismatch=0 overrun=0
-- tick=2981000 -- motion: cycles=2981000 mismatch=0 overrun=0 | io: cycles=372625 mismatch=0 overrun=0
-- tick=2982000 -- motion: cycles=2982000 mismatch=0 overrun=0 | io: cycles=372750 mismatch=0 overrun=0
-- tick=2983000 -- motion: cycles=2983000 mismatch=0 overrun=0 | io: cycles=372875 mismatch=0 overrun=0
-- tick=2984000 -- motion: cycles=2984000 mismatch=0 overrun=0 | io: cycles=373000 mismatch=0 overrun=0
-- tick=2985000 -- motion: cycles=2985000 mismatch=0 overrun=0 | io: cycles=373125 mismatch=0 overrun=0
-- tick=2986000 -- motion: cycles=2986000 mismatch=0 overrun=0 | io: cycles=373250 mismatch=0 overrun=0
-- tick=2987000 -- motion: cycles=2987000 mismatch=0 overrun=0 | io: cycles=373375 mismatch=0 overrun=0
-- tick=2988000 -- motion: cycles=2988000 mismatch=0 overrun=0 | io: cycles=373500 mismatch=0 overrun=0
-- tick=2989000 -- motion: cycles=2989000 mismatch=0 overrun=0 | io: cycles=373625 mismatch=0 overrun=0
-- tick=2990000 -- motion: cycles=2990000 mismatch=0 overrun=0 | io: cycles=373750 mismatch=0 overrun=0
-- tick=2991000 -- motion: cycles=2991000 mismatch=0 overrun=0 | io: cycles=373875 mismatch=0 overrun=0
-- tick=2992000 -- motion: cycles=2992000 mismatch=0 overrun=0 | io: cycles=374000 mismatch=0 overrun=0
-- tick=2993000 -- motion: cycles=2993000 mismatch=0 overrun=0 | io: cycles=374125 mismatch=0 overrun=0
-- tick=2994000 -- motion: cycles=2994000 mismatch=0 overrun=0 | io: cycles=374250 mismatch=0 overrun=0
-- tick=2995000 -- motion: cycles=2995000 mismatch=0 overrun=0 | io: cycles=374375 mismatch=0 overrun=0
-- tick=2996000 -- motion: cycles=2996000 mismatch=0 overrun=0 | io: cycles=374500 mismatch=0 overrun=0
-- tick=2997000 -- motion: cycles=2997000 mismatch=0 overrun=0 | io: cycles=374625 mismatch=0 overrun=0
-- tick=2998000 -- motion: cycles=2998000 mismatch=0 overrun=0 | io: cycles=374750 mismatch=0 overrun=0
-- tick=2999000 -- motion: cycles=2999000 mismatch=0 overrun=0 | io: cycles=374875 mismatch=0 overrun=0
-- tick=3000000 -- motion: cycles=3000000 mismatch=0 overrun=0 | io: cycles=375000 mismatch=0 overrun=0
-- tick=3001000 -- motion: cycles=3001000 mismatch=0 overrun=0 | io: cycles=375125 mismatch=0 overrun=0
-- tick=3002000 -- motion: cycles=3002000 mismatch=0 overrun=0 | io: cycles=375250 mismatch=0 overrun=0
-- tick=3003000 -- motion: cycles=3003000 mismatch=0 overrun=0 | io: cycles=375375 mismatch=0 overrun=0
-- tick=3004000 -- motion: cycles=3004000 mismatch=0 overrun=0 | io: cycles=375500 mismatch=0 overrun=0
-- tick=3005000 -- motion: cycles=3005000 mismatch=0 overrun=0 | io: cycles=375625 mismatch=0 overrun=0
-- tick=3006000 -- motion: cycles=3006000 mismatch=0 overrun=0 | io: cycles=375750 mismatch=0 overrun=0
-- tick=3007000 -- motion: cycles=3007000 mismatch=0 overrun=0 | io: cycles=375875 mismatch=0 overrun=0
-- tick=3008000 -- motion: cycles=3008000 mismatch=0 overrun=0 | io: cycles=376000 mismatch=0 overrun=0
-- tick=3009000 -- motion: cycles=3009000 mismatch=0 overrun=0 | io: cycles=376125 mismatch=0 overrun=0
-- tick=3010000 -- motion: cycles=3010000 mismatch=0 overrun=0 | io: cycles=376250 mismatch=0 overrun=0
-- tick=3011000 -- motion: cycles=3011000 mismatch=0 overrun=0 | io: cycles=376375 mismatch=0 overrun=0
-- tick=3012000 -- motion: cycles=3012000 mismatch=0 overrun=0 | io: cycles=376500 mismatch=0 overrun=0
-- tick=3013000 -- motion: cycles=3013000 mismatch=0 overrun=0 | io: cycles=376625 mismatch=0 overrun=0
-- tick=3014000 -- motion: cycles=3014000 mismatch=0 overrun=0 | io: cycles=376750 mismatch=0 overrun=0
-- tick=3015000 -- motion: cycles=3015000 mismatch=0 overrun=0 | io: cycles=376875 mismatch=0 overrun=0
-- tick=3016000 -- motion: cycles=3016000 mismatch=0 overrun=0 | io: cycles=377000 mismatch=0 overrun=0
-- tick=3017000 -- motion: cycles=3017000 mismatch=0 overrun=0 | io: cycles=377125 mismatch=0 overrun=0
-- tick=3018000 -- motion: cycles=3018000 mismatch=0 overrun=0 | io: cycles=377250 mismatch=0 overrun=0
-- tick=3019000 -- motion: cycles=3019000 mismatch=0 overrun=0 | io: cycles=377375 mismatch=0 overrun=0
-- tick=3020000 -- motion: cycles=3020000 mismatch=0 overrun=0 | io: cycles=377500 mismatch=0 overrun=0
-- tick=3021000 -- motion: cycles=3021000 mismatch=0 overrun=0 | io: cycles=377625 mismatch=0 overrun=0
-- tick=3022000 -- motion: cycles=3022000 mismatch=0 overrun=0 | io: cycles=377750 mismatch=0 overrun=0
-- tick=3023000 -- motion: cycles=3023000 mismatch=0 overrun=0 | io: cycles=377875 mismatch=0 overrun=0
-- tick=3024000 -- motion: cycles=3024000 mismatch=0 overrun=0 | io: cycles=378000 mismatch=0 overrun=0
-- tick=3025000 -- motion: cycles=3025000 mismatch=0 overrun=0 | io: cycles=378125 mismatch=0 overrun=0
-- tick=3026000 -- motion: cycles=3026000 mismatch=0 overrun=0 | io: cycles=378250 mismatch=0 overrun=0
-- tick=3027000 -- motion: cycles=3027000 mismatch=0 overrun=0 | io: cycles=378375 mismatch=0 overrun=0
-- tick=3028000 -- motion: cycles=3028000 mismatch=0 overrun=0 | io: cycles=378500 mismatch=0 overrun=0
-- tick=3029000 -- motion: cycles=3029000 mismatch=0 overrun=0 | io: cycles=378625 mismatch=0 overrun=0
-- tick=3030000 -- motion: cycles=3030000 mismatch=0 overrun=0 | io: cycles=378750 mismatch=0 overrun=0
-- tick=3031000 -- motion: cycles=3031000 mismatch=0 overrun=0 | io: cycles=378875 mismatch=0 overrun=0
-- tick=3032000 -- motion: cycles=3032000 mismatch=0 overrun=0 | io: cycles=379000 mismatch=0 overrun=0
-- tick=3033000 -- motion: cycles=3033000 mismatch=0 overrun=0 | io: cycles=379125 mismatch=0 overrun=0
-- tick=3034000 -- motion: cycles=3034000 mismatch=0 overrun=0 | io: cycles=379250 mismatch=0 overrun=0
-- tick=3035000 -- motion: cycles=3035000 mismatch=0 overrun=0 | io: cycles=379375 mismatch=0 overrun=0
-- tick=3036000 -- motion: cycles=3036000 mismatch=0 overrun=0 | io: cycles=379500 mismatch=0 overrun=0
-- tick=3037000 -- motion: cycles=3037000 mismatch=0 overrun=0 | io: cycles=379625 mismatch=0 overrun=0
-- tick=3038000 -- motion: cycles=3038000 mismatch=0 overrun=0 | io: cycles=379750 mismatch=0 overrun=0
-- tick=3039000 -- motion: cycles=3039000 mismatch=0 overrun=0 | io: cycles=379875 mismatch=0 overrun=0
-- tick=3040000 -- motion: cycles=3040000 mismatch=0 overrun=0 | io: cycles=380000 mismatch=0 overrun=0
-- tick=3041000 -- motion: cycles=3041000 mismatch=0 overrun=0 | io: cycles=380125 mismatch=0 overrun=0
-- tick=3042000 -- motion: cycles=3042000 mismatch=0 overrun=0 | io: cycles=380250 mismatch=0 overrun=0
-- tick=3043000 -- motion: cycles=3043000 mismatch=0 overrun=0 | io: cycles=380375 mismatch=0 overrun=0
-- tick=3044000 -- motion: cycles=3044000 mismatch=0 overrun=0 | io: cycles=380500 mismatch=0 overrun=0
-- tick=3045000 -- motion: cycles=3045000 mismatch=0 overrun=0 | io: cycles=380625 mismatch=0 overrun=0
-- tick=3046000 -- motion: cycles=3046000 mismatch=0 overrun=0 | io: cycles=380750 mismatch=0 overrun=0
-- tick=3047000 -- motion: cycles=3047000 mismatch=0 overrun=0 | io: cycles=380875 mismatch=0 overrun=0
-- tick=3048000 -- motion: cycles=3048000 mismatch=0 overrun=0 | io: cycles=381000 mismatch=0 overrun=0
-- tick=3049000 -- motion: cycles=3049000 mismatch=0 overrun=0 | io: cycles=381125 mismatch=0 overrun=0
-- tick=3050000 -- motion: cycles=3050000 mismatch=0 overrun=0 | io: cycles=381250 mismatch=0 overrun=0
-- tick=3051000 -- motion: cycles=3051000 mismatch=0 overrun=0 | io: cycles=381375 mismatch=0 overrun=0
-- tick=3052000 -- motion: cycles=3052000 mismatch=0 overrun=0 | io: cycles=381500 mismatch=0 overrun=0
-- tick=3053000 -- motion: cycles=3053000 mismatch=0 overrun=0 | io: cycles=381625 mismatch=0 overrun=0
-- tick=3054000 -- motion: cycles=3054000 mismatch=0 overrun=0 | io: cycles=381750 mismatch=0 overrun=0
-- tick=3055000 -- motion: cycles=3055000 mismatch=0 overrun=0 | io: cycles=381875 mismatch=0 overrun=0
-- tick=3056000 -- motion: cycles=3056000 mismatch=0 overrun=0 | io: cycles=382000 mismatch=0 overrun=0
-- tick=3057000 -- motion: cycles=3057000 mismatch=0 overrun=0 | io: cycles=382125 mismatch=0 overrun=0
-- tick=3058000 -- motion: cycles=3058000 mismatch=0 overrun=0 | io: cycles=382250 mismatch=0 overrun=0
-- tick=3059000 -- motion: cycles=3059000 mismatch=0 overrun=0 | io: cycles=382375 mismatch=0 overrun=0
-- tick=3060000 -- motion: cycles=3060000 mismatch=0 overrun=0 | io: cycles=382500 mismatch=0 overrun=0
-- tick=3061000 -- motion: cycles=3061000 mismatch=0 overrun=0 | io: cycles=382625 mismatch=0 overrun=0
-- tick=3062000 -- motion: cycles=3062000 mismatch=0 overrun=0 | io: cycles=382750 mismatch=0 overrun=0
-- tick=3063000 -- motion: cycles=3063000 mismatch=0 overrun=0 | io: cycles=382875 mismatch=0 overrun=0
-- tick=3064000 -- motion: cycles=3064000 mismatch=0 overrun=0 | io: cycles=383000 mismatch=0 overrun=0
-- tick=3065000 -- motion: cycles=3065000 mismatch=0 overrun=0 | io: cycles=383125 mismatch=0 overrun=0
-- tick=3066000 -- motion: cycles=3066000 mismatch=0 overrun=0 | io: cycles=383250 mismatch=0 overrun=0
-- tick=3067000 -- motion: cycles=3067000 mismatch=0 overrun=0 | io: cycles=383375 mismatch=0 overrun=0
-- tick=3068000 -- motion: cycles=3068000 mismatch=0 overrun=0 | io: cycles=383500 mismatch=0 overrun=0
-- tick=3069000 -- motion: cycles=3069000 mismatch=0 overrun=0 | io: cycles=383625 mismatch=0 overrun=0
-- tick=3070000 -- motion: cycles=3070000 mismatch=0 overrun=0 | io: cycles=383750 mismatch=0 overrun=0
-- tick=3071000 -- motion: cycles=3071000 mismatch=0 overrun=0 | io: cycles=383875 mismatch=0 overrun=0
-- tick=3072000 -- motion: cycles=3072000 mismatch=0 overrun=0 | io: cycles=384000 mismatch=0 overrun=0
-- tick=3073000 -- motion: cycles=3073000 mismatch=0 overrun=0 | io: cycles=384125 mismatch=0 overrun=0
-- tick=3074000 -- motion: cycles=3074000 mismatch=0 overrun=0 | io: cycles=384250 mismatch=0 overrun=0
-- tick=3075000 -- motion: cycles=3075000 mismatch=0 overrun=0 | io: cycles=384375 mismatch=0 overrun=0
-- tick=3076000 -- motion: cycles=3076000 mismatch=0 overrun=0 | io: cycles=384500 mismatch=0 overrun=0
-- tick=3077000 -- motion: cycles=3077000 mismatch=0 overrun=0 | io: cycles=384625 mismatch=0 overrun=0
-- tick=3078000 -- motion: cycles=3078000 mismatch=0 overrun=0 | io: cycles=384750 mismatch=0 overrun=0
-- tick=3079000 -- motion: cycles=3079000 mismatch=0 overrun=0 | io: cycles=384875 mismatch=0 overrun=0
-- tick=3080000 -- motion: cycles=3080000 mismatch=0 overrun=0 | io: cycles=385000 mismatch=0 overrun=0
-- tick=3081000 -- motion: cycles=3081000 mismatch=0 overrun=0 | io: cycles=385125 mismatch=0 overrun=0
-- tick=3082000 -- motion: cycles=3082000 mismatch=0 overrun=0 | io: cycles=385250 mismatch=0 overrun=0
-- tick=3083000 -- motion: cycles=3083000 mismatch=0 overrun=0 | io: cycles=385375 mismatch=0 overrun=0
-- tick=3084000 -- motion: cycles=3084000 mismatch=0 overrun=0 | io: cycles=385500 mismatch=0 overrun=0
-- tick=3085000 -- motion: cycles=3085000 mismatch=0 overrun=0 | io: cycles=385625 mismatch=0 overrun=0
-- tick=3086000 -- motion: cycles=3086000 mismatch=0 overrun=0 | io: cycles=385750 mismatch=0 overrun=0
-- tick=3087000 -- motion: cycles=3087000 mismatch=0 overrun=0 | io: cycles=385875 mismatch=0 overrun=0
-- tick=3088000 -- motion: cycles=3088000 mismatch=0 overrun=0 | io: cycles=386000 mismatch=0 overrun=0
-- tick=3089000 -- motion: cycles=3089000 mismatch=0 overrun=0 | io: cycles=386125 mismatch=0 overrun=0
-- tick=3090000 -- motion: cycles=3090000 mismatch=0 overrun=0 | io: cycles=386250 mismatch=0 overrun=0
-- tick=3091000 -- motion: cycles=3091000 mismatch=0 overrun=0 | io: cycles=386375 mismatch=0 overrun=0
-- tick=3092000 -- motion: cycles=3092000 mismatch=0 overrun=0 | io: cycles=386500 mismatch=0 overrun=0
-- tick=3093000 -- motion: cycles=3093000 mismatch=0 overrun=0 | io: cycles=386625 mismatch=0 overrun=0
-- tick=3094000 -- motion: cycles=3094000 mismatch=0 overrun=0 | io: cycles=386750 mismatch=0 overrun=0
-- tick=3095000 -- motion: cycles=3095000 mismatch=0 overrun=0 | io: cycles=386875 mismatch=0 overrun=0
-- tick=3096000 -- motion: cycles=3096000 mismatch=0 overrun=0 | io: cycles=387000 mismatch=0 overrun=0
-- tick=3097000 -- motion: cycles=3097000 mismatch=0 overrun=0 | io: cycles=387125 mismatch=0 overrun=0
-- tick=3098000 -- motion: cycles=3098000 mismatch=0 overrun=0 | io: cycles=387250 mismatch=0 overrun=0
-- tick=3099000 -- motion: cycles=3099000 mismatch=0 overrun=0 | io: cycles=387375 mismatch=0 overrun=0
-- tick=3100000 -- motion: cycles=3100000 mismatch=0 overrun=0 | io: cycles=387500 mismatch=0 overrun=0
-- tick=3101000 -- motion: cycles=3101000 mismatch=0 overrun=0 | io: cycles=387625 mismatch=0 overrun=0
-- tick=3102000 -- motion: cycles=3102000 mismatch=0 overrun=0 | io: cycles=387750 mismatch=0 overrun=0
-- tick=3103000 -- motion: cycles=3103000 mismatch=0 overrun=0 | io: cycles=387875 mismatch=0 overrun=0
-- tick=3104000 -- motion: cycles=3104000 mismatch=0 overrun=0 | io: cycles=388000 mismatch=0 overrun=0
-- tick=3105000 -- motion: cycles=3105000 mismatch=0 overrun=0 | io: cycles=388125 mismatch=0 overrun=0
-- tick=3106000 -- motion: cycles=3106000 mismatch=0 overrun=0 | io: cycles=388250 mismatch=0 overrun=0
-- tick=3107000 -- motion: cycles=3107000 mismatch=0 overrun=0 | io: cycles=388375 mismatch=0 overrun=0
-- tick=3108000 -- motion: cycles=3108000 mismatch=0 overrun=0 | io: cycles=388500 mismatch=0 overrun=0
-- tick=3109000 -- motion: cycles=3109000 mismatch=0 overrun=0 | io: cycles=388625 mismatch=0 overrun=0
-- tick=3110000 -- motion: cycles=3110000 mismatch=0 overrun=0 | io: cycles=388750 mismatch=0 overrun=0
-- tick=3111000 -- motion: cycles=3111000 mismatch=0 overrun=0 | io: cycles=388875 mismatch=0 overrun=0
-- tick=3112000 -- motion: cycles=3112000 mismatch=0 overrun=0 | io: cycles=389000 mismatch=0 overrun=0
-- tick=3113000 -- motion: cycles=3113000 mismatch=0 overrun=0 | io: cycles=389125 mismatch=0 overrun=0
-- tick=3114000 -- motion: cycles=3114000 mismatch=0 overrun=0 | io: cycles=389250 mismatch=0 overrun=0
-- tick=3115000 -- motion: cycles=3115000 mismatch=0 overrun=0 | io: cycles=389375 mismatch=0 overrun=0
-- tick=3116000 -- motion: cycles=3116000 mismatch=0 overrun=0 | io: cycles=389500 mismatch=0 overrun=0
-- tick=3117000 -- motion: cycles=3117000 mismatch=0 overrun=0 | io: cycles=389625 mismatch=0 overrun=0
-- tick=3118000 -- motion: cycles=3118000 mismatch=0 overrun=0 | io: cycles=389750 mismatch=0 overrun=0
-- tick=3119000 -- motion: cycles=3119000 mismatch=0 overrun=0 | io: cycles=389875 mismatch=0 overrun=0
-- tick=3120000 -- motion: cycles=3120000 mismatch=0 overrun=0 | io: cycles=390000 mismatch=0 overrun=0
-- tick=3121000 -- motion: cycles=3121000 mismatch=0 overrun=0 | io: cycles=390125 mismatch=0 overrun=0
-- tick=3122000 -- motion: cycles=3122000 mismatch=0 overrun=0 | io: cycles=390250 mismatch=0 overrun=0
-- tick=3123000 -- motion: cycles=3123000 mismatch=0 overrun=0 | io: cycles=390375 mismatch=0 overrun=0
-- tick=3124000 -- motion: cycles=3124000 mismatch=0 overrun=0 | io: cycles=390500 mismatch=0 overrun=0
-- tick=3125000 -- motion: cycles=3125000 mismatch=0 overrun=0 | io: cycles=390625 mismatch=0 overrun=0
-- tick=3126000 -- motion: cycles=3126000 mismatch=0 overrun=0 | io: cycles=390750 mismatch=0 overrun=0
-- tick=3127000 -- motion: cycles=3127000 mismatch=0 overrun=0 | io: cycles=390875 mismatch=0 overrun=0
-- tick=3128000 -- motion: cycles=3128000 mismatch=0 overrun=0 | io: cycles=391000 mismatch=0 overrun=0
-- tick=3129000 -- motion: cycles=3129000 mismatch=0 overrun=0 | io: cycles=391125 mismatch=0 overrun=0
-- tick=3130000 -- motion: cycles=3130000 mismatch=0 overrun=0 | io: cycles=391250 mismatch=0 overrun=0
-- tick=3131000 -- motion: cycles=3131000 mismatch=0 overrun=0 | io: cycles=391375 mismatch=0 overrun=0
-- tick=3132000 -- motion: cycles=3132000 mismatch=0 overrun=0 | io: cycles=391500 mismatch=0 overrun=0
-- tick=3133000 -- motion: cycles=3133000 mismatch=0 overrun=0 | io: cycles=391625 mismatch=0 overrun=0
-- tick=3134000 -- motion: cycles=3134000 mismatch=0 overrun=0 | io: cycles=391750 mismatch=0 overrun=0
-- tick=3135000 -- motion: cycles=3135000 mismatch=0 overrun=0 | io: cycles=391875 mismatch=0 overrun=0
-- tick=3136000 -- motion: cycles=3136000 mismatch=0 overrun=0 | io: cycles=392000 mismatch=0 overrun=0
-- tick=3137000 -- motion: cycles=3137000 mismatch=0 overrun=0 | io: cycles=392125 mismatch=0 overrun=0
-- tick=3138000 -- motion: cycles=3138000 mismatch=0 overrun=0 | io: cycles=392250 mismatch=0 overrun=0
-- tick=3139000 -- motion: cycles=3139000 mismatch=0 overrun=0 | io: cycles=392375 mismatch=0 overrun=0
-- tick=3140000 -- motion: cycles=3140000 mismatch=0 overrun=0 | io: cycles=392500 mismatch=0 overrun=0
-- tick=3141000 -- motion: cycles=3141000 mismatch=0 overrun=0 | io: cycles=392625 mismatch=0 overrun=0
-- tick=3142000 -- motion: cycles=3142000 mismatch=0 overrun=0 | io: cycles=392750 mismatch=0 overrun=0
-- tick=3143000 -- motion: cycles=3143000 mismatch=0 overrun=0 | io: cycles=392875 mismatch=0 overrun=0
-- tick=3144000 -- motion: cycles=3144000 mismatch=0 overrun=0 | io: cycles=393000 mismatch=0 overrun=0
-- tick=3145000 -- motion: cycles=3145000 mismatch=0 overrun=0 | io: cycles=393125 mismatch=0 overrun=0
-- tick=3146000 -- motion: cycles=3146000 mismatch=0 overrun=0 | io: cycles=393250 mismatch=0 overrun=0
-- tick=3147000 -- motion: cycles=3147000 mismatch=0 overrun=0 | io: cycles=393375 mismatch=0 overrun=0
-- tick=3148000 -- motion: cycles=3148000 mismatch=0 overrun=0 | io: cycles=393500 mismatch=0 overrun=0
-- tick=3149000 -- motion: cycles=3149000 mismatch=0 overrun=0 | io: cycles=393625 mismatch=0 overrun=0
-- tick=3150000 -- motion: cycles=3150000 mismatch=0 overrun=0 | io: cycles=393750 mismatch=0 overrun=0
-- tick=3151000 -- motion: cycles=3151000 mismatch=0 overrun=0 | io: cycles=393875 mismatch=0 overrun=0
-- tick=3152000 -- motion: cycles=3152000 mismatch=0 overrun=0 | io: cycles=394000 mismatch=0 overrun=0
-- tick=3153000 -- motion: cycles=3153000 mismatch=0 overrun=0 | io: cycles=394125 mismatch=0 overrun=0
-- tick=3154000 -- motion: cycles=3154000 mismatch=0 overrun=0 | io: cycles=394250 mismatch=0 overrun=0
-- tick=3155000 -- motion: cycles=3155000 mismatch=0 overrun=0 | io: cycles=394375 mismatch=0 overrun=0
-- tick=3156000 -- motion: cycles=3156000 mismatch=0 overrun=0 | io: cycles=394500 mismatch=0 overrun=0
-- tick=3157000 -- motion: cycles=3157000 mismatch=0 overrun=0 | io: cycles=394625 mismatch=0 overrun=0
-- tick=3158000 -- motion: cycles=3158000 mismatch=0 overrun=0 | io: cycles=394750 mismatch=0 overrun=0
-- tick=3159000 -- motion: cycles=3159000 mismatch=0 overrun=0 | io: cycles=394875 mismatch=0 overrun=0
-- tick=3160000 -- motion: cycles=3160000 mismatch=0 overrun=0 | io: cycles=395000 mismatch=0 overrun=0
-- tick=3161000 -- motion: cycles=3161000 mismatch=0 overrun=0 | io: cycles=395125 mismatch=0 overrun=0
-- tick=3162000 -- motion: cycles=3162000 mismatch=0 overrun=0 | io: cycles=395250 mismatch=0 overrun=0
-- tick=3163000 -- motion: cycles=3163000 mismatch=0 overrun=0 | io: cycles=395375 mismatch=0 overrun=0
-- tick=3164000 -- motion: cycles=3164000 mismatch=0 overrun=0 | io: cycles=395500 mismatch=0 overrun=0
-- tick=3165000 -- motion: cycles=3165000 mismatch=0 overrun=0 | io: cycles=395625 mismatch=0 overrun=0
-- tick=3166000 -- motion: cycles=3166000 mismatch=0 overrun=0 | io: cycles=395750 mismatch=0 overrun=0
-- tick=3167000 -- motion: cycles=3167000 mismatch=0 overrun=0 | io: cycles=395875 mismatch=0 overrun=0
-- tick=3168000 -- motion: cycles=3168000 mismatch=0 overrun=0 | io: cycles=396000 mismatch=0 overrun=0
-- tick=3169000 -- motion: cycles=3169000 mismatch=0 overrun=0 | io: cycles=396125 mismatch=0 overrun=0
-- tick=3170000 -- motion: cycles=3170000 mismatch=0 overrun=0 | io: cycles=396250 mismatch=0 overrun=0
-- tick=3171000 -- motion: cycles=3171000 mismatch=0 overrun=0 | io: cycles=396375 mismatch=0 overrun=0
-- tick=3172000 -- motion: cycles=3172000 mismatch=0 overrun=0 | io: cycles=396500 mismatch=0 overrun=0
-- tick=3173000 -- motion: cycles=3173000 mismatch=0 overrun=0 | io: cycles=396625 mismatch=0 overrun=0
-- tick=3174000 -- motion: cycles=3174000 mismatch=0 overrun=0 | io: cycles=396750 mismatch=0 overrun=0
-- tick=3175000 -- motion: cycles=3175000 mismatch=0 overrun=0 | io: cycles=396875 mismatch=0 overrun=0
-- tick=3176000 -- motion: cycles=3176000 mismatch=0 overrun=0 | io: cycles=397000 mismatch=0 overrun=0
-- tick=3177000 -- motion: cycles=3177000 mismatch=0 overrun=0 | io: cycles=397125 mismatch=0 overrun=0
-- tick=3178000 -- motion: cycles=3178000 mismatch=0 overrun=0 | io: cycles=397250 mismatch=0 overrun=0
-- tick=3179000 -- motion: cycles=3179000 mismatch=0 overrun=0 | io: cycles=397375 mismatch=0 overrun=0
-- tick=3180000 -- motion: cycles=3180000 mismatch=0 overrun=0 | io: cycles=397500 mismatch=0 overrun=0
-- tick=3181000 -- motion: cycles=3181000 mismatch=0 overrun=0 | io: cycles=397625 mismatch=0 overrun=0
-- tick=3182000 -- motion: cycles=3182000 mismatch=0 overrun=0 | io: cycles=397750 mismatch=0 overrun=0
-- tick=3183000 -- motion: cycles=3183000 mismatch=0 overrun=0 | io: cycles=397875 mismatch=0 overrun=0
-- tick=3184000 -- motion: cycles=3184000 mismatch=0 overrun=0 | io: cycles=398000 mismatch=0 overrun=0
-- tick=3185000 -- motion: cycles=3185000 mismatch=0 overrun=0 | io: cycles=398125 mismatch=0 overrun=0
-- tick=3186000 -- motion: cycles=3186000 mismatch=0 overrun=0 | io: cycles=398250 mismatch=0 overrun=0
-- tick=3187000 -- motion: cycles=3187000 mismatch=0 overrun=0 | io: cycles=398375 mismatch=0 overrun=0
-- tick=3188000 -- motion: cycles=3188000 mismatch=0 overrun=0 | io: cycles=398500 mismatch=0 overrun=0
-- tick=3189000 -- motion: cycles=3189000 mismatch=0 overrun=0 | io: cycles=398625 mismatch=0 overrun=0
-- tick=3190000 -- motion: cycles=3190000 mismatch=0 overrun=0 | io: cycles=398750 mismatch=0 overrun=0
-- tick=3191000 -- motion: cycles=3191000 mismatch=0 overrun=0 | io: cycles=398875 mismatch=0 overrun=0
-- tick=3192000 -- motion: cycles=3192000 mismatch=0 overrun=0 | io: cycles=399000 mismatch=0 overrun=0
-- tick=3193000 -- motion: cycles=3193000 mismatch=0 overrun=0 | io: cycles=399125 mismatch=0 overrun=0
-- tick=3194000 -- motion: cycles=3194000 mismatch=0 overrun=0 | io: cycles=399250 mismatch=0 overrun=0
-- tick=3195000 -- motion: cycles=3195000 mismatch=0 overrun=0 | io: cycles=399375 mismatch=0 overrun=0
-- tick=3196000 -- motion: cycles=3196000 mismatch=0 overrun=0 | io: cycles=399500 mismatch=0 overrun=0
-- tick=3197000 -- motion: cycles=3197000 mismatch=0 overrun=0 | io: cycles=399625 mismatch=0 overrun=0
-- tick=3198000 -- motion: cycles=3198000 mismatch=0 overrun=0 | io: cycles=399750 mismatch=0 overrun=0
-- tick=3199000 -- motion: cycles=3199000 mismatch=0 overrun=0 | io: cycles=399875 mismatch=0 overrun=0
-- tick=3200000 -- motion: cycles=3200000 mismatch=0 overrun=0 | io: cycles=400000 mismatch=0 overrun=0
-- tick=3201000 -- motion: cycles=3201000 mismatch=0 overrun=0 | io: cycles=400125 mismatch=0 overrun=0
-- tick=3202000 -- motion: cycles=3202000 mismatch=0 overrun=0 | io: cycles=400250 mismatch=0 overrun=0
-- tick=3203000 -- motion: cycles=3203000 mismatch=0 overrun=0 | io: cycles=400375 mismatch=0 overrun=0
-- tick=3204000 -- motion: cycles=3204000 mismatch=0 overrun=0 | io: cycles=400500 mismatch=0 overrun=0
-- tick=3205000 -- motion: cycles=3205000 mismatch=0 overrun=0 | io: cycles=400625 mismatch=0 overrun=0
-- tick=3206000 -- motion: cycles=3206000 mismatch=0 overrun=0 | io: cycles=400750 mismatch=0 overrun=0
-- tick=3207000 -- motion: cycles=3207000 mismatch=0 overrun=0 | io: cycles=400875 mismatch=0 overrun=0
-- tick=3208000 -- motion: cycles=3208000 mismatch=0 overrun=0 | io: cycles=401000 mismatch=0 overrun=0
-- tick=3209000 -- motion: cycles=3209000 mismatch=0 overrun=0 | io: cycles=401125 mismatch=0 overrun=0
-- tick=3210000 -- motion: cycles=3210000 mismatch=0 overrun=0 | io: cycles=401250 mismatch=0 overrun=0
-- tick=3211000 -- motion: cycles=3211000 mismatch=0 overrun=0 | io: cycles=401375 mismatch=0 overrun=0
-- tick=3212000 -- motion: cycles=3212000 mismatch=0 overrun=0 | io: cycles=401500 mismatch=0 overrun=0
-- tick=3213000 -- motion: cycles=3213000 mismatch=0 overrun=0 | io: cycles=401625 mismatch=0 overrun=0
-- tick=3214000 -- motion: cycles=3214000 mismatch=0 overrun=0 | io: cycles=401750 mismatch=0 overrun=0
-- tick=3215000 -- motion: cycles=3215000 mismatch=0 overrun=0 | io: cycles=401875 mismatch=0 overrun=0
-- tick=3216000 -- motion: cycles=3216000 mismatch=0 overrun=0 | io: cycles=402000 mismatch=0 overrun=0
-- tick=3217000 -- motion: cycles=3217000 mismatch=0 overrun=0 | io: cycles=402125 mismatch=0 overrun=0
-- tick=3218000 -- motion: cycles=3218000 mismatch=0 overrun=0 | io: cycles=402250 mismatch=0 overrun=0
-- tick=3219000 -- motion: cycles=3219000 mismatch=0 overrun=0 | io: cycles=402375 mismatch=0 overrun=0
-- tick=3220000 -- motion: cycles=3220000 mismatch=0 overrun=0 | io: cycles=402500 mismatch=0 overrun=0
-- tick=3221000 -- motion: cycles=3221000 mismatch=0 overrun=0 | io: cycles=402625 mismatch=0 overrun=0
-- tick=3222000 -- motion: cycles=3222000 mismatch=0 overrun=0 | io: cycles=402750 mismatch=0 overrun=0
-- tick=3223000 -- motion: cycles=3223000 mismatch=0 overrun=0 | io: cycles=402875 mismatch=0 overrun=0
-- tick=3224000 -- motion: cycles=3224000 mismatch=0 overrun=0 | io: cycles=403000 mismatch=0 overrun=0
-- tick=3225000 -- motion: cycles=3225000 mismatch=0 overrun=0 | io: cycles=403125 mismatch=0 overrun=0
-- tick=3226000 -- motion: cycles=3226000 mismatch=0 overrun=0 | io: cycles=403250 mismatch=0 overrun=0
-- tick=3227000 -- motion: cycles=3227000 mismatch=0 overrun=0 | io: cycles=403375 mismatch=0 overrun=0
-- tick=3228000 -- motion: cycles=3228000 mismatch=0 overrun=0 | io: cycles=403500 mismatch=0 overrun=0
-- tick=3229000 -- motion: cycles=3229000 mismatch=0 overrun=0 | io: cycles=403625 mismatch=0 overrun=0
-- tick=3230000 -- motion: cycles=3230000 mismatch=0 overrun=0 | io: cycles=403750 mismatch=0 overrun=0
-- tick=3231000 -- motion: cycles=3231000 mismatch=0 overrun=0 | io: cycles=403875 mismatch=0 overrun=0
-- tick=3232000 -- motion: cycles=3232000 mismatch=0 overrun=0 | io: cycles=404000 mismatch=0 overrun=0
-- tick=3233000 -- motion: cycles=3233000 mismatch=0 overrun=0 | io: cycles=404125 mismatch=0 overrun=0
-- tick=3234000 -- motion: cycles=3234000 mismatch=0 overrun=0 | io: cycles=404250 mismatch=0 overrun=0
-- tick=3235000 -- motion: cycles=3235000 mismatch=0 overrun=0 | io: cycles=404375 mismatch=0 overrun=0
-- tick=3236000 -- motion: cycles=3236000 mismatch=0 overrun=0 | io: cycles=404500 mismatch=0 overrun=0
-- tick=3237000 -- motion: cycles=3237000 mismatch=0 overrun=0 | io: cycles=404625 mismatch=0 overrun=0
-- tick=3238000 -- motion: cycles=3238000 mismatch=0 overrun=0 | io: cycles=404750 mismatch=0 overrun=0
-- tick=3239000 -- motion: cycles=3239000 mismatch=0 overrun=0 | io: cycles=404875 mismatch=0 overrun=0
-- tick=3240000 -- motion: cycles=3240000 mismatch=0 overrun=0 | io: cycles=405000 mismatch=0 overrun=0
-- tick=3241000 -- motion: cycles=3241000 mismatch=0 overrun=0 | io: cycles=405125 mismatch=0 overrun=0
-- tick=3242000 -- motion: cycles=3242000 mismatch=0 overrun=0 | io: cycles=405250 mismatch=0 overrun=0
-- tick=3243000 -- motion: cycles=3243000 mismatch=0 overrun=0 | io: cycles=405375 mismatch=0 overrun=0
-- tick=3244000 -- motion: cycles=3244000 mismatch=0 overrun=0 | io: cycles=405500 mismatch=0 overrun=0
-- tick=3245000 -- motion: cycles=3245000 mismatch=0 overrun=0 | io: cycles=405625 mismatch=0 overrun=0
-- tick=3246000 -- motion: cycles=3246000 mismatch=0 overrun=0 | io: cycles=405750 mismatch=0 overrun=0
-- tick=3247000 -- motion: cycles=3247000 mismatch=0 overrun=0 | io: cycles=405875 mismatch=0 overrun=0
-- tick=3248000 -- motion: cycles=3248000 mismatch=0 overrun=0 | io: cycles=406000 mismatch=0 overrun=0
-- tick=3249000 -- motion: cycles=3249000 mismatch=0 overrun=0 | io: cycles=406125 mismatch=0 overrun=0
-- tick=3250000 -- motion: cycles=3250000 mismatch=0 overrun=0 | io: cycles=406250 mismatch=0 overrun=0
-- tick=3251000 -- motion: cycles=3251000 mismatch=0 overrun=0 | io: cycles=406375 mismatch=0 overrun=0
-- tick=3252000 -- motion: cycles=3252000 mismatch=0 overrun=0 | io: cycles=406500 mismatch=0 overrun=0
-- tick=3253000 -- motion: cycles=3253000 mismatch=0 overrun=0 | io: cycles=406625 mismatch=0 overrun=0
-- tick=3254000 -- motion: cycles=3254000 mismatch=0 overrun=0 | io: cycles=406750 mismatch=0 overrun=0
-- tick=3255000 -- motion: cycles=3255000 mismatch=0 overrun=0 | io: cycles=406875 mismatch=0 overrun=0
-- tick=3256000 -- motion: cycles=3256000 mismatch=0 overrun=0 | io: cycles=407000 mismatch=0 overrun=0
-- tick=3257000 -- motion: cycles=3257000 mismatch=0 overrun=0 | io: cycles=407125 mismatch=0 overrun=0
-- tick=3258000 -- motion: cycles=3258000 mismatch=0 overrun=0 | io: cycles=407250 mismatch=0 overrun=0
-- tick=3259000 -- motion: cycles=3259000 mismatch=0 overrun=0 | io: cycles=407375 mismatch=0 overrun=0
-- tick=3260000 -- motion: cycles=3260000 mismatch=0 overrun=0 | io: cycles=407500 mismatch=0 overrun=0
-- tick=3261000 -- motion: cycles=3261000 mismatch=0 overrun=0 | io: cycles=407625 mismatch=0 overrun=0
-- tick=3262000 -- motion: cycles=3262000 mismatch=0 overrun=0 | io: cycles=407750 mismatch=0 overrun=0
-- tick=3263000 -- motion: cycles=3263000 mismatch=0 overrun=0 | io: cycles=407875 mismatch=0 overrun=0
-- tick=3264000 -- motion: cycles=3264000 mismatch=0 overrun=0 | io: cycles=408000 mismatch=0 overrun=0
-- tick=3265000 -- motion: cycles=3265000 mismatch=0 overrun=0 | io: cycles=408125 mismatch=0 overrun=0
-- tick=3266000 -- motion: cycles=3266000 mismatch=0 overrun=0 | io: cycles=408250 mismatch=0 overrun=0
-- tick=3267000 -- motion: cycles=3267000 mismatch=0 overrun=0 | io: cycles=408375 mismatch=0 overrun=0
-- tick=3268000 -- motion: cycles=3268000 mismatch=0 overrun=0 | io: cycles=408500 mismatch=0 overrun=0
-- tick=3269000 -- motion: cycles=3269000 mismatch=0 overrun=0 | io: cycles=408625 mismatch=0 overrun=0
-- tick=3270000 -- motion: cycles=3270000 mismatch=0 overrun=0 | io: cycles=408750 mismatch=0 overrun=0
-- tick=3271000 -- motion: cycles=3271000 mismatch=0 overrun=0 | io: cycles=408875 mismatch=0 overrun=0
-- tick=3272000 -- motion: cycles=3272000 mismatch=0 overrun=0 | io: cycles=409000 mismatch=0 overrun=0
-- tick=3273000 -- motion: cycles=3273000 mismatch=0 overrun=0 | io: cycles=409125 mismatch=0 overrun=0
-- tick=3274000 -- motion: cycles=3274000 mismatch=0 overrun=0 | io: cycles=409250 mismatch=0 overrun=0
-- tick=3275000 -- motion: cycles=3275000 mismatch=0 overrun=0 | io: cycles=409375 mismatch=0 overrun=0
-- tick=3276000 -- motion: cycles=3276000 mismatch=0 overrun=0 | io: cycles=409500 mismatch=0 overrun=0
-- tick=3277000 -- motion: cycles=3277000 mismatch=0 overrun=0 | io: cycles=409625 mismatch=0 overrun=0
-- tick=3278000 -- motion: cycles=3278000 mismatch=0 overrun=0 | io: cycles=409750 mismatch=0 overrun=0
-- tick=3279000 -- motion: cycles=3279000 mismatch=0 overrun=0 | io: cycles=409875 mismatch=0 overrun=0
-- tick=3280000 -- motion: cycles=3280000 mismatch=0 overrun=0 | io: cycles=410000 mismatch=0 overrun=0
-- tick=3281000 -- motion: cycles=3281000 mismatch=0 overrun=0 | io: cycles=410125 mismatch=0 overrun=0
-- tick=3282000 -- motion: cycles=3282000 mismatch=0 overrun=0 | io: cycles=410250 mismatch=0 overrun=0
-- tick=3283000 -- motion: cycles=3283000 mismatch=0 overrun=0 | io: cycles=410375 mismatch=0 overrun=0
-- tick=3284000 -- motion: cycles=3284000 mismatch=0 overrun=0 | io: cycles=410500 mismatch=0 overrun=0
-- tick=3285000 -- motion: cycles=3285000 mismatch=0 overrun=0 | io: cycles=410625 mismatch=0 overrun=0
-- tick=3286000 -- motion: cycles=3286000 mismatch=0 overrun=0 | io: cycles=410750 mismatch=0 overrun=0
-- tick=3287000 -- motion: cycles=3287000 mismatch=0 overrun=0 | io: cycles=410875 mismatch=0 overrun=0
-- tick=3288000 -- motion: cycles=3288000 mismatch=0 overrun=0 | io: cycles=411000 mismatch=0 overrun=0
-- tick=3289000 -- motion: cycles=3289000 mismatch=0 overrun=0 | io: cycles=411125 mismatch=0 overrun=0
-- tick=3290000 -- motion: cycles=3290000 mismatch=0 overrun=0 | io: cycles=411250 mismatch=0 overrun=0
-- tick=3291000 -- motion: cycles=3291000 mismatch=0 overrun=0 | io: cycles=411375 mismatch=0 overrun=0
-- tick=3292000 -- motion: cycles=3292000 mismatch=0 overrun=0 | io: cycles=411500 mismatch=0 overrun=0
-- tick=3293000 -- motion: cycles=3293000 mismatch=0 overrun=0 | io: cycles=411625 mismatch=0 overrun=0
-- tick=3294000 -- motion: cycles=3294000 mismatch=0 overrun=0 | io: cycles=411750 mismatch=0 overrun=0
-- tick=3295000 -- motion: cycles=3295000 mismatch=0 overrun=0 | io: cycles=411875 mismatch=0 overrun=0
-- tick=3296000 -- motion: cycles=3296000 mismatch=0 overrun=0 | io: cycles=412000 mismatch=0 overrun=0
-- tick=3297000 -- motion: cycles=3297000 mismatch=0 overrun=0 | io: cycles=412125 mismatch=0 overrun=0
-- tick=3298000 -- motion: cycles=3298000 mismatch=0 overrun=0 | io: cycles=412250 mismatch=0 overrun=0
-- tick=3299000 -- motion: cycles=3299000 mismatch=0 overrun=0 | io: cycles=412375 mismatch=0 overrun=0
-- tick=3300000 -- motion: cycles=3300000 mismatch=0 overrun=0 | io: cycles=412500 mismatch=0 overrun=0
-- tick=3301000 -- motion: cycles=3301000 mismatch=0 overrun=0 | io: cycles=412625 mismatch=0 overrun=0
-- tick=3302000 -- motion: cycles=3302000 mismatch=0 overrun=0 | io: cycles=412750 mismatch=0 overrun=0
-- tick=3303000 -- motion: cycles=3303000 mismatch=0 overrun=0 | io: cycles=412875 mismatch=0 overrun=0
-- tick=3304000 -- motion: cycles=3304000 mismatch=0 overrun=0 | io: cycles=413000 mismatch=0 overrun=0
-- tick=3305000 -- motion: cycles=3305000 mismatch=0 overrun=0 | io: cycles=413125 mismatch=0 overrun=0
-- tick=3306000 -- motion: cycles=3306000 mismatch=0 overrun=0 | io: cycles=413250 mismatch=0 overrun=0
-- tick=3307000 -- motion: cycles=3307000 mismatch=0 overrun=0 | io: cycles=413375 mismatch=0 overrun=0
-- tick=3308000 -- motion: cycles=3308000 mismatch=0 overrun=0 | io: cycles=413500 mismatch=0 overrun=0
-- tick=3309000 -- motion: cycles=3309000 mismatch=0 overrun=0 | io: cycles=413625 mismatch=0 overrun=0
-- tick=3310000 -- motion: cycles=3310000 mismatch=0 overrun=0 | io: cycles=413750 mismatch=0 overrun=0
-- tick=3311000 -- motion: cycles=3311000 mismatch=0 overrun=0 | io: cycles=413875 mismatch=0 overrun=0
-- tick=3312000 -- motion: cycles=3312000 mismatch=0 overrun=0 | io: cycles=414000 mismatch=0 overrun=0
-- tick=3313000 -- motion: cycles=3313000 mismatch=0 overrun=0 | io: cycles=414125 mismatch=0 overrun=0
-- tick=3314000 -- motion: cycles=3314000 mismatch=0 overrun=0 | io: cycles=414250 mismatch=0 overrun=0
-- tick=3315000 -- motion: cycles=3315000 mismatch=0 overrun=0 | io: cycles=414375 mismatch=0 overrun=0
-- tick=3316000 -- motion: cycles=3316000 mismatch=0 overrun=0 | io: cycles=414500 mismatch=0 overrun=0
-- tick=3317000 -- motion: cycles=3317000 mismatch=0 overrun=0 | io: cycles=414625 mismatch=0 overrun=0
-- tick=3318000 -- motion: cycles=3318000 mismatch=0 overrun=0 | io: cycles=414750 mismatch=0 overrun=0
-- tick=3319000 -- motion: cycles=3319000 mismatch=0 overrun=0 | io: cycles=414875 mismatch=0 overrun=0
-- tick=3320000 -- motion: cycles=3320000 mismatch=0 overrun=0 | io: cycles=415000 mismatch=0 overrun=0
-- tick=3321000 -- motion: cycles=3321000 mismatch=0 overrun=0 | io: cycles=415125 mismatch=0 overrun=0
-- tick=3322000 -- motion: cycles=3322000 mismatch=0 overrun=0 | io: cycles=415250 mismatch=0 overrun=0
-- tick=3323000 -- motion: cycles=3323000 mismatch=0 overrun=0 | io: cycles=415375 mismatch=0 overrun=0
-- tick=3324000 -- motion: cycles=3324000 mismatch=0 overrun=0 | io: cycles=415500 mismatch=0 overrun=0
-- tick=3325000 -- motion: cycles=3325000 mismatch=0 overrun=0 | io: cycles=415625 mismatch=0 overrun=0
-- tick=3326000 -- motion: cycles=3326000 mismatch=0 overrun=0 | io: cycles=415750 mismatch=0 overrun=0
-- tick=3327000 -- motion: cycles=3327000 mismatch=0 overrun=0 | io: cycles=415875 mismatch=0 overrun=0
-- tick=3328000 -- motion: cycles=3328000 mismatch=0 overrun=0 | io: cycles=416000 mismatch=0 overrun=0
-- tick=3329000 -- motion: cycles=3329000 mismatch=0 overrun=0 | io: cycles=416125 mismatch=0 overrun=0
-- tick=3330000 -- motion: cycles=3330000 mismatch=0 overrun=0 | io: cycles=416250 mismatch=0 overrun=0
-- tick=3331000 -- motion: cycles=3331000 mismatch=0 overrun=0 | io: cycles=416375 mismatch=0 overrun=0
-- tick=3332000 -- motion: cycles=3332000 mismatch=0 overrun=0 | io: cycles=416500 mismatch=0 overrun=0
-- tick=3333000 -- motion: cycles=3333000 mismatch=0 overrun=0 | io: cycles=416625 mismatch=0 overrun=0
-- tick=3334000 -- motion: cycles=3334000 mismatch=0 overrun=0 | io: cycles=416750 mismatch=0 overrun=0
-- tick=3335000 -- motion: cycles=3335000 mismatch=0 overrun=0 | io: cycles=416875 mismatch=0 overrun=0
-- tick=3336000 -- motion: cycles=3336000 mismatch=0 overrun=0 | io: cycles=417000 mismatch=0 overrun=0
-- tick=3337000 -- motion: cycles=3337000 mismatch=0 overrun=0 | io: cycles=417125 mismatch=0 overrun=0
-- tick=3338000 -- motion: cycles=3338000 mismatch=0 overrun=0 | io: cycles=417250 mismatch=0 overrun=0
-- tick=3339000 -- motion: cycles=3339000 mismatch=0 overrun=0 | io: cycles=417375 mismatch=0 overrun=0
-- tick=3340000 -- motion: cycles=3340000 mismatch=0 overrun=0 | io: cycles=417500 mismatch=0 overrun=0
-- tick=3341000 -- motion: cycles=3341000 mismatch=0 overrun=0 | io: cycles=417625 mismatch=0 overrun=0
-- tick=3342000 -- motion: cycles=3342000 mismatch=0 overrun=0 | io: cycles=417750 mismatch=0 overrun=0
-- tick=3343000 -- motion: cycles=3343000 mismatch=0 overrun=0 | io: cycles=417875 mismatch=0 overrun=0
-- tick=3344000 -- motion: cycles=3344000 mismatch=0 overrun=0 | io: cycles=418000 mismatch=0 overrun=0
-- tick=3345000 -- motion: cycles=3345000 mismatch=0 overrun=0 | io: cycles=418125 mismatch=0 overrun=0
-- tick=3346000 -- motion: cycles=3346000 mismatch=0 overrun=0 | io: cycles=418250 mismatch=0 overrun=0
-- tick=3347000 -- motion: cycles=3347000 mismatch=0 overrun=0 | io: cycles=418375 mismatch=0 overrun=0
-- tick=3348000 -- motion: cycles=3348000 mismatch=0 overrun=0 | io: cycles=418500 mismatch=0 overrun=0
-- tick=3349000 -- motion: cycles=3349000 mismatch=0 overrun=0 | io: cycles=418625 mismatch=0 overrun=0
-- tick=3350000 -- motion: cycles=3350000 mismatch=0 overrun=0 | io: cycles=418750 mismatch=0 overrun=0
-- tick=3351000 -- motion: cycles=3351000 mismatch=0 overrun=0 | io: cycles=418875 mismatch=0 overrun=0
-- tick=3352000 -- motion: cycles=3352000 mismatch=0 overrun=0 | io: cycles=419000 mismatch=0 overrun=0
-- tick=3353000 -- motion: cycles=3353000 mismatch=0 overrun=0 | io: cycles=419125 mismatch=0 overrun=0
-- tick=3354000 -- motion: cycles=3354000 mismatch=0 overrun=0 | io: cycles=419250 mismatch=0 overrun=0
-- tick=3355000 -- motion: cycles=3355000 mismatch=0 overrun=0 | io: cycles=419375 mismatch=0 overrun=0
-- tick=3356000 -- motion: cycles=3356000 mismatch=0 overrun=0 | io: cycles=419500 mismatch=0 overrun=0
-- tick=3357000 -- motion: cycles=3357000 mismatch=0 overrun=0 | io: cycles=419625 mismatch=0 overrun=0
-- tick=3358000 -- motion: cycles=3358000 mismatch=0 overrun=0 | io: cycles=419750 mismatch=0 overrun=0
-- tick=3359000 -- motion: cycles=3359000 mismatch=0 overrun=0 | io: cycles=419875 mismatch=0 overrun=0
-- tick=3360000 -- motion: cycles=3360000 mismatch=0 overrun=0 | io: cycles=420000 mismatch=0 overrun=0
-- tick=3361000 -- motion: cycles=3361000 mismatch=0 overrun=0 | io: cycles=420125 mismatch=0 overrun=0
-- tick=3362000 -- motion: cycles=3362000 mismatch=0 overrun=0 | io: cycles=420250 mismatch=0 overrun=0
-- tick=3363000 -- motion: cycles=3363000 mismatch=0 overrun=0 | io: cycles=420375 mismatch=0 overrun=0
-- tick=3364000 -- motion: cycles=3364000 mismatch=0 overrun=0 | io: cycles=420500 mismatch=0 overrun=0
-- tick=3365000 -- motion: cycles=3365000 mismatch=0 overrun=0 | io: cycles=420625 mismatch=0 overrun=0
-- tick=3366000 -- motion: cycles=3366000 mismatch=0 overrun=0 | io: cycles=420750 mismatch=0 overrun=0
-- tick=3367000 -- motion: cycles=3367000 mismatch=0 overrun=0 | io: cycles=420875 mismatch=0 overrun=0
-- tick=3368000 -- motion: cycles=3368000 mismatch=0 overrun=0 | io: cycles=421000 mismatch=0 overrun=0
-- tick=3369000 -- motion: cycles=3369000 mismatch=0 overrun=0 | io: cycles=421125 mismatch=0 overrun=0
-- tick=3370000 -- motion: cycles=3370000 mismatch=0 overrun=0 | io: cycles=421250 mismatch=0 overrun=0
-- tick=3371000 -- motion: cycles=3371000 mismatch=0 overrun=0 | io: cycles=421375 mismatch=0 overrun=0
-- tick=3372000 -- motion: cycles=3372000 mismatch=0 overrun=0 | io: cycles=421500 mismatch=0 overrun=0
-- tick=3373000 -- motion: cycles=3373000 mismatch=0 overrun=0 | io: cycles=421625 mismatch=0 overrun=0
-- tick=3374000 -- motion: cycles=3374000 mismatch=0 overrun=0 | io: cycles=421750 mismatch=0 overrun=0
-- tick=3375000 -- motion: cycles=3375000 mismatch=0 overrun=0 | io: cycles=421875 mismatch=0 overrun=0
-- tick=3376000 -- motion: cycles=3376000 mismatch=0 overrun=0 | io: cycles=422000 mismatch=0 overrun=0
-- tick=3377000 -- motion: cycles=3377000 mismatch=0 overrun=0 | io: cycles=422125 mismatch=0 overrun=0
-- tick=3378000 -- motion: cycles=3378000 mismatch=0 overrun=0 | io: cycles=422250 mismatch=0 overrun=0
-- tick=3379000 -- motion: cycles=3379000 mismatch=0 overrun=0 | io: cycles=422375 mismatch=0 overrun=0
-- tick=3380000 -- motion: cycles=3380000 mismatch=0 overrun=0 | io: cycles=422500 mismatch=0 overrun=0
-- tick=3381000 -- motion: cycles=3381000 mismatch=0 overrun=0 | io: cycles=422625 mismatch=0 overrun=0
-- tick=3382000 -- motion: cycles=3382000 mismatch=0 overrun=0 | io: cycles=422750 mismatch=0 overrun=0
-- tick=3383000 -- motion: cycles=3383000 mismatch=0 overrun=0 | io: cycles=422875 mismatch=0 overrun=0
-- tick=3384000 -- motion: cycles=3384000 mismatch=0 overrun=0 | io: cycles=423000 mismatch=0 overrun=0
-- tick=3385000 -- motion: cycles=3385000 mismatch=0 overrun=0 | io: cycles=423125 mismatch=0 overrun=0
-- tick=3386000 -- motion: cycles=3386000 mismatch=0 overrun=0 | io: cycles=423250 mismatch=0 overrun=0
-- tick=3387000 -- motion: cycles=3387000 mismatch=0 overrun=0 | io: cycles=423375 mismatch=0 overrun=0
-- tick=3388000 -- motion: cycles=3388000 mismatch=0 overrun=0 | io: cycles=423500 mismatch=0 overrun=0
-- tick=3389000 -- motion: cycles=3389000 mismatch=0 overrun=0 | io: cycles=423625 mismatch=0 overrun=0
-- tick=3390000 -- motion: cycles=3390000 mismatch=0 overrun=0 | io: cycles=423750 mismatch=0 overrun=0
-- tick=3391000 -- motion: cycles=3391000 mismatch=0 overrun=0 | io: cycles=423875 mismatch=0 overrun=0
-- tick=3392000 -- motion: cycles=3392000 mismatch=0 overrun=0 | io: cycles=424000 mismatch=0 overrun=0
-- tick=3393000 -- motion: cycles=3393000 mismatch=0 overrun=0 | io: cycles=424125 mismatch=0 overrun=0
-- tick=3394000 -- motion: cycles=3394000 mismatch=0 overrun=0 | io: cycles=424250 mismatch=0 overrun=0
-- tick=3395000 -- motion: cycles=3395000 mismatch=0 overrun=0 | io: cycles=424375 mismatch=0 overrun=0
-- tick=3396000 -- motion: cycles=3396000 mismatch=0 overrun=0 | io: cycles=424500 mismatch=0 overrun=0
-- tick=3397000 -- motion: cycles=3397000 mismatch=0 overrun=0 | io: cycles=424625 mismatch=0 overrun=0
-- tick=3398000 -- motion: cycles=3398000 mismatch=0 overrun=0 | io: cycles=424750 mismatch=0 overrun=0
-- tick=3399000 -- motion: cycles=3399000 mismatch=0 overrun=0 | io: cycles=424875 mismatch=0 overrun=0
-- tick=3400000 -- motion: cycles=3400000 mismatch=0 overrun=0 | io: cycles=425000 mismatch=0 overrun=0
-- tick=3401000 -- motion: cycles=3401000 mismatch=0 overrun=0 | io: cycles=425125 mismatch=0 overrun=0
-- tick=3402000 -- motion: cycles=3402000 mismatch=0 overrun=0 | io: cycles=425250 mismatch=0 overrun=0
-- tick=3403000 -- motion: cycles=3403000 mismatch=0 overrun=0 | io: cycles=425375 mismatch=0 overrun=0
-- tick=3404000 -- motion: cycles=3404000 mismatch=0 overrun=0 | io: cycles=425500 mismatch=0 overrun=0
-- tick=3405000 -- motion: cycles=3405000 mismatch=0 overrun=0 | io: cycles=425625 mismatch=0 overrun=0
-- tick=3406000 -- motion: cycles=3406000 mismatch=0 overrun=0 | io: cycles=425750 mismatch=0 overrun=0
-- tick=3407000 -- motion: cycles=3407000 mismatch=0 overrun=0 | io: cycles=425875 mismatch=0 overrun=0
-- tick=3408000 -- motion: cycles=3408000 mismatch=0 overrun=0 | io: cycles=426000 mismatch=0 overrun=0
-- tick=3409000 -- motion: cycles=3409000 mismatch=0 overrun=0 | io: cycles=426125 mismatch=0 overrun=0
-- tick=3410000 -- motion: cycles=3410000 mismatch=0 overrun=0 | io: cycles=426250 mismatch=0 overrun=0
-- tick=3411000 -- motion: cycles=3411000 mismatch=0 overrun=0 | io: cycles=426375 mismatch=0 overrun=0
-- tick=3412000 -- motion: cycles=3412000 mismatch=0 overrun=0 | io: cycles=426500 mismatch=0 overrun=0
-- tick=3413000 -- motion: cycles=3413000 mismatch=0 overrun=0 | io: cycles=426625 mismatch=0 overrun=0
-- tick=3414000 -- motion: cycles=3414000 mismatch=0 overrun=0 | io: cycles=426750 mismatch=0 overrun=0
-- tick=3415000 -- motion: cycles=3415000 mismatch=0 overrun=0 | io: cycles=426875 mismatch=0 overrun=0
-- tick=3416000 -- motion: cycles=3416000 mismatch=0 overrun=0 | io: cycles=427000 mismatch=0 overrun=0
-- tick=3417000 -- motion: cycles=3417000 mismatch=0 overrun=0 | io: cycles=427125 mismatch=0 overrun=0
-- tick=3418000 -- motion: cycles=3418000 mismatch=0 overrun=0 | io: cycles=427250 mismatch=0 overrun=0
-- tick=3419000 -- motion: cycles=3419000 mismatch=0 overrun=0 | io: cycles=427375 mismatch=0 overrun=0
-- tick=3420000 -- motion: cycles=3420000 mismatch=0 overrun=0 | io: cycles=427500 mismatch=0 overrun=0
-- tick=3421000 -- motion: cycles=3421000 mismatch=0 overrun=0 | io: cycles=427625 mismatch=0 overrun=0
-- tick=3422000 -- motion: cycles=3422000 mismatch=0 overrun=0 | io: cycles=427750 mismatch=0 overrun=0
-- tick=3423000 -- motion: cycles=3423000 mismatch=0 overrun=0 | io: cycles=427875 mismatch=0 overrun=0
-- tick=3424000 -- motion: cycles=3424000 mismatch=0 overrun=0 | io: cycles=428000 mismatch=0 overrun=0
-- tick=3425000 -- motion: cycles=3425000 mismatch=0 overrun=0 | io: cycles=428125 mismatch=0 overrun=0
-- tick=3426000 -- motion: cycles=3426000 mismatch=0 overrun=0 | io: cycles=428250 mismatch=0 overrun=0
-- tick=3427000 -- motion: cycles=3427000 mismatch=0 overrun=0 | io: cycles=428375 mismatch=0 overrun=0
-- tick=3428000 -- motion: cycles=3428000 mismatch=0 overrun=0 | io: cycles=428500 mismatch=0 overrun=0
-- tick=3429000 -- motion: cycles=3429000 mismatch=0 overrun=0 | io: cycles=428625 mismatch=0 overrun=0
-- tick=3430000 -- motion: cycles=3430000 mismatch=0 overrun=0 | io: cycles=428750 mismatch=0 overrun=0
-- tick=3431000 -- motion: cycles=3431000 mismatch=0 overrun=0 | io: cycles=428875 mismatch=0 overrun=0
-- tick=3432000 -- motion: cycles=3432000 mismatch=0 overrun=0 | io: cycles=429000 mismatch=0 overrun=0
-- tick=3433000 -- motion: cycles=3433000 mismatch=0 overrun=0 | io: cycles=429125 mismatch=0 overrun=0
-- tick=3434000 -- motion: cycles=3434000 mismatch=0 overrun=0 | io: cycles=429250 mismatch=0 overrun=0
-- tick=3435000 -- motion: cycles=3435000 mismatch=0 overrun=0 | io: cycles=429375 mismatch=0 overrun=0
-- tick=3436000 -- motion: cycles=3436000 mismatch=0 overrun=0 | io: cycles=429500 mismatch=0 overrun=0
-- tick=3437000 -- motion: cycles=3437000 mismatch=0 overrun=0 | io: cycles=429625 mismatch=0 overrun=0
-- tick=3438000 -- motion: cycles=3438000 mismatch=0 overrun=0 | io: cycles=429750 mismatch=0 overrun=0
-- tick=3439000 -- motion: cycles=3439000 mismatch=0 overrun=0 | io: cycles=429875 mismatch=0 overrun=0
-- tick=3440000 -- motion: cycles=3440000 mismatch=0 overrun=0 | io: cycles=430000 mismatch=0 overrun=0
-- tick=3441000 -- motion: cycles=3441000 mismatch=0 overrun=0 | io: cycles=430125 mismatch=0 overrun=0
-- tick=3442000 -- motion: cycles=3442000 mismatch=0 overrun=0 | io: cycles=430250 mismatch=0 overrun=0
-- tick=3443000 -- motion: cycles=3443000 mismatch=0 overrun=0 | io: cycles=430375 mismatch=0 overrun=0
-- tick=3444000 -- motion: cycles=3444000 mismatch=0 overrun=0 | io: cycles=430500 mismatch=0 overrun=0
-- tick=3445000 -- motion: cycles=3445000 mismatch=0 overrun=0 | io: cycles=430625 mismatch=0 overrun=0
-- tick=3446000 -- motion: cycles=3446000 mismatch=0 overrun=0 | io: cycles=430750 mismatch=0 overrun=0
-- tick=3447000 -- motion: cycles=3447000 mismatch=0 overrun=0 | io: cycles=430875 mismatch=0 overrun=0
-- tick=3448000 -- motion: cycles=3448000 mismatch=0 overrun=0 | io: cycles=431000 mismatch=0 overrun=0
-- tick=3449000 -- motion: cycles=3449000 mismatch=0 overrun=0 | io: cycles=431125 mismatch=0 overrun=0
-- tick=3450000 -- motion: cycles=3450000 mismatch=0 overrun=0 | io: cycles=431250 mismatch=0 overrun=0
-- tick=3451000 -- motion: cycles=3451000 mismatch=0 overrun=0 | io: cycles=431375 mismatch=0 overrun=0
-- tick=3452000 -- motion: cycles=3452000 mismatch=0 overrun=0 | io: cycles=431500 mismatch=0 overrun=0
-- tick=3453000 -- motion: cycles=3453000 mismatch=0 overrun=0 | io: cycles=431625 mismatch=0 overrun=0
-- tick=3454000 -- motion: cycles=3454000 mismatch=0 overrun=0 | io: cycles=431750 mismatch=0 overrun=0
-- tick=3455000 -- motion: cycles=3455000 mismatch=0 overrun=0 | io: cycles=431875 mismatch=0 overrun=0
-- tick=3456000 -- motion: cycles=3456000 mismatch=0 overrun=0 | io: cycles=432000 mismatch=0 overrun=0
-- tick=3457000 -- motion: cycles=3457000 mismatch=0 overrun=0 | io: cycles=432125 mismatch=0 overrun=0
-- tick=3458000 -- motion: cycles=3458000 mismatch=0 overrun=0 | io: cycles=432250 mismatch=0 overrun=0
-- tick=3459000 -- motion: cycles=3459000 mismatch=0 overrun=0 | io: cycles=432375 mismatch=0 overrun=0
-- tick=3460000 -- motion: cycles=3460000 mismatch=0 overrun=0 | io: cycles=432500 mismatch=0 overrun=0
-- tick=3461000 -- motion: cycles=3461000 mismatch=0 overrun=0 | io: cycles=432625 mismatch=0 overrun=0
-- tick=3462000 -- motion: cycles=3462000 mismatch=0 overrun=0 | io: cycles=432750 mismatch=0 overrun=0
-- tick=3463000 -- motion: cycles=3463000 mismatch=0 overrun=0 | io: cycles=432875 mismatch=0 overrun=0
-- tick=3464000 -- motion: cycles=3464000 mismatch=0 overrun=0 | io: cycles=433000 mismatch=0 overrun=0
-- tick=3465000 -- motion: cycles=3465000 mismatch=0 overrun=0 | io: cycles=433125 mismatch=0 overrun=0
-- tick=3466000 -- motion: cycles=3466000 mismatch=0 overrun=0 | io: cycles=433250 mismatch=0 overrun=0
-- tick=3467000 -- motion: cycles=3467000 mismatch=0 overrun=0 | io: cycles=433375 mismatch=0 overrun=0
-- tick=3468000 -- motion: cycles=3468000 mismatch=0 overrun=0 | io: cycles=433500 mismatch=0 overrun=0
-- tick=3469000 -- motion: cycles=3469000 mismatch=0 overrun=0 | io: cycles=433625 mismatch=0 overrun=0
-- tick=3470000 -- motion: cycles=3470000 mismatch=0 overrun=0 | io: cycles=433750 mismatch=0 overrun=0
-- tick=3471000 -- motion: cycles=3471000 mismatch=0 overrun=0 | io: cycles=433875 mismatch=0 overrun=0
-- tick=3472000 -- motion: cycles=3472000 mismatch=0 overrun=0 | io: cycles=434000 mismatch=0 overrun=0
-- tick=3473000 -- motion: cycles=3473000 mismatch=0 overrun=0 | io: cycles=434125 mismatch=0 overrun=0
-- tick=3474000 -- motion: cycles=3474000 mismatch=0 overrun=0 | io: cycles=434250 mismatch=0 overrun=0
-- tick=3475000 -- motion: cycles=3475000 mismatch=0 overrun=0 | io: cycles=434375 mismatch=0 overrun=0
-- tick=3476000 -- motion: cycles=3476000 mismatch=0 overrun=0 | io: cycles=434500 mismatch=0 overrun=0
-- tick=3477000 -- motion: cycles=3477000 mismatch=0 overrun=0 | io: cycles=434625 mismatch=0 overrun=0
-- tick=3478000 -- motion: cycles=3478000 mismatch=0 overrun=0 | io: cycles=434750 mismatch=0 overrun=0
-- tick=3479000 -- motion: cycles=3479000 mismatch=0 overrun=0 | io: cycles=434875 mismatch=0 overrun=0
-- tick=3480000 -- motion: cycles=3480000 mismatch=0 overrun=0 | io: cycles=435000 mismatch=0 overrun=0
-- tick=3481000 -- motion: cycles=3481000 mismatch=0 overrun=0 | io: cycles=435125 mismatch=0 overrun=0
-- tick=3482000 -- motion: cycles=3482000 mismatch=0 overrun=0 | io: cycles=435250 mismatch=0 overrun=0
-- tick=3483000 -- motion: cycles=3483000 mismatch=0 overrun=0 | io: cycles=435375 mismatch=0 overrun=0
-- tick=3484000 -- motion: cycles=3484000 mismatch=0 overrun=0 | io: cycles=435500 mismatch=0 overrun=0
-- tick=3485000 -- motion: cycles=3485000 mismatch=0 overrun=0 | io: cycles=435625 mismatch=0 overrun=0
-- tick=3486000 -- motion: cycles=3486000 mismatch=0 overrun=0 | io: cycles=435750 mismatch=0 overrun=0
-- tick=3487000 -- motion: cycles=3487000 mismatch=0 overrun=0 | io: cycles=435875 mismatch=0 overrun=0
-- tick=3488000 -- motion: cycles=3488000 mismatch=0 overrun=0 | io: cycles=436000 mismatch=0 overrun=0
-- tick=3489000 -- motion: cycles=3489000 mismatch=0 overrun=0 | io: cycles=436125 mismatch=0 overrun=0
-- tick=3490000 -- motion: cycles=3490000 mismatch=0 overrun=0 | io: cycles=436250 mismatch=0 overrun=0
-- tick=3491000 -- motion: cycles=3491000 mismatch=0 overrun=0 | io: cycles=436375 mismatch=0 overrun=0
-- tick=3492000 -- motion: cycles=3492000 mismatch=0 overrun=0 | io: cycles=436500 mismatch=0 overrun=0
-- tick=3493000 -- motion: cycles=3493000 mismatch=0 overrun=0 | io: cycles=436625 mismatch=0 overrun=0
-- tick=3494000 -- motion: cycles=3494000 mismatch=0 overrun=0 | io: cycles=436750 mismatch=0 overrun=0
-- tick=3495000 -- motion: cycles=3495000 mismatch=0 overrun=0 | io: cycles=436875 mismatch=0 overrun=0
-- tick=3496000 -- motion: cycles=3496000 mismatch=0 overrun=0 | io: cycles=437000 mismatch=0 overrun=0
-- tick=3497000 -- motion: cycles=3497000 mismatch=0 overrun=0 | io: cycles=437125 mismatch=0 overrun=0
-- tick=3498000 -- motion: cycles=3498000 mismatch=0 overrun=0 | io: cycles=437250 mismatch=0 overrun=0
-- tick=3499000 -- motion: cycles=3499000 mismatch=0 overrun=0 | io: cycles=437375 mismatch=0 overrun=0
-- tick=3500000 -- motion: cycles=3500000 mismatch=0 overrun=0 | io: cycles=437500 mismatch=0 overrun=0
-- tick=3501000 -- motion: cycles=3501000 mismatch=0 overrun=0 | io: cycles=437625 mismatch=0 overrun=0
-- tick=3502000 -- motion: cycles=3502000 mismatch=0 overrun=0 | io: cycles=437750 mismatch=0 overrun=0
-- tick=3503000 -- motion: cycles=3503000 mismatch=0 overrun=0 | io: cycles=437875 mismatch=0 overrun=0
-- tick=3504000 -- motion: cycles=3504000 mismatch=0 overrun=0 | io: cycles=438000 mismatch=0 overrun=0
-- tick=3505000 -- motion: cycles=3505000 mismatch=0 overrun=0 | io: cycles=438125 mismatch=0 overrun=0
-- tick=3506000 -- motion: cycles=3506000 mismatch=0 overrun=0 | io: cycles=438250 mismatch=0 overrun=0
-- tick=3507000 -- motion: cycles=3507000 mismatch=0 overrun=0 | io: cycles=438375 mismatch=0 overrun=0
-- tick=3508000 -- motion: cycles=3508000 mismatch=0 overrun=0 | io: cycles=438500 mismatch=0 overrun=0
-- tick=3509000 -- motion: cycles=3509000 mismatch=0 overrun=0 | io: cycles=438625 mismatch=0 overrun=0
-- tick=3510000 -- motion: cycles=3510000 mismatch=0 overrun=0 | io: cycles=438750 mismatch=0 overrun=0
-- tick=3511000 -- motion: cycles=3511000 mismatch=0 overrun=0 | io: cycles=438875 mismatch=0 overrun=0
-- tick=3512000 -- motion: cycles=3512000 mismatch=0 overrun=0 | io: cycles=439000 mismatch=0 overrun=0
-- tick=3513000 -- motion: cycles=3513000 mismatch=0 overrun=0 | io: cycles=439125 mismatch=0 overrun=0
-- tick=3514000 -- motion: cycles=3514000 mismatch=0 overrun=0 | io: cycles=439250 mismatch=0 overrun=0
-- tick=3515000 -- motion: cycles=3515000 mismatch=0 overrun=0 | io: cycles=439375 mismatch=0 overrun=0
-- tick=3516000 -- motion: cycles=3516000 mismatch=0 overrun=0 | io: cycles=439500 mismatch=0 overrun=0
-- tick=3517000 -- motion: cycles=3517000 mismatch=0 overrun=0 | io: cycles=439625 mismatch=0 overrun=0
-- tick=3518000 -- motion: cycles=3518000 mismatch=0 overrun=0 | io: cycles=439750 mismatch=0 overrun=0
-- tick=3519000 -- motion: cycles=3519000 mismatch=0 overrun=0 | io: cycles=439875 mismatch=0 overrun=0
-- tick=3520000 -- motion: cycles=3520000 mismatch=0 overrun=0 | io: cycles=440000 mismatch=0 overrun=0
-- tick=3521000 -- motion: cycles=3521000 mismatch=0 overrun=0 | io: cycles=440125 mismatch=0 overrun=0
-- tick=3522000 -- motion: cycles=3522000 mismatch=0 overrun=0 | io: cycles=440250 mismatch=0 overrun=0
-- tick=3523000 -- motion: cycles=3523000 mismatch=0 overrun=0 | io: cycles=440375 mismatch=0 overrun=0
-- tick=3524000 -- motion: cycles=3524000 mismatch=0 overrun=0 | io: cycles=440500 mismatch=0 overrun=0
-- tick=3525000 -- motion: cycles=3525000 mismatch=0 overrun=0 | io: cycles=440625 mismatch=0 overrun=0
-- tick=3526000 -- motion: cycles=3526000 mismatch=0 overrun=0 | io: cycles=440750 mismatch=0 overrun=0
-- tick=3527000 -- motion: cycles=3527000 mismatch=0 overrun=0 | io: cycles=440875 mismatch=0 overrun=0
-- tick=3528000 -- motion: cycles=3528000 mismatch=0 overrun=0 | io: cycles=441000 mismatch=0 overrun=0
-- tick=3529000 -- motion: cycles=3529000 mismatch=0 overrun=0 | io: cycles=441125 mismatch=0 overrun=0
-- tick=3530000 -- motion: cycles=3530000 mismatch=0 overrun=0 | io: cycles=441250 mismatch=0 overrun=0
-- tick=3531000 -- motion: cycles=3531000 mismatch=0 overrun=0 | io: cycles=441375 mismatch=0 overrun=0
-- tick=3532000 -- motion: cycles=3532000 mismatch=0 overrun=0 | io: cycles=441500 mismatch=0 overrun=0
-- tick=3533000 -- motion: cycles=3533000 mismatch=0 overrun=0 | io: cycles=441625 mismatch=0 overrun=0
-- tick=3534000 -- motion: cycles=3534000 mismatch=0 overrun=0 | io: cycles=441750 mismatch=0 overrun=0
-- tick=3535000 -- motion: cycles=3535000 mismatch=0 overrun=0 | io: cycles=441875 mismatch=0 overrun=0
-- tick=3536000 -- motion: cycles=3536000 mismatch=0 overrun=0 | io: cycles=442000 mismatch=0 overrun=0
-- tick=3537000 -- motion: cycles=3537000 mismatch=0 overrun=0 | io: cycles=442125 mismatch=0 overrun=0
-- tick=3538000 -- motion: cycles=3538000 mismatch=0 overrun=0 | io: cycles=442250 mismatch=0 overrun=0
-- tick=3539000 -- motion: cycles=3539000 mismatch=0 overrun=0 | io: cycles=442375 mismatch=0 overrun=0
-- tick=3540000 -- motion: cycles=3540000 mismatch=0 overrun=0 | io: cycles=442500 mismatch=0 overrun=0
-- tick=3541000 -- motion: cycles=3541000 mismatch=0 overrun=0 | io: cycles=442625 mismatch=0 overrun=0
-- tick=3542000 -- motion: cycles=3542000 mismatch=0 overrun=0 | io: cycles=442750 mismatch=0 overrun=0
-- tick=3543000 -- motion: cycles=3543000 mismatch=0 overrun=0 | io: cycles=442875 mismatch=0 overrun=0
-- tick=3544000 -- motion: cycles=3544000 mismatch=0 overrun=0 | io: cycles=443000 mismatch=0 overrun=0
-- tick=3545000 -- motion: cycles=3545000 mismatch=0 overrun=0 | io: cycles=443125 mismatch=0 overrun=0
-- tick=3546000 -- motion: cycles=3546000 mismatch=0 overrun=0 | io: cycles=443250 mismatch=0 overrun=0
-- tick=3547000 -- motion: cycles=3547000 mismatch=0 overrun=0 | io: cycles=443375 mismatch=0 overrun=0
-- tick=3548000 -- motion: cycles=3548000 mismatch=0 overrun=0 | io: cycles=443500 mismatch=0 overrun=0
-- tick=3549000 -- motion: cycles=3549000 mismatch=0 overrun=0 | io: cycles=443625 mismatch=0 overrun=0
-- tick=3550000 -- motion: cycles=3550000 mismatch=0 overrun=0 | io: cycles=443750 mismatch=0 overrun=0
-- tick=3551000 -- motion: cycles=3551000 mismatch=0 overrun=0 | io: cycles=443875 mismatch=0 overrun=0
-- tick=3552000 -- motion: cycles=3552000 mismatch=0 overrun=0 | io: cycles=444000 mismatch=0 overrun=0
-- tick=3553000 -- motion: cycles=3553000 mismatch=0 overrun=0 | io: cycles=444125 mismatch=0 overrun=0
-- tick=3554000 -- motion: cycles=3554000 mismatch=0 overrun=0 | io: cycles=444250 mismatch=0 overrun=0
-- tick=3555000 -- motion: cycles=3555000 mismatch=0 overrun=0 | io: cycles=444375 mismatch=0 overrun=0
-- tick=3556000 -- motion: cycles=3556000 mismatch=0 overrun=0 | io: cycles=444500 mismatch=0 overrun=0
-- tick=3557000 -- motion: cycles=3557000 mismatch=0 overrun=0 | io: cycles=444625 mismatch=0 overrun=0
-- tick=3558000 -- motion: cycles=3558000 mismatch=0 overrun=0 | io: cycles=444750 mismatch=0 overrun=0
-- tick=3559000 -- motion: cycles=3559000 mismatch=0 overrun=0 | io: cycles=444875 mismatch=0 overrun=0
-- tick=3560000 -- motion: cycles=3560000 mismatch=0 overrun=0 | io: cycles=445000 mismatch=0 overrun=0
-- tick=3561000 -- motion: cycles=3561000 mismatch=0 overrun=0 | io: cycles=445125 mismatch=0 overrun=0
-- tick=3562000 -- motion: cycles=3562000 mismatch=0 overrun=0 | io: cycles=445250 mismatch=0 overrun=0
-- tick=3563000 -- motion: cycles=3563000 mismatch=0 overrun=0 | io: cycles=445375 mismatch=0 overrun=0
-- tick=3564000 -- motion: cycles=3564000 mismatch=0 overrun=0 | io: cycles=445500 mismatch=0 overrun=0
-- tick=3565000 -- motion: cycles=3565000 mismatch=0 overrun=0 | io: cycles=445625 mismatch=0 overrun=0
-- tick=3566000 -- motion: cycles=3566000 mismatch=0 overrun=0 | io: cycles=445750 mismatch=0 overrun=0
-- tick=3567000 -- motion: cycles=3567000 mismatch=0 overrun=0 | io: cycles=445875 mismatch=0 overrun=0
-- tick=3568000 -- motion: cycles=3568000 mismatch=0 overrun=0 | io: cycles=446000 mismatch=0 overrun=0
-- tick=3569000 -- motion: cycles=3569000 mismatch=0 overrun=0 | io: cycles=446125 mismatch=0 overrun=0
-- tick=3570000 -- motion: cycles=3570000 mismatch=0 overrun=0 | io: cycles=446250 mismatch=0 overrun=0
-- tick=3571000 -- motion: cycles=3571000 mismatch=0 overrun=0 | io: cycles=446375 mismatch=0 overrun=0
-- tick=3572000 -- motion: cycles=3572000 mismatch=0 overrun=0 | io: cycles=446500 mismatch=0 overrun=0
-- tick=3573000 -- motion: cycles=3573000 mismatch=0 overrun=0 | io: cycles=446625 mismatch=0 overrun=0
-- tick=3574000 -- motion: cycles=3574000 mismatch=0 overrun=0 | io: cycles=446750 mismatch=0 overrun=0
-- tick=3575000 -- motion: cycles=3575000 mismatch=0 overrun=0 | io: cycles=446875 mismatch=0 overrun=0
-- tick=3576000 -- motion: cycles=3576000 mismatch=0 overrun=0 | io: cycles=447000 mismatch=0 overrun=0
-- tick=3577000 -- motion: cycles=3577000 mismatch=0 overrun=0 | io: cycles=447125 mismatch=0 overrun=0
-- tick=3578000 -- motion: cycles=3578000 mismatch=0 overrun=0 | io: cycles=447250 mismatch=0 overrun=0
-- tick=3579000 -- motion: cycles=3579000 mismatch=0 overrun=0 | io: cycles=447375 mismatch=0 overrun=0
-- tick=3580000 -- motion: cycles=3580000 mismatch=0 overrun=0 | io: cycles=447500 mismatch=0 overrun=0
-- tick=3581000 -- motion: cycles=3581000 mismatch=0 overrun=0 | io: cycles=447625 mismatch=0 overrun=0
-- tick=3582000 -- motion: cycles=3582000 mismatch=0 overrun=0 | io: cycles=447750 mismatch=0 overrun=0
-- tick=3583000 -- motion: cycles=3583000 mismatch=0 overrun=0 | io: cycles=447875 mismatch=0 overrun=0
-- tick=3584000 -- motion: cycles=3584000 mismatch=0 overrun=0 | io: cycles=448000 mismatch=0 overrun=0
-- tick=3585000 -- motion: cycles=3585000 mismatch=0 overrun=0 | io: cycles=448125 mismatch=0 overrun=0
-- tick=3586000 -- motion: cycles=3586000 mismatch=0 overrun=0 | io: cycles=448250 mismatch=0 overrun=0
-- tick=3587000 -- motion: cycles=3587000 mismatch=0 overrun=0 | io: cycles=448375 mismatch=0 overrun=0
-- tick=3588000 -- motion: cycles=3588000 mismatch=0 overrun=0 | io: cycles=448500 mismatch=0 overrun=0
-- tick=3589000 -- motion: cycles=3589000 mismatch=0 overrun=0 | io: cycles=448625 mismatch=0 overrun=0
-- tick=3590000 -- motion: cycles=3590000 mismatch=0 overrun=0 | io: cycles=448750 mismatch=0 overrun=0
-- tick=3591000 -- motion: cycles=3591000 mismatch=0 overrun=0 | io: cycles=448875 mismatch=0 overrun=0
-- tick=3592000 -- motion: cycles=3592000 mismatch=0 overrun=0 | io: cycles=449000 mismatch=0 overrun=0
-- tick=3593000 -- motion: cycles=3593000 mismatch=0 overrun=0 | io: cycles=449125 mismatch=0 overrun=0
-- tick=3594000 -- motion: cycles=3594000 mismatch=0 overrun=0 | io: cycles=449250 mismatch=0 overrun=0
-- tick=3595000 -- motion: cycles=3595000 mismatch=0 overrun=0 | io: cycles=449375 mismatch=0 overrun=0
-- tick=3596000 -- motion: cycles=3596000 mismatch=0 overrun=0 | io: cycles=449500 mismatch=0 overrun=0
-- tick=3597000 -- motion: cycles=3597000 mismatch=0 overrun=0 | io: cycles=449625 mismatch=0 overrun=0
-- tick=3598000 -- motion: cycles=3598000 mismatch=0 overrun=0 | io: cycles=449750 mismatch=0 overrun=0
-- tick=3599000 -- motion: cycles=3599000 mismatch=0 overrun=0 | io: cycles=449875 mismatch=0 overrun=0
-- tick=3600000 -- motion: cycles=3600000 mismatch=0 overrun=0 | io: cycles=450000 mismatch=0 overrun=0

=== Final stats after 3600001 motion ticks ===
  [GROUP_MOTION] cycles=3600001 wkc_mismatch=0 (0.0000%) overrun=0 (0.0000%)
  [GROUP_IO] cycles=450001 wkc_mismatch=0 (0.0000%) overrun=0 (0.0000%)
